symbol,watch,start,peak,gain,days,push_pre,push_pre_base,push_pre_rules,push_lag_h,push_done,push_left,push_rules,uppush_pre,uppush_pre_base,uppush_pre_rules,uppush_lag_h,uppush_done,uppush_left,uppush_rules,fire_pre,fire_pre_base,fire_pre_rules,fire_lag_h,fire_done,fire_left,fire_rules,t30_h,t50_h,start_utc,peak_utc
AAVE,True,1741057200000,1741226400000,0.26633083622566484,1.9583333333333333,True,0.5241379310344828,SHOCK,9.0,0.38151655903073334,0.15724079308743963,OI_TREND;SHOCK;LS_EXT,True,0.23979885057471265,SHOCK,9.0,0.38151655903073334,0.15724079308743963,OI_TREND;SHOCK;LS_EXT,True,0.5993534482758621,,9.0,0.38151655903073334,0.15724079308743963,OI_TREND;SHOCK;LS_EXT,9.0,12.0,2025-03-04 03:00:00,2025-03-06 02:00:00
AAVE,True,1744822800000,1745712000000,0.20665343681203172,10.291666666666666,False,0.5241379310344828,,0.0,0.0,0.20665343681203172,SHOCK,False,0.23979885057471265,,,,,,False,0.5993534482758621,,0.0,0.0,0.20665343681203172,SHOCK,72.0,152.0,2025-04-16 17:00:00,2025-04-27 00:00:00
AAVE,True,1746018000000,1747389600000,0.40633559189196605,15.875,False,0.5241379310344828,,24.0,0.23342390993641354,0.2987377438917066,RESID,False,0.23979885057471265,,24.0,0.23342390993641354,0.2987377438917066,RESID,True,0.5993534482758621,,0.0,0.0,0.40633559189196605,LS_EXT,80.0,199.0,2025-04-30 13:00:00,2025-05-16 10:00:00
AAVE,True,1747627200000,1747720800000,0.22572671748765466,1.0833333333333333,True,0.5241379310344828,FUND_COLD,2.0,0.004567796137629133,0.22458768721122424,FUND_COLD,False,0.23979885057471265,,19.0,0.6042684675913277,0.08387738685345907,OI_TREND;RESID,True,0.5993534482758621,,0.0,0.0,0.22572671748765466,FUND_COLD,12.0,19.0,2025-05-19 04:00:00,2025-05-20 06:00:00
AAVE,True,1748844000000,1749654000000,0.2552808744177248,9.375,False,0.5241379310344828,,53.0,0.48653414309660875,0.12382861763012414,COIL,False,0.23979885057471265,,195.0,0.7418676405453417,0.06044518514432263,RESID,False,0.5993534482758621,,53.0,0.48653414309660875,0.12382861763012414,COIL,25.0,52.0,2025-06-02 06:00:00,2025-06-11 15:00:00
AAVE,True,1750626000000,1752649200000,0.2926693069382989,23.416666666666668,True,0.5241379310344828,SHOCK,1.0,0.1171352646506056,0.254377705740573,SHOCK,False,0.23979885057471265,,1.0,0.1171352646506056,0.254377705740573,SHOCK,True,0.5993534482758621,,1.0,0.1171352646506056,0.254377705740573,SHOCK,22.0,31.0,2025-06-22 21:00:00,2025-07-16 07:00:00
AAVE,True,1754157600000,1755147600000,0.2549070051832416,11.458333333333334,True,0.5241379310344828,FUND_COLD;SHORT_CROWD,46.0,0.25793387953426455,0.18352186472799012,FUND_COLD,False,0.23979885057471265,,158.0,0.6850657073311087,0.07412829425627766,OI_TREND,True,0.5993534482758621,,17.0,0.12488061885245465,0.21982315515073897,LS_EXT,114.0,143.0,2025-08-02 18:00:00,2025-08-14 05:00:00
AAVE,True,1755626400000,1755954000000,0.3034003283674531,3.7916666666666665,False,0.5241379310344828,,13.0,0.1238149131114558,0.261332177486379,FUND_COLD,False,0.23979885057471265,,26.0,0.2302918488859146,0.22624243391701132,SHORT_COVER,False,0.5993534482758621,,13.0,0.1238149131114558,0.261332177486379,FUND_COLD,48.0,71.0,2025-08-19 18:00:00,2025-08-23 13:00:00
AAVE,True,1763308800000,1765616400000,0.2419749472145963,26.708333333333332,True,0.5241379310344828,OI_FLUSH,96.0,0.14582067818140806,0.20334245138455387,SHOCK,False,0.23979885057471265,,323.0,0.6929965497209327,0.06879143591490117,SHOCK,True,0.5993534482758621,,96.0,0.14582067818140806,0.20334245138455387,SHOCK,52.0,195.0,2025-11-16 16:00:00,2025-12-13 09:00:00
AAVE,True,1769882400000,1771344000000,0.20825764217017975,16.916666666666668,True,0.5241379310344828,FUND_COLD;SHOCK;SHORT_CROWD,45.0,0.2423548131154488,0.15411155216946051,FUND_COLD,False,0.23979885057471265,,73.0,0.4189759970842812,0.11618625713410846,RESID;SHOCK,True,0.5993534482758621,,0.0,0.0,0.20825764217017975,FUND_COLD;SHORT_CROWD,73.0,293.0,2026-01-31 18:00:00,2026-02-17 16:00:00
AAVE,True,1775808000000,1776423600000,0.24429568749931066,7.125,True,0.5241379310344828,OI_FLUSH,41.0,0.048203826968051026,0.23125473977827854,SHOCK,True,0.23979885057471265,SHORT_COVER,67.0,0.3006455462588192,0.16515912196430327,RESID,True,0.5993534482758621,,41.0,0.048203826968051026,0.23125473977827854,SHOCK,67.0,126.0,2026-04-10 08:00:00,2026-04-17 11:00:00
AAVE,True,1780718400000,1782565200000,0.663524138585595,21.375,True,0.5241379310344828,OI_DIV;RESID;VOL;SHORT_CROWD,1.0,0.05853263401523416,0.6146994273489327,OI_DIV;RESID;SHOCK;VOL;SHORT_CROWD,True,0.23979885057471265,OI_DIV;FUND_COLD;RESID;SHOCK;VOL;SHORT_CROWD,1.0,0.05853263401523416,0.6146994273489327,OI_DIV;RESID;SHOCK;VOL;SHORT_CROWD,True,0.5993534482758621,,0.0,0.0,0.663524138585595,OI_DIV;RESID;VOL;SHORT_CROWD,226.0,443.0,2026-06-06 04:00:00,2026-06-27 13:00:00
AAVE,True,1787292000000,1787547600000,0.4072314938230292,2.9583333333333335,True,0.5241379310344828,OI_DIV,1.0,0.1282074408449679,0.34692675307381365,OI_DIV;SHOCK,True,0.23979885057471265,SHOCK;LS_EXT,1.0,0.1282074408449679,0.34692675307381365,OI_DIV;SHOCK,True,0.5993534482758621,,0.0,0.0,0.4072314938230292,OI_DIV,14.0,18.0,2026-08-21 06:00:00,2026-08-24 05:00:00
AAVE,True,1789578000000,1790690400000,0.38209024212386056,12.875,False,0.5241379310344828,,165.0,0.3293281677589471,0.24237815185814285,SHOCK,False,0.23979885057471265,,188.0,0.34320020667770795,0.23681367653409752,SHOCK,False,0.5993534482758621,,165.0,0.3293281677589471,0.24237815185814285,SHOCK,24.0,57.0,2026-09-16 17:00:00,2026-09-29 14:00:00
ADA,False,1751400000000,1753099200000,0.5264880205058474,19.666666666666668,True,0.1613505747126437,OI_DIV;RESID;SHORT_CROWD,4.0,0.012166505448446384,0.5186527945837902,OI_DIV;FUND_COLD;SHORT_CROWD,False,0.0841235632183908,,232.0,0.5117886599614103,0.22936600934338466,RESID;SHOCK;VOL;LS_EXT,True,0.6046695402298851,,0.0,0.0,0.5264880205058474,OI_DIV;SHORT_CROWD,218.0,232.0,2025-07-01 20:00:00,2025-07-21 12:00:00
ADA,False,1754157600000,1755151200000,0.36307653480955887,11.5,False,0.1613505747126437,,275.0,0.9201690344067724,0.02503543916217311,OI_TREND;RESID,False,0.0841235632183908,,275.0,0.9201690344067724,0.02503543916217311,OI_TREND;RESID,True,0.6046695402298851,,93.0,0.1543728253159203,0.29943323939599514,FUND_COLD,126.0,249.0,2025-08-02 18:00:00,2025-08-14 06:00:00
ADA,False,1767232800000,1767708000000,0.20383545749557078,5.5,True,0.1613505747126437,OI_DIV;FUND_COLD;SHORT_CROWD,5.0,0.07690965961412141,0.1867814246671669,FUND_COLD;SHORT_CROWD,False,0.0841235632183908,,17.0,0.3680493611026826,0.12438346359443739,SHORT_COVER;RESID,True,0.6046695402298851,,0.0,0.0,0.20383545749557078,OI_DIV;FUND_COLD;SHORT_CROWD,17.0,37.0,2026-01-01 02:00:00,2026-01-06 14:00:00
ADA,False,1769878800000,1772053200000,0.246063230180225,25.166666666666668,True,0.1613505747126437,OI_DIV;RESID,0.0,0.0,0.246063230180225,OI_DIV;SHOCK,False,0.0841235632183908,,126.0,0.3572291733053664,0.1518883254296198,OI_TREND;SHORT_CROWD,True,0.6046695402298851,,0.0,0.0,0.246063230180225,OI_DIV;SHOCK,70.0,331.0,2026-01-31 17:00:00,2026-02-25 21:00:00
ADA,False,1782327600000,1783184400000,0.34354902971652906,9.916666666666666,True,0.1613505747126437,OI_DIV;LS_EXT,,,,,False,0.0841235632183908,,,,,,True,0.6046695402298851,,0.0,0.0,0.34354902971652906,LS_EXT,159.0,199.0,2026-06-24 19:00:00,2026-07-04 17:00:00
ADA,False,1785189600000,1786028400000,0.33433899500297093,9.708333333333334,False,0.1613505747126437,,0.0,0.0,0.33433899500297093,SHOCK;SHORT_CROWD,False,0.0841235632183908,,28.0,0.2359804879498164,0.2465388094853988,SHORT_COVER;SHOCK,True,0.6046695402298851,,0.0,0.0,0.33433899500297093,SHOCK;SHORT_CROWD,64.0,124.0,2026-07-27 22:00:00,2026-08-06 15:00:00
ADA,False,1787151600000,1787371200000,0.23878420568149095,2.5416666666666665,False,0.1613505747126437,,59.0,0.7772430332208896,0.0488549472750225,RESID;SHOCK;LS_EXT,False,0.0841235632183908,,59.0,0.7772430332208896,0.0488549472750225,RESID;SHOCK;LS_EXT,True,0.6046695402298851,,6.0,0.19220454948229404,0.18883469394833413,SHOCK,36.0,55.0,2026-08-19 15:00:00,2026-08-22 04:00:00
ADA,False,1789570800000,1790384400000,0.23551165389852788,9.416666666666666,False,0.1613505747126437,,1.0,0.03330404384606828,0.22684013420169555,OI_DIV;SHORT_CROWD,False,0.0841235632183908,,,,,,True,0.6046695402298851,,0.0,0.0,0.23551165389852788,OI_DIV,34.0,58.0,2026-09-16 15:00:00,2026-09-26 01:00:00
AERO,False,1744023600000,1744462800000,0.47221527830300336,5.083333333333333,True,0.22801724137931034,RESID;SHORT_CROWD,1.0,0.0672549505449304,0.43441367715041707,OI_DIV;SHOCK;SHORT_CROWD,True,0.13225574712643678,FUND_COLD;SHOCK,1.0,0.0672549505449304,0.43441367715041707,OI_DIV;SHOCK;SHORT_CROWD,True,0.6609195402298851,,0.0,0.0,0.47221527830300336,RESID;SHORT_CROWD,14.0,56.0,2025-04-07 11:00:00,2025-04-12 13:00:00
AERO,False,1745298000000,1745650800000,0.5536553336675444,4.083333333333333,False,0.22801724137931034,,,,,,False,0.13225574712643678,,,,,,False,0.6609195402298851,,31.0,0.44906057092013274,0.2747494648450771,RESID,21.0,38.0,2025-04-22 05:00:00,2025-04-26 07:00:00
AERO,False,1746018000000,1746093600000,0.25845856164671194,0.875,False,0.22801724137931034,,,,,,False,0.13225574712643678,,,,,,False,0.6609195402298851,,0.0,0.0,0.25845856164671194,SHOCK,12.0,18.0,2025-04-30 13:00:00,2025-05-01 10:00:00
AERO,False,1746536400000,1746777600000,0.27023619764946,2.7916666666666665,False,0.22801724137931034,,,,,,False,0.13225574712643678,,,,,,True,0.6609195402298851,,50.0,0.7973084495847738,0.04967899637273646,SHOCK,37.0,41.0,2025-05-06 13:00:00,2025-05-09 08:00:00
AERO,False,1749726000000,1750093200000,0.5668916564766274,4.25,True,0.22801724137931034,OI_TREND;RESID,8.0,0.3076356253466025,0.3647026444620827,OI_TREND;RESID;SHOCK;VOL,True,0.13225574712643678,OI_TREND;RESID,8.0,0.3076356253466025,0.3647026444620827,OI_TREND;RESID;SHOCK;VOL,True,0.6609195402298851,,7.0,0.14112283820529511,0.4706675681798174,OI_TREND,8.0,12.0,2025-06-12 11:00:00,2025-06-16 17:00:00
AERO,False,1750176000000,1750305600000,0.33726266951865447,1.5,False,0.22801724137931034,,24.0,0.5399687828550593,0.1430457990765143,FUND_COLD;RESID,False,0.13225574712643678,,24.0,0.5399687828550593,0.1430457990765143,FUND_COLD;RESID,False,0.6609195402298851,,2.0,0.19579932829731095,0.26329149400804647,SHOCK,13.0,21.0,2025-06-17 16:00:00,2025-06-19 04:00:00
AERO,False,1751904000000,1752692400000,0.3463874541152432,9.125,False,0.22801724137931034,,,,,,False,0.13225574712643678,,,,,,False,0.6609195402298851,,217.0,0.9816521958613094,0.0054720135587682656,SHOCK,77.0,155.0,2025-07-07 16:00:00,2025-07-16 19:00:00
AERO,False,1754420400000,1754784000000,0.6760536426704539,4.208333333333333,False,0.22801724137931034,,65.0,0.36571056764268317,0.3875973246154056,FUND_HOT;RESID;LONG_CROWD,False,0.13225574712643678,,65.0,0.36571056764268317,0.3875973246154056,FUND_HOT;RESID;LONG_CROWD,True,0.6609195402298851,,50.0,0.2802321476877595,0.45022447512310054,RESID,51.0,70.0,2025-08-05 19:00:00,2025-08-10 00:00:00
AERO,False,1754949600000,1755417600000,0.34243074339047525,5.416666666666667,True,0.22801724137931034,FUND_HOT;VOL;LS_EXT,,,,,False,0.13225574712643678,,,,,,True,0.6609195402298851,,14.0,0.2547857165069931,0.2453942687874588,SHOCK,17.0,32.0,2025-08-11 22:00:00,2025-08-17 08:00:00
AERO,False,1755644400000,1755871200000,0.24074680910153343,2.625,False,0.22801724137931034,,53.0,0.5471357611457561,0.10261972171035565,OI_DIV;FUND_COLD;SHORT_CROWD,False,0.13225574712643678,,,,,,False,0.6609195402298851,,49.0,0.7477889557176367,0.05591249572481358,SHOCK,6.0,20.0,2025-08-19 23:00:00,2025-08-22 14:00:00
AERO,False,1761166800000,1761876000000,0.44082895020431273,8.208333333333334,False,0.22801724137931034,,178.0,0.9036353438243729,0.03582081001543246,RESID;SHORT_CROWD,False,0.13225574712643678,,178.0,0.9036353438243729,0.03582081001543246,RESID;SHORT_CROWD,True,0.6609195402298851,,65.0,0.36083945471649437,0.2629286187169332,RESID,65.0,69.0,2025-10-22 21:00:00,2025-10-31 02:00:00
AERO,False,1762282800000,1762862400000,0.5407852391164799,6.708333333333333,False,0.22801724137931034,,151.0,0.9980546916871469,0.0008412952657360577,OI_TREND;SHOCK,False,0.13225574712643678,,151.0,0.9980546916871469,0.0008412952657360577,OI_TREND;SHOCK,True,0.6609195402298851,,75.0,0.5160363283794207,0.2327084144879649,OI_TREND,22.0,75.0,2025-11-04 19:00:00,2025-11-11 12:00:00
AERO,False,1767240000000,1767704400000,0.4453192265443556,5.375,True,0.22801724137931034,RESID;SHORT_CROWD,13.0,0.3266403414611634,0.2814839058802811,OI_TREND;RESID,False,0.13225574712643678,,13.0,0.3266403414611634,0.2814839058802811,OI_TREND;RESID,True,0.6609195402298851,,0.0,0.0,0.4453192265443556,OI_DIV,12.0,31.0,2026-01-01 04:00:00,2026-01-06 13:00:00
AERO,False,1771192800000,1772089200000,0.27117826073156787,10.375,False,0.22801724137931034,,1.0,0.026276215520626964,0.2631889146286433,OI_FLUSH;RESID,False,0.13225574712643678,,221.0,0.5362128530026637,0.11771123254938111,RESID;SHORT_CROWD,True,0.6609195402298851,,0.0,0.0,0.27117826073156787,RESID,58.0,209.0,2026-02-15 22:00:00,2026-02-26 07:00:00
AERO,False,1775520000000,1775908800000,0.2339443877991235,4.5,False,0.22801724137931034,,,,,,False,0.13225574712643678,,,,,,False,0.6609195402298851,,22.0,0.16353709716051537,0.19224462116137309,SHOCK,40.0,70.0,2026-04-07 00:00:00,2026-04-11 12:00:00
AERO,False,1776196800000,1776441600000,0.22512324332091135,2.8333333333333335,False,0.22801724137931034,,66.0,0.6928910928796927,0.06434100872990135,OI_TREND;RESID,False,0.13225574712643678,,66.0,0.6928910928796927,0.06434100872990135,OI_TREND;RESID,True,0.6609195402298851,,46.0,0.3668081679235783,0.137194409781586,SHOCK,46.0,48.0,2026-04-14 20:00:00,2026-04-17 16:00:00
AERO,False,1776808800000,1777431600000,0.29335601769427344,7.208333333333333,False,0.22801724137931034,,18.0,0.28947106886743573,0.2005463555723872,OI_TREND;SHORT_CROWD,False,0.13225574712643678,,18.0,0.28947106886743573,0.2005463555723872,OI_TREND;SHORT_CROWD,False,0.6609195402298851,,9.0,0.1884539900138119,0.23215223357435044,SHORT_CROWD,22.0,41.0,2026-04-21 22:00:00,2026-04-29 03:00:00
AERO,False,1778122800000,1778497200000,0.20886536174185186,4.333333333333333,False,0.22801724137931034,,,,,,False,0.13225574712643678,,,,,,False,0.6609195402298851,,35.0,0.10489217930837362,0.1850512499474324,COIL,48.0,50.0,2026-05-07 03:00:00,2026-05-11 11:00:00
AERO,False,1779127200000,1779451200000,0.22229935913988463,3.75,False,0.22801724137931034,,3.0,0.308382206434614,0.14892999676055294,OI_DIV;SHOCK,False,0.13225574712643678,,3.0,0.308382206434614,0.14892999676055294,OI_DIV;SHOCK,False,0.6609195402298851,,3.0,0.308382206434614,0.14892999676055294,OI_DIV;SHOCK,3.0,68.0,2026-05-18 18:00:00,2026-05-22 12:00:00
AERO,False,1780718400000,1781715600000,0.5401255396013975,11.541666666666666,False,0.22801724137931034,,209.0,0.22923464444428232,0.3949600227697186,SHOCK;SHORT_CROWD,False,0.13225574712643678,,209.0,0.22923464444428232,0.3949600227697186,SHOCK;SHORT_CROWD,True,0.6609195402298851,,67.0,0.12554765152796324,0.4588441292059975,FUND_COLD,217.0,225.0,2026-06-06 04:00:00,2026-06-17 17:00:00
AERO,False,1781755200000,1782183600000,0.3236342093661569,4.958333333333333,True,0.22801724137931034,OI_TREND;VOL;LS_EXT,9.0,0.15682297589698282,0.2666947353281994,OI_FLUSH;SHOCK,True,0.13225574712643678,OI_TREND;VOL;LS_EXT,66.0,0.8397195944546895,0.04596468509765893,OI_TREND;RESID,True,0.6609195402298851,,0.0,0.0,0.3236342093661569,VOL;LS_EXT,8.0,58.0,2026-06-18 04:00:00,2026-06-23 03:00:00
AERO,False,1782774000000,1783425600000,0.25314606873350703,7.541666666666667,False,0.22801724137931034,,,,,,False,0.13225574712643678,,,,,,False,0.6609195402298851,,39.0,0.2875499512380435,0.1744142524232593,LS_EXT,24.0,86.0,2026-06-29 23:00:00,2026-07-07 12:00:00
AERO,False,1788364800000,1788836400000,0.43635524088553057,5.458333333333333,False,0.22801724137931034,,5.0,0.02575245909435329,0.4230232100643302,FUND_COLD;SHORT_CROWD,False,0.13225574712643678,,122.0,0.7157133988147671,0.1084278791976568,OI_TREND;RESID;SHOCK,True,0.6609195402298851,,0.0,0.0,0.43635524088553057,FUND_COLD,73.0,118.0,2026-09-02 16:00:00,2026-09-08 03:00:00
AERO,False,1789567200000,1790420400000,0.6049012433059632,9.875,False,0.22801724137931034,,218.0,0.8157756938042949,0.09105984643886031,OI_TREND;RESID;SHOCK,False,0.13225574712643678,,218.0,0.8157756938042949,0.09105984643886031,OI_TREND;RESID;SHOCK,False,0.6609195402298851,,22.0,0.21664642319294433,0.4485672800789246,SHOCK,39.0,210.0,2026-09-16 14:00:00,2026-09-26 11:00:00
AKE,False,1760421600000,1760562000000,0.45907354712390464,1.625,False,0.2138239097214059,,39.0,1.0,0.0,FUND_HOT;RESID;SHOCK;LONG_CROWD,False,0.15305042905842248,,39.0,1.0,0.0,FUND_HOT;RESID;SHOCK;LONG_CROWD,False,0.5376748560009404,,38.0,0.5088169334902632,0.2039042131126094,FUND_HOT,35.0,38.0,2025-10-14 06:00:00,2025-10-15 21:00:00
AKE,False,1761091200000,1761228000000,0.21184999801660467,1.5833333333333333,False,0.2138239097214059,,,,,,False,0.15305042905842248,,,,,,False,0.5376748560009404,,,,,,26.0,33.0,2025-10-22 00:00:00,2025-10-23 14:00:00
AKE,False,1763366400000,1763449200000,0.6842633720239892,0.9583333333333334,False,0.2138239097214059,,21.0,0.510624587060357,0.29062326418736356,OI_TREND;RESID;SHOCK,False,0.15305042905842248,,21.0,0.510624587060357,0.29062326418736356,OI_TREND;RESID;SHOCK,False,0.5376748560009404,,21.0,0.510624587060357,0.29062326418736356,OI_TREND;RESID;SHOCK,20.0,21.0,2025-11-17 08:00:00,2025-11-18 07:00:00
AKE,False,1763553600000,1763604000000,0.43423537262479694,0.5833333333333334,True,0.2138239097214059,RESID;SHOCK;VOL,14.0,1.0,0.0,RESID;VOL;LS_EXT,True,0.15305042905842248,RESID;SHOCK;VOL,14.0,1.0,0.0,RESID;VOL;LS_EXT,True,0.5376748560009404,,0.0,0.0,0.43423537262479694,VOL,5.0,9.0,2025-11-19 12:00:00,2025-11-20 02:00:00
AKE,False,1763611200000,1763643600000,0.3120457924485129,0.375,True,0.2138239097214059,RESID;VOL;LS_EXT,4.0,0.5067132822590856,0.14335914971334626,SHORT_COVER;VOL,True,0.15305042905842248,RESID;VOL;LS_EXT,4.0,0.5067132822590856,0.14335914971334626,SHORT_COVER;VOL,True,0.5376748560009404,,0.0,0.0,0.3120457924485129,VOL,1.0,1.0,2025-11-20 04:00:00,2025-11-20 13:00:00
AKE,False,1763906400000,1764010800000,0.20609403750509295,1.2083333333333333,False,0.2138239097214059,,,,,,False,0.15305042905842248,,,,,,False,0.5376748560009404,,,,,,7.0,12.0,2025-11-23 14:00:00,2025-11-24 19:00:00
AKE,False,1764169200000,1764226800000,0.3151957024445092,0.6666666666666666,False,0.2138239097214059,,,,,,False,0.15305042905842248,,,,,,True,0.5376748560009404,,11.0,0.6173433191125658,0.11053554673986758,SHOCK,11.0,11.0,2025-11-26 15:00:00,2025-11-27 07:00:00
AKE,False,1764576000000,1764687600000,0.26974428222660973,1.2916666666666667,False,0.2138239097214059,,,,,,False,0.15305042905842248,,,,,,False,0.5376748560009404,,31.0,1.0,0.0,SHOCK,14.0,31.0,2025-12-01 08:00:00,2025-12-02 15:00:00
AKE,False,1764961200000,1765130400000,0.28237140082470197,1.9583333333333333,False,0.2138239097214059,,,,,,False,0.15305042905842248,,,,,,False,0.5376748560009404,,44.0,0.4609639665554621,0.14346623023484334,FUND_HOT,25.0,45.0,2025-12-05 19:00:00,2025-12-07 18:00:00
AKE,False,1766044800000,1766116800000,0.31772645333090527,0.8333333333333334,False,0.2138239097214059,,19.0,0.8863359477585423,0.031857737496281485,OI_TREND;RESID,False,0.15305042905842248,,19.0,0.8863359477585423,0.031857737496281485,OI_TREND;RESID,True,0.5376748560009404,,17.0,0.8052165655597561,0.05521261989643828,OI_TREND,4.0,6.0,2025-12-18 08:00:00,2025-12-19 04:00:00
AKE,False,1766131200000,1766253600000,0.2383236733670003,1.4166666666666667,True,0.2138239097214059,OI_TREND;RESID,,,,,True,0.15305042905842248,OI_TREND;RESID,,,,,True,0.5376748560009404,,0.0,0.0,0.2383236733670003,OI_TREND,25.0,31.0,2025-12-19 08:00:00,2025-12-20 18:00:00
AKE,False,1766314800000,1766394000000,0.2697683707595058,0.9166666666666666,False,0.2138239097214059,,,,,,False,0.15305042905842248,,,,,,True,0.5376748560009404,,5.0,0.25455129410510974,0.19487176250045263,RESID,6.0,7.0,2025-12-21 11:00:00,2025-12-22 09:00:00
AKE,False,1766602800000,1766912400000,0.30403689379378773,3.5833333333333335,False,0.2138239097214059,,,,,,False,0.15305042905842248,,,,,,False,0.5376748560009404,,85.0,0.8963507651307586,0.027897258384767306,SHOCK,13.0,14.0,2025-12-24 19:00:00,2025-12-28 09:00:00
AKE,False,1767373200000,1767722400000,0.27972886671991776,4.041666666666667,False,0.2138239097214059,,,,,,False,0.15305042905842248,,,,,,False,0.5376748560009404,,10.0,0.08547607033436026,0.2530313692798958,FUND_HOT,59.0,87.0,2026-01-02 17:00:00,2026-01-06 18:00:00
AKE,False,1767754800000,1767888000000,0.2923076322687113,1.5416666666666667,True,0.2138239097214059,RESID;LONG_CROWD,23.0,0.7764752344117377,0.05899287649524448,FUND_HOT;RESID;LONG_CROWD,True,0.15305042905842248,RESID;LONG_CROWD,23.0,0.7764752344117377,0.05899287649524448,FUND_HOT;RESID;LONG_CROWD,True,0.5376748560009404,,8.0,0.27189092590939634,0.20527605629329873,FUND_HOT,11.0,14.0,2026-01-07 03:00:00,2026-01-08 16:00:00
AKE,False,1769367600000,1769832000000,0.23763294806155563,5.375,False,0.2138239097214059,,,,,,False,0.15305042905842248,,,,,,True,0.5376748560009404,,49.0,0.2914222948623386,0.16307716579186327,SHOCK,52.0,112.0,2026-01-25 19:00:00,2026-01-31 04:00:00
AKE,False,1770562800000,1770962400000,0.7241138923188972,4.625,True,0.2138239097214059,OI_DIV;LS_EXT,109.0,0.7634602233796794,0.1375153274457859,OI_TREND;RESID;SHOCK,False,0.15305042905842248,,109.0,0.7634602233796794,0.1375153274457859,OI_TREND;RESID;SHOCK,True,0.5376748560009404,,94.0,0.5061634330895096,0.3086542418447455,RESID;SHOCK,82.0,94.0,2026-02-08 15:00:00,2026-02-13 06:00:00
AKE,False,1771488000000,1771869600000,0.35725035504142044,4.416666666666667,False,0.2138239097214059,,106.0,1.0,0.0,OI_TREND;RESID;SHOCK,False,0.15305042905842248,,106.0,1.0,0.0,OI_TREND;RESID;SHOCK,False,0.5376748560009404,,96.0,0.3957240464753619,0.20271638127299954,SHOCK,42.0,99.0,2026-02-19 08:00:00,2026-02-23 18:00:00
AKE,False,1771898400000,1771970400000,0.6500273415595295,0.8333333333333334,True,0.2138239097214059,FUND_HOT;RESID;LONG_CROWD,17.0,0.750677717397656,0.132988202362888,OI_TREND;RESID;SHOCK,True,0.15305042905842248,FUND_HOT;RESID;LONG_CROWD,17.0,0.750677717397656,0.132988202362888,OI_TREND;RESID;SHOCK,True,0.5376748560009404,,4.0,0.15113050488259772,0.5297539905923114,RESID,15.0,16.0,2026-02-24 02:00:00,2026-02-24 22:00:00
AKE,False,1771977600000,1772035200000,0.2337343251979818,0.6666666666666666,True,0.2138239097214059,OI_TREND;FUND_HOT;RESID;VOL;LONG_CROWD,4.0,0.49684197165864463,0.111472967421441,OI_TREND;VOL,True,0.15305042905842248,OI_TREND;FUND_HOT;RESID;VOL;LONG_CROWD,4.0,0.49684197165864463,0.111472967421441,OI_TREND;VOL,True,0.5376748560009404,,0.0,0.0,0.2337343251979818,FUND_HOT;SHOCK;VOL;LONG_CROWD,2.0,5.0,2026-02-25 00:00:00,2026-02-25 16:00:00
AKE,False,1772672400000,1772740800000,0.26414320247621115,0.7916666666666666,False,0.2138239097214059,,,,,,False,0.15305042905842248,,,,,,False,0.5376748560009404,,13.0,0.7365346852203069,0.0637015382822542,SHOCK,13.0,13.0,2026-03-05 01:00:00,2026-03-05 20:00:00
AKE,False,1772859600000,1772870400000,0.5799880849763787,0.125,False,0.2138239097214059,,2.0,0.8748847232651459,0.058899215727323186,OI_TREND;RESID;SHOCK,False,0.15305042905842248,,2.0,0.8748847232651459,0.058899215727323186,OI_TREND;RESID;SHOCK,True,0.5376748560009404,,0.0,0.0,0.5799880849763787,OI_DIV,1.0,1.0,2026-03-07 05:00:00,2026-03-07 08:00:00
AKE,False,1773691200000,1773932400000,0.2693222711711181,2.7916666666666665,False,0.2138239097214059,,,,,,False,0.15305042905842248,,,,,,False,0.5376748560009404,,,,,,15.0,52.0,2026-03-16 20:00:00,2026-03-19 15:00:00
AKE,False,1774918800000,1775174400000,0.4064893865550519,2.9583333333333335,False,0.2138239097214059,,,,,,False,0.15305042905842248,,,,,,False,0.5376748560009404,,67.0,0.8360845521855922,0.057503598954374215,RESID,46.0,60.0,2026-03-31 01:00:00,2026-04-03 00:00:00
AKE,False,1775203200000,1775376000000,0.2908195986097116,2.0,False,0.2138239097214059,,,,,,False,0.15305042905842248,,,,,,True,0.5376748560009404,,24.0,0.7525312706709137,0.06521128056311744,RESID,7.0,17.0,2026-04-03 08:00:00,2026-04-05 08:00:00
AKE,False,1775653200000,1775905200000,1.9079237067439063,2.9166666666666665,False,0.2138239097214059,,27.0,0.17368281140950215,1.4158313228541362,OI_TREND;RESID,False,0.15305042905842248,,27.0,0.17368281140950215,1.4158313228541362,OI_TREND;RESID,False,0.5376748560009404,,14.0,0.06104066542295645,1.7244923496822258,SHOCK,28.0,31.0,2026-04-08 13:00:00,2026-04-11 11:00:00
AKE,False,1775934000000,1775955600000,0.2241620412633392,0.25,True,0.2138239097214059,SHORT_COVER;VOL,2.0,0.5346763341355275,0.09868582921411599,SHORT_COVER;SHOCK;VOL,True,0.15305042905842248,SHORT_COVER;VOL,2.0,0.5346763341355275,0.09868582921411599,SHORT_COVER;SHOCK;VOL,True,0.5376748560009404,,0.0,0.0,0.2241620412633392,SHORT_COVER;VOL,2.0,2.0,2026-04-11 19:00:00,2026-04-12 01:00:00
AKE,False,1775959200000,1776002400000,0.6063788954776471,0.5,True,0.2138239097214059,SHORT_COVER;SHOCK;VOL,0.0,0.0,0.6063788954776471,OI_FLUSH;SHOCK;VOL;LS_EXT,True,0.15305042905842248,SHORT_COVER;SHOCK;VOL,1.0,0.39789823825340137,0.3302750241154793,SHORT_COVER;FUND_HOT;SHOCK;VOL;LS_EXT,True,0.5376748560009404,,0.0,0.0,0.6063788954776471,OI_FLUSH;SHOCK;VOL;LS_EXT,1.0,3.0,2026-04-12 02:00:00,2026-04-12 14:00:00
AKE,False,1776121200000,1776146400000,0.5056970860928679,0.2916666666666667,True,0.2138239097214059,FUND_HOT;RESID;LS_EXT,4.0,0.8904003820120695,0.04587546275542038,FUND_HOT;SHOCK;LONG_CROWD,True,0.15305042905842248,FUND_HOT;RESID;LS_EXT,4.0,0.8904003820120695,0.04587546275542038,FUND_HOT;SHOCK;LONG_CROWD,True,0.5376748560009404,,3.0,0.4404069534579942,0.257363157101852,SHOCK,3.0,4.0,2026-04-13 23:00:00,2026-04-14 06:00:00
AKE,False,1776182400000,1776236400000,0.4004727790904518,0.625,True,0.2138239097214059,FUND_HOT;SHOCK;LONG_CROWD,,,,,True,0.15305042905842248,FUND_HOT;SHOCK;LONG_CROWD,,,,,True,0.5376748560009404,,0.0,0.0,0.4004727790904518,SHOCK,3.0,10.0,2026-04-14 16:00:00,2026-04-15 07:00:00
AKE,False,1776254400000,1776304800000,0.6863690734226011,0.5833333333333334,True,0.2138239097214059,FUND_HOT;SHOCK;LONG_CROWD,,,,,True,0.15305042905842248,FUND_HOT;SHOCK;LONG_CROWD,,,,,True,0.5376748560009404,,14.0,1.0,0.0,RESID;SHOCK,13.0,14.0,2026-04-15 12:00:00,2026-04-16 02:00:00
AKE,False,1776438000000,1776488400000,0.6269656468797634,0.5833333333333334,True,0.2138239097214059,OI_DIV;FUND_HOT;RESID;LS_EXT,,,,,True,0.15305042905842248,SHORT_COVER;FUND_COLD,,,,,True,0.5376748560009404,,0.0,0.0,0.6269656468797634,LS_EXT,1.0,12.0,2026-04-17 15:00:00,2026-04-18 05:00:00
AKE,False,1776535200000,1776553200000,0.2502146407272064,0.20833333333333334,True,0.2138239097214059,FUND_HOT;SHOCK;LS_EXT,,,,,False,0.15305042905842248,,,,,,True,0.5376748560009404,,0.0,0.0,0.2502146407272064,LS_EXT,1.0,1.0,2026-04-18 18:00:00,2026-04-18 23:00:00
AKE,False,1777489200000,1777554000000,0.3645778603167632,0.75,False,0.2138239097214059,,,,,,False,0.15305042905842248,,,,,,False,0.5376748560009404,,3.0,0.5594831291775936,0.1467507631655743,SHOCK,3.0,3.0,2026-04-29 19:00:00,2026-04-30 13:00:00
AKE,False,1778198400000,1778565600000,0.41766336250118863,4.25,False,0.2138239097214059,,,,,,False,0.15305042905842248,,,,,,False,0.5376748560009404,,16.0,0.11061464325517656,0.36397656828206665,FUND_HOT,57.0,85.0,2026-05-08 00:00:00,2026-05-12 06:00:00
AKE,False,1778785200000,1778911200000,0.3284315364178923,1.4583333333333333,False,0.2138239097214059,,,,,,False,0.15305042905842248,,,,,,False,0.5376748560009404,,18.0,0.5769056381659723,0.12767541011661349,OI_TREND,9.0,17.0,2026-05-14 19:00:00,2026-05-16 06:00:00
AKE,False,1779220800000,1779505200000,0.2597006116425662,3.2916666666666665,False,0.2138239097214059,,,,,,False,0.15305042905842248,,,,,,False,0.5376748560009404,,,,,,42.0,56.0,2026-05-19 20:00:00,2026-05-23 03:00:00
AKE,False,1779868800000,1780502400000,0.24330460507389148,7.333333333333333,False,0.2138239097214059,,,,,,False,0.15305042905842248,,,,,,False,0.5376748560009404,,,,,,6.0,26.0,2026-05-27 08:00:00,2026-06-03 16:00:00
AKE,False,1781409600000,1781679600000,0.46416637470618877,3.125,False,0.2138239097214059,,24.0,0.32468086456867556,0.29367857356495697,FUND_HOT;LONG_CROWD;LS_EXT,False,0.15305042905842248,,24.0,0.32468086456867556,0.29367857356495697,FUND_HOT;LONG_CROWD;LS_EXT,True,0.5376748560009404,,0.0,0.0,0.46416637470618877,LS_EXT,20.0,53.0,2026-06-14 04:00:00,2026-06-17 07:00:00
AKE,False,1781820000000,1782003600000,0.32958114724270365,2.125,True,0.2138239097214059,FUND_HOT;RESID;LONG_CROWD,45.0,0.7008340627924973,0.08895834800474262,FUND_HOT;RESID,True,0.15305042905842248,FUND_HOT;RESID;LONG_CROWD,45.0,0.7008340627924973,0.08895834800474262,FUND_HOT;RESID,True,0.5376748560009404,,0.0,0.0,0.32958114724270365,FUND_HOT,31.0,34.0,2026-06-18 22:00:00,2026-06-21 01:00:00
AKE,False,1782248400000,1782324000000,0.22662773234902478,0.875,True,0.2138239097214059,OI_DIV;COIL,,,,,False,0.15305042905842248,,,,,,True,0.5376748560009404,,0.0,0.0,0.22662773234902478,FUND_HOT,14.0,18.0,2026-06-23 21:00:00,2026-06-24 18:00:00
AKE,False,1782781200000,1783101600000,0.34020450250393325,3.7083333333333335,False,0.2138239097214059,,78.0,0.6081828099735621,0.12157368824802679,OI_TREND;SHOCK,False,0.15305042905842248,,78.0,0.6081828099735621,0.12157368824802679,OI_TREND;SHOCK,True,0.5376748560009404,,0.0,0.0,0.34020450250393325,LS_EXT,36.0,78.0,2026-06-30 01:00:00,2026-07-03 18:00:00
AKE,False,1784077200000,1784102400000,2.54828580763587,0.2916666666666667,False,0.2138239097214059,,4.0,0.4834513477274678,0.9235849190546381,OI_TREND;RESID;SHOCK;VOL,False,0.15305042905842248,,4.0,0.4834513477274678,0.9235849190546381,OI_TREND;RESID;SHOCK;VOL,False,0.5376748560009404,,3.0,0.2568863463382646,1.562868522710169,SHOCK,4.0,5.0,2026-07-15 01:00:00,2026-07-15 08:00:00
AKE,False,1784113200000,1784124000000,0.5392657101608361,0.125,True,0.2138239097214059,OI_TREND;FUND_HOT;RESID;SHOCK;VOL;LONG_CROWD;LS_EXT,,,,,True,0.15305042905842248,OI_TREND;FUND_HOT;RESID;SHOCK;VOL;LONG_CROWD;LS_EXT,,,,,True,0.5376748560009404,,0.0,0.0,0.5392657101608361,OI_TREND;FUND_HOT;RESID;VOL;LONG_CROWD;LS_EXT,1.0,1.0,2026-07-15 11:00:00,2026-07-15 14:00:00
AKE,False,1784138400000,1784221200000,0.7794284236716388,0.9583333333333334,True,0.2138239097214059,OI_TREND;RESID;VOL;LS_EXT,4.0,0.10990777068106514,0.6702164206054777,OI_TREND;RESID;VOL,True,0.15305042905842248,OI_TREND;RESID;VOL;LS_EXT,4.0,0.10990777068106514,0.6702164206054777,OI_TREND;RESID;VOL,True,0.5376748560009404,,0.0,0.0,0.7794284236716388,OI_TREND;RESID;VOL,8.0,12.0,2026-07-15 18:00:00,2026-07-16 17:00:00
AKE,False,1784260800000,1784318400000,0.837705380038534,0.6666666666666666,True,0.2138239097214059,OI_TREND;RESID;VOL,,,,,True,0.15305042905842248,OI_TREND;RESID;VOL,,,,,True,0.5376748560009404,,0.0,0.0,0.837705380038534,VOL,4.0,8.0,2026-07-17 04:00:00,2026-07-17 20:00:00
AKE,False,1784332800000,1784354400000,0.3232893084339257,0.25,False,0.2138239097214059,,3.0,0.45490541291396824,0.16496633384071255,FUND_HOT;VOL,False,0.15305042905842248,,,,,,True,0.5376748560009404,,0.0,0.0,0.3232893084339257,VOL,3.0,4.0,2026-07-18 00:00:00,2026-07-18 06:00:00
AKE,False,1784365200000,1784419200000,0.26896499931748463,0.625,True,0.2138239097214059,FUND_HOT;VOL,0.0,0.0,0.26896499931748463,FUND_HOT;SHOCK;VOL,False,0.15305042905842248,,,,,,True,0.5376748560009404,,0.0,0.0,0.26896499931748463,FUND_HOT;SHOCK;VOL,1.0,1.0,2026-07-18 09:00:00,2026-07-19 00:00:00
AKE,False,1784757600000,1784826000000,0.5353009995757639,0.7916666666666666,False,0.2138239097214059,,,,,,False,0.15305042905842248,,,,,,False,0.5376748560009404,,18.0,0.9914539735184372,0.003670627933051651,SHOCK,10.0,15.0,2026-07-22 22:00:00,2026-07-23 17:00:00
AKE,False,1784858400000,1784890800000,0.34387698608930384,0.375,False,0.2138239097214059,,,,,,False,0.15305042905842248,,,,,,True,0.5376748560009404,,0.0,0.0,0.34387698608930384,FUND_COLD,3.0,5.0,2026-07-24 02:00:00,2026-07-24 11:00:00
AKE,False,1784901600000,1784912400000,0.2009302093991548,0.125,False,0.2138239097214059,,2.0,0.6828050481261996,0.05979687628967366,SHORT_COVER;FUND_COLD;LS_EXT,False,0.15305042905842248,,2.0,0.6828050481261996,0.05979687628967366,SHORT_COVER;FUND_COLD;LS_EXT,True,0.5376748560009404,,0.0,0.0,0.2009302093991548,SHORT_COVER,2.0,2.0,2026-07-24 14:00:00,2026-07-24 17:00:00
AKE,False,1784923200000,1784988000000,0.3355025828417557,0.75,True,0.2138239097214059,SHORT_COVER;FUND_COLD;LS_EXT,3.0,0.18743793596273794,0.26501053693946536,SHORT_COVER;FUND_COLD;LS_EXT,True,0.15305042905842248,SHORT_COVER;FUND_COLD;LS_EXT,3.0,0.18743793596273794,0.26501053693946536,SHORT_COVER;FUND_COLD;LS_EXT,True,0.5376748560009404,,0.0,0.0,0.3355025828417557,SHORT_COVER;FUND_COLD;LS_EXT,9.0,9.0,2026-07-24 20:00:00,2026-07-25 14:00:00
AKE,False,1785078000000,1785186000000,0.6354747800630033,1.25,True,0.2138239097214059,SHORT_COVER;FUND_COLD;LS_EXT,15.0,0.7984438548051761,0.10423429482802905,SHORT_COVER;SHOCK,True,0.15305042905842248,SHORT_COVER;FUND_COLD;LS_EXT,15.0,0.7984438548051761,0.10423429482802905,SHORT_COVER;SHOCK,True,0.5376748560009404,,15.0,0.7984438548051761,0.10423429482802905,SHORT_COVER;SHOCK,11.0,15.0,2026-07-26 15:00:00,2026-07-27 21:00:00
AKE,False,1785193200000,1785236400000,0.21512436335831256,0.5,True,0.2138239097214059,SHORT_COVER;SHOCK,,,,,True,0.15305042905842248,SHORT_COVER;SHOCK,,,,,True,0.5376748560009404,,0.0,0.0,0.21512436335831256,SHORT_COVER,1.0,2.0,2026-07-27 23:00:00,2026-07-28 11:00:00
AKE,False,1785312000000,1785333600000,0.29304322494556123,0.25,False,0.2138239097214059,,,,,,False,0.15305042905842248,,,,,,True,0.5376748560009404,,,,,,1.0,3.0,2026-07-29 08:00:00,2026-07-29 14:00:00
AKE,False,1785348000000,1785412800000,0.27282301101721684,0.75,False,0.2138239097214059,,,,,,False,0.15305042905842248,,,,,,True,0.5376748560009404,,,,,,2.0,6.0,2026-07-29 18:00:00,2026-07-30 12:00:00
AKE,False,1785564000000,1785628800000,0.6557362186890954,0.75,False,0.2138239097214059,,,,,,False,0.15305042905842248,,,,,,False,0.5376748560009404,,,,,,9.0,12.0,2026-08-01 06:00:00,2026-08-02 00:00:00
AKE,False,1785650400000,1785682800000,0.31466800050603655,0.375,False,0.2138239097214059,,,,,,False,0.15305042905842248,,,,,,False,0.5376748560009404,,,,,,3.0,6.0,2026-08-02 06:00:00,2026-08-02 15:00:00
AKE,False,1786388400000,1786618800000,0.5951075919514052,2.6666666666666665,False,0.2138239097214059,,,,,,False,0.15305042905842248,,,,,,False,0.5376748560009404,,63.0,0.8200786019912932,0.08764271944821031,SHOCK,62.0,63.0,2026-08-10 19:00:00,2026-08-13 11:00:00
AKE,False,1786622400000,1786647600000,0.5071600541902638,0.2916666666666667,False,0.2138239097214059,,,,,,False,0.15305042905842248,,,,,,True,0.5376748560009404,,7.0,1.0,0.0,SHOCK,3.0,7.0,2026-08-13 12:00:00,2026-08-13 19:00:00
AKE,False,1786658400000,1786712400000,0.8340395286641578,0.625,False,0.2138239097214059,,,,,,False,0.15305042905842248,,,,,,True,0.5376748560009404,,12.0,0.6811512545080479,0.2133540131521514,SHOCK,7.0,12.0,2026-08-13 22:00:00,2026-08-14 13:00:00
AKE,False,1786723200000,1786726800000,0.238459700674229,0.041666666666666664,False,0.2138239097214059,,,,,,False,0.15305042905842248,,,,,,True,0.5376748560009404,,1.0,1.0,0.0,RESID;SHOCK,1.0,1.0,2026-08-14 16:00:00,2026-08-14 17:00:00
AKE,False,1787868000000,1787972400000,0.7926821176432675,1.2083333333333333,False,0.2138239097214059,,,,,,False,0.15305042905842248,,,,,,False,0.5376748560009404,,24.0,0.8895101488396715,0.06661955196585811,RESID,7.0,19.0,2026-08-27 22:00:00,2026-08-29 03:00:00
AKE,False,1788210000000,1788354000000,0.35241559452024696,1.6666666666666667,False,0.2138239097214059,,,,,,False,0.15305042905842248,,,,,,False,0.5376748560009404,,40.0,1.0,0.0,SHOCK,5.0,25.0,2026-08-31 21:00:00,2026-09-02 13:00:00
AKE,False,1788357600000,1788379200000,1.2691065663436567,0.25,False,0.2138239097214059,,3.0,0.6230950659343941,0.3618317802270697,OI_TREND;RESID;SHOCK,False,0.15305042905842248,,3.0,0.6230950659343941,0.3618317802270697,OI_TREND;RESID;SHOCK,True,0.5376748560009404,,0.0,0.0,1.2691065663436567,SHOCK,2.0,3.0,2026-09-02 14:00:00,2026-09-02 20:00:00
AKE,False,1788444000000,1788462000000,0.2475927478956095,0.20833333333333334,True,0.2138239097214059,SHORT_COVER;RESID;VOL,1.0,0.09880954750920032,0.22061844277530193,SHORT_COVER;VOL,True,0.15305042905842248,SHORT_COVER;RESID;VOL,1.0,0.09880954750920032,0.22061844277530193,SHORT_COVER;VOL,True,0.5376748560009404,,0.0,0.0,0.2475927478956095,SHORT_COVER;VOL,3.0,3.0,2026-09-03 14:00:00,2026-09-03 19:00:00
AKE,False,1788555600000,1788577200000,0.5114886169624249,0.25,True,0.2138239097214059,SHORT_COVER;VOL,,,,,True,0.15305042905842248,SHORT_COVER;VOL,,,,,True,0.5376748560009404,,4.0,0.7922012960416492,0.08963263409876981,SHOCK,4.0,4.0,2026-09-04 21:00:00,2026-09-05 03:00:00
AKE,False,1788584400000,1788627600000,0.24091906720344278,0.5,True,0.2138239097214059,FUND_COLD;SHOCK,,,,,True,0.15305042905842248,SHORT_COVER;VOL,,,,,True,0.5376748560009404,,0.0,0.0,0.24091906720344278,FUND_COLD,3.0,3.0,2026-09-05 05:00:00,2026-09-05 17:00:00
AKE,False,1788746400000,1788879600000,0.5529940653732262,1.5416666666666667,True,0.2138239097214059,FUND_COLD;SHOCK,,,,,False,0.15305042905842248,,,,,,True,0.5376748560009404,,0.0,0.0,0.5529940653732262,FUND_COLD,3.0,8.0,2026-09-07 02:00:00,2026-09-08 15:00:00
AKE,False,1789099200000,1789264800000,0.22687891588897632,1.9166666666666667,False,0.2138239097214059,,,,,,False,0.15305042905842248,,,,,,True,0.5376748560009404,,3.0,0.27455222656173467,0.15990120014114745,FUND_COLD,1.0,26.0,2026-09-11 04:00:00,2026-09-13 02:00:00
AKE,False,1789275600000,1789498800000,1.1961132218962547,2.5833333333333335,False,0.2138239097214059,,54.0,0.7142778482591962,0.25204034531130404,OI_TREND;RESID,False,0.15305042905842248,,54.0,0.7142778482591962,0.25204034531130404,OI_TREND;RESID,True,0.5376748560009404,,0.0,0.0,1.1961132218962547,SHOCK,49.0,52.0,2026-09-13 05:00:00,2026-09-15 19:00:00
AKE,False,1789606800000,1789772400000,1.3003684488541774,1.9166666666666667,True,0.2138239097214059,OI_TREND;RESID,,,,,True,0.15305042905842248,OI_TREND;RESID,,,,,True,0.5376748560009404,,2.0,0.028287434355789717,1.2467931030012933,OI_FLUSH,33.0,40.0,2026-09-17 01:00:00,2026-09-18 23:00:00
AKE,False,1789786800000,1789894800000,1.108600743203036,1.25,False,0.2138239097214059,,24.0,0.5922130478061468,0.3555660100860786,SHORT_COVER;FUND_COLD,False,0.15305042905842248,,24.0,0.5922130478061468,0.3555660100860786,SHORT_COVER;FUND_COLD,True,0.5376748560009404,,0.0,0.0,1.108600743203036,RESID,2.0,4.0,2026-09-19 03:00:00,2026-09-20 09:00:00
AKE,False,1789912800000,1789927200000,0.2315602518311807,0.16666666666666666,True,0.2138239097214059,OI_FLUSH;FUND_COLD;SHOCK,4.0,1.0,0.0,OI_FLUSH;FUND_COLD,True,0.15305042905842248,SHORT_COVER;FUND_COLD;SHOCK,,,,,True,0.5376748560009404,,0.0,0.0,0.2315602518311807,OI_FLUSH;FUND_COLD,2.0,3.0,2026-09-20 14:00:00,2026-09-20 18:00:00
AKE,False,1789974000000,1790006400000,0.5092374399139099,0.375,True,0.2138239097214059,OI_FLUSH;RESID;SHOCK,,,,,True,0.15305042905842248,SHORT_COVER;FUND_COLD;SHOCK,,,,,True,0.5376748560009404,,0.0,0.0,0.5092374399139099,OI_FLUSH;RESID,2.0,4.0,2026-09-21 07:00:00,2026-09-21 16:00:00
AKE,False,1790150400000,1790164800000,0.2501192961127455,0.16666666666666666,False,0.2138239097214059,,,,,,False,0.15305042905842248,,,,,,True,0.5376748560009404,,,,,,1.0,2.0,2026-09-23 08:00:00,2026-09-23 12:00:00
AKE,False,1790575200000,1790755200000,0.21248264447620951,2.0833333333333335,False,0.2138239097214059,,,,,,False,0.15305042905842248,,,,,,False,0.5376748560009404,,,,,,3.0,5.0,2026-09-28 06:00:00,2026-09-30 08:00:00
ALGO,False,1746648000000,1747054800000,0.20874691830452044,4.708333333333333,False,0.17004310344827586,,,,,,False,0.08074712643678161,,,,,,False,0.6984913793103448,,30.0,0.45576512974342126,0.10868911777373902,LS_EXT,20.0,35.0,2025-05-07 20:00:00,2025-05-12 13:00:00
ALGO,False,1751738400000,1752796800000,0.7492397402223812,12.25,False,0.17004310344827586,,187.0,0.488143841277506,0.33138582236020503,OI_TREND;RESID;VOL,False,0.08074712643678161,,187.0,0.488143841277506,0.33138582236020503,OI_TREND;RESID;VOL,True,0.6984913793103448,,25.0,0.029807439227810054,0.7203254670894024,COIL,129.0,188.0,2025-07-05 18:00:00,2025-07-18 00:00:00
ALGO,False,1760130000000,1760385600000,0.29336689310122605,2.9583333333333335,False,0.17004310344827586,,0.0,0.0,0.29336689310122605,RESID;SHOCK;VOL;LS_EXT,False,0.08074712643678161,,2.0,0.3001107955806569,0.19727203769744608,FUND_COLD;RESID;SHOCK;VOL;SHORT_CROWD;LS_EXT,True,0.6984913793103448,,0.0,0.0,0.29336689310122605,RESID;SHOCK;VOL;LS_EXT,2.0,5.0,2025-10-10 21:00:00,2025-10-13 20:00:00
ALGO,False,1762200000000,1762812000000,0.2250639910949652,7.083333333333333,False,0.17004310344827586,,,,,,False,0.08074712643678161,,,,,,True,0.6984913793103448,,2.0,0.051961173647290554,0.21221022014154453,SHORT_CROWD,50.0,83.0,2025-11-03 20:00:00,2025-11-10 22:00:00
ALGO,False,1767240000000,1767708000000,0.23230202329491748,5.416666666666667,False,0.17004310344827586,,,,,,False,0.08074712643678161,,,,,,True,0.6984913793103448,,12.0,0.27496634994558333,0.16351770102477844,RESID,13.0,29.0,2026-01-01 04:00:00,2026-01-06 14:00:00
ALGO,False,1774785600000,1775275200000,0.5366943667915482,5.666666666666667,True,0.17004310344827586,FUND_COLD;SHORT_CROWD,44.0,0.15816095470943625,0.4357427840524232,OI_TREND;RESID,False,0.08074712643678161,,44.0,0.15816095470943625,0.4357427840524232,OI_TREND;RESID,True,0.6984913793103448,,44.0,0.15816095470943625,0.4357427840524232,OI_TREND;RESID,60.0,65.0,2026-03-29 12:00:00,2026-04-04 04:00:00
ALGO,False,1777705200000,1778274000000,0.2373371605887106,6.583333333333333,False,0.17004310344827586,,26.0,0.4860707277796642,0.11566117370388844,RESID;SHORT_CROWD,False,0.08074712643678161,,26.0,0.4860707277796642,0.11566117370388844,RESID;SHORT_CROWD,False,0.6984913793103448,,24.0,0.4848608632921043,0.11594866608477702,RESID,20.0,96.0,2026-05-02 07:00:00,2026-05-08 21:00:00
ALGO,False,1779102000000,1780102800000,0.33118747692461875,11.583333333333334,False,0.17004310344827586,,91.0,0.24512118196559524,0.24103936733482717,OI_DIV;COIL,False,0.08074712643678161,,278.0,1.0,0.0,OI_TREND;RESID;SHOCK,True,0.6984913793103448,,19.0,0.13523638158718904,0.2806709558815806,SHORT_COVER,38.0,259.0,2026-05-18 11:00:00,2026-05-30 01:00:00
ALGO,False,1785351600000,1785780000000,0.21333451825783142,4.958333333333333,False,0.17004310344827586,,97.0,0.5687501670306189,0.0869676012926206,OI_TREND;RESID,False,0.08074712643678161,,97.0,0.5687501670306189,0.0869676012926206,OI_TREND;RESID,True,0.6984913793103448,,0.0,0.0,0.21333451825783142,SHOCK,56.0,91.0,2026-07-29 19:00:00,2026-08-03 18:00:00
ALGO,False,1788170400000,1788879600000,0.20676265696638843,8.208333333333334,False,0.17004310344827586,,,,,,False,0.08074712643678161,,,,,,True,0.6984913793103448,,197.0,1.0,0.0,RESID,17.0,54.0,2026-08-31 10:00:00,2026-09-08 15:00:00
ALGO,False,1789567200000,1789916400000,0.24160753334097107,4.041666666666667,True,0.17004310344827586,OI_DIV;FUND_COLD;RESID;SHORT_CROWD,5.0,0.0886775839477709,0.21800770288348967,OI_DIV;SHORT_CROWD,False,0.08074712643678161,,97.0,1.0,0.0,RESID;SHOCK;VOL,True,0.6984913793103448,,0.0,0.0,0.24160753334097107,OI_DIV;FUND_COLD;RESID;SHORT_CROWD,36.0,78.0,2026-09-16 14:00:00,2026-09-20 15:00:00
ALGO,False,1790208000000,1790654400000,0.36404414102236443,5.166666666666667,False,0.17004310344827586,,105.0,0.7163302779737557,0.09206060764385655,OI_TREND;RESID;SHOCK;LS_EXT,False,0.08074712643678161,,105.0,0.7163302779737557,0.09206060764385655,OI_TREND;RESID;SHOCK;LS_EXT,True,0.6984913793103448,,25.0,0.3058918421087362,0.24046783997707813,RESID,25.0,63.0,2026-09-24 00:00:00,2026-09-29 04:00:00
APT,False,1746633600000,1747173600000,0.22444323205419173,6.25,False,0.23929597701149424,,59.0,0.5882745047708613,0.0869425402539806,OI_DIV;VOL,False,0.06307471264367816,,78.0,0.8374629370472718,0.03345909279805479,OI_TREND;RESID,True,0.6849137931034482,,28.0,0.42074643963013486,0.12444645353675071,RESID,25.0,33.0,2025-05-07 16:00:00,2025-05-13 22:00:00
APT,False,1750597200000,1751011200000,0.2689129332752699,4.791666666666667,False,0.23929597701149424,,0.0,0.0,0.2689129332752699,RESID;SHOCK;LS_EXT,False,0.06307471264367816,,49.0,0.7271272420299003,0.06714572038727841,OI_TREND;RESID;SHOCK,True,0.6849137931034482,,0.0,0.0,0.2689129332752699,RESID;SHOCK;LS_EXT,35.0,49.0,2025-06-22 13:00:00,2025-06-27 08:00:00
APT,False,1758880800000,1759561200000,0.2594387882875416,7.875,False,0.23929597701149424,,37.0,0.301326499018361,0.17487337099795403,FUND_COLD;SHORT_CROWD,False,0.06307471264367816,,110.0,0.3528856824598425,0.16098340708858386,FUND_COLD;RESID,True,0.6849137931034482,,6.0,0.12612545775562287,0.2233259446516476,OI_TREND,34.0,128.0,2025-09-26 10:00:00,2025-10-04 07:00:00
APT,False,1762290000000,1763640000000,0.34010983133529943,15.625,True,0.23929597701149424,OI_DIV;FUND_COLD;SHORT_CROWD,1.0,0.07098169271619482,0.3125496876166592,FUND_COLD;SHORT_CROWD,False,0.06307471264367816,,51.0,0.42427261355381557,0.18358160368295162,FUND_COLD;RESID,True,0.6849137931034482,,0.0,0.0,0.34010983133529943,FUND_COLD;SHORT_CROWD,49.0,53.0,2025-11-04 21:00:00,2025-11-20 12:00:00
APT,False,1766106000000,1767542400000,0.27624042541915733,16.625,False,0.23929597701149424,,,,,,False,0.06307471264367816,,,,,,True,0.6849137931034482,,15.0,0.41352910648579694,0.15378881928540342,SHOCK,15.0,31.0,2025-12-19 01:00:00,2026-01-04 16:00:00
APT,False,1771765200000,1772046000000,0.25492511056209793,3.25,False,0.23929597701149424,,12.0,0.06212161658190283,0.23734700572125417,FUND_COLD;SHOCK,False,0.06307471264367816,,20.0,0.23626647447540067,0.18937204682174266,SHORT_COVER;FUND_COLD,False,0.6849137931034482,,0.0,0.0,0.25492511056209793,RESID,67.0,73.0,2026-02-22 13:00:00,2026-02-25 19:00:00
APT,False,1773392400000,1774393200000,0.23567848353010712,11.583333333333334,True,0.23929597701149424,OI_DIV;SHORT_CROWD,,,,,False,0.06307471264367816,,,,,,True,0.6849137931034482,,0.0,0.0,0.23567848353010712,OI_DIV,76.0,165.0,2026-03-13 09:00:00,2026-03-24 23:00:00
APT,False,1778004000000,1778439600000,0.2614713085517954,5.041666666666667,True,0.23929597701149424,OI_DIV;COIL,80.0,0.7476160648566846,0.06037585312373106,OI_TREND;RESID,False,0.06307471264367816,,80.0,0.7476160648566846,0.06037585312373106,OI_TREND;RESID,True,0.6849137931034482,,0.0,0.0,0.2614713085517954,OI_DIV,14.0,69.0,2026-05-05 18:00:00,2026-05-10 19:00:00
APT,False,1788202800000,1788958800000,0.29316404183284267,8.75,False,0.23929597701149424,,,,,,False,0.06307471264367816,,,,,,True,0.6849137931034482,,18.0,0.2900911851404529,0.20022837271033567,RESID,20.0,49.0,2026-08-31 19:00:00,2026-09-09 13:00:00
APT,False,1789570800000,1789790400000,0.37363907464965534,2.5416666666666665,False,0.23929597701149424,,2.0,0.021155982536529516,0.36444428061236744,FUND_COLD;SHORT_CROWD,False,0.06307471264367816,,43.0,0.7012640722023923,0.09948044595885422,OI_TREND;RESID,False,0.6849137931034482,,1.0,0.02231676609727018,0.3639415668148337,FUND_COLD,31.0,35.0,2026-09-16 15:00:00,2026-09-19 04:00:00
APT,False,1789801200000,1790434800000,0.2140140921625503,7.333333333333333,True,0.23929597701149424,OI_TREND;VOL,,,,,True,0.06307471264367816,OI_TREND;VOL,,,,,True,0.6849137931034482,,0.0,0.0,0.2140140921625503,VOL,4.0,47.0,2026-09-19 07:00:00,2026-09-26 15:00:00
ARB,True,1746633600000,1746928800000,0.5289205657704465,3.4166666666666665,False,0.6074712643678161,,2.0,0.03260965800538268,0.5078987916992747,OI_DIV,False,0.2728448275862069,,22.0,0.21052765075863464,0.3981919516961242,RESID;VOL,False,0.6499281609195402,,2.0,0.03260965800538268,0.5078987916992747,OI_DIV,32.0,68.0,2025-05-07 16:00:00,2025-05-11 02:00:00
ARB,True,1749153600000,1749657600000,0.2140704548352196,5.833333333333333,True,0.6074712643678161,SHORT_COVER,0.0,0.0,0.2140704548352196,SHOCK,True,0.2728448275862069,SHORT_COVER,32.0,0.13505125978208635,0.18267835041745786,SHORT_COVER,True,0.6499281609195402,,0.0,0.0,0.2140704548352196,SHOCK,100.0,111.0,2025-06-05 20:00:00,2025-06-11 16:00:00
ARB,True,1750597200000,1750780800000,0.21795384512509805,2.125,True,0.6074712643678161,OI_FLUSH,28.0,0.2591779869543204,0.15727668700731734,SHOCK,False,0.2728448275862069,,28.0,0.2591779869543204,0.15727668700731734,SHOCK,True,0.6499281609195402,,28.0,0.2591779869543204,0.15727668700731734,SHOCK,29.0,33.0,2025-06-22 13:00:00,2025-06-24 16:00:00
ARB,True,1750942800000,1751234400000,0.2736364851361607,3.375,True,0.6074712643678161,OI_FLUSH,22.0,0.10223087294358389,0.2425291874518253,OI_DIV,True,0.2728448275862069,RESID;SHOCK,75.0,0.45662986844846243,0.1404561264983681,OI_TREND;SHOCK,True,0.6499281609195402,,1.0,0.0671058278445367,0.25313057634500674,OI_FLUSH,75.0,76.0,2025-06-26 13:00:00,2025-06-29 22:00:00
ARB,True,1751644800000,1752210000000,0.2309619665457819,6.541666666666667,False,0.6074712643678161,,8.0,0.12403935268183654,0.1996394762156135,FUND_COLD,False,0.2728448275862069,,,,,,False,0.6499281609195402,,8.0,0.12403935268183654,0.1996394762156135,FUND_COLD,111.0,144.0,2025-07-04 16:00:00,2025-07-11 05:00:00
ARB,True,1752332400000,1752847200000,0.26204095746540573,5.958333333333333,False,0.6074712643678161,,80.0,0.5104610616005077,0.12067423963765614,RESID,False,0.2728448275862069,,80.0,0.5104610616005077,0.12067423963765614,RESID,False,0.6499281609195402,,80.0,0.5104610616005077,0.12067423963765614,RESID,21.0,80.0,2025-07-12 15:00:00,2025-07-18 14:00:00
ARB,True,1754157600000,1754784000000,0.2713260920508766,7.25,True,0.6074712643678161,OI_FLUSH,,,,,False,0.2728448275862069,,,,,,True,0.6499281609195402,,,,,,45.0,133.0,2025-08-02 18:00:00,2025-08-10 00:00:00
ARB,True,1754953200000,1755122400000,0.2792949344264597,1.9583333333333333,True,0.6074712643678161,OI_DIV,13.0,0.1898061894675752,0.2208631434061778,SHOCK,False,0.2728448275862069,,13.0,0.1898061894675752,0.2208631434061778,SHOCK,True,0.6499281609195402,,13.0,0.1898061894675752,0.2208631434061778,SHOCK,21.0,38.0,2025-08-11 23:00:00,2025-08-13 22:00:00
ARB,True,1755644400000,1755986400000,0.2681934161199123,3.9583333333333335,False,0.6074712643678161,,63.0,0.38738744255754376,0.15667867677480524,SHOCK,False,0.2728448275862069,,63.0,0.38738744255754376,0.15667867677480524,SHOCK,False,0.6499281609195402,,63.0,0.38738744255754376,0.15667867677480524,SHOCK,18.0,65.0,2025-08-19 23:00:00,2025-08-23 22:00:00
ARB,True,1760133600000,1760385600000,0.2600273077250108,2.9166666666666665,True,0.6074712643678161,RESID;SHOCK;VOL;LS_EXT,0.0,0.0,0.2600273077250108,OI_FLUSH;RESID;VOL;LS_EXT,False,0.2728448275862069,,23.0,0.4153642972617343,0.14468424904570132,SHORT_COVER;RESID;LS_EXT,True,0.6499281609195402,,0.0,0.0,0.2600273077250108,OI_FLUSH;RESID;VOL;LS_EXT,2.0,9.0,2025-10-10 22:00:00,2025-10-13 20:00:00
ARB,True,1762200000000,1762567200000,0.23893499031625484,4.25,True,0.6074712643678161,SHOCK,4.0,0.13671574476853962,0.20317090434367377,FUND_COLD,False,0.2728448275862069,,91.0,0.6491689133077493,0.07806342678918772,RESID,True,0.6499281609195402,,4.0,0.13671574476853962,0.20317090434367377,FUND_COLD,44.0,82.0,2025-11-03 20:00:00,2025-11-08 02:00:00
ARB,True,1774785600000,1775876400000,0.24948450001149405,12.625,True,0.6074712643678161,FUND_COLD,58.0,0.12521870105004004,0.2151177327273929,SHORT_COVER,False,0.2728448275862069,,58.0,0.12521870105004004,0.2151177327273929,SHORT_COVER,True,0.6499281609195402,,58.0,0.12521870105004004,0.2151177327273929,SHORT_COVER,117.0,251.0,2026-03-29 12:00:00,2026-04-11 03:00:00
ARB,True,1776178800000,1776427200000,0.2204158281151053,2.875,False,0.6074712643678161,,24.0,0.339650487862137,0.14057908705509642,RESID,False,0.2728448275862069,,24.0,0.339650487862137,0.14057908705509642,RESID,False,0.6499281609195402,,24.0,0.339650487862137,0.14057908705509642,RESID,24.0,45.0,2026-04-14 15:00:00,2026-04-17 12:00:00
ARB,True,1777910400000,1778310000000,0.28052198222370556,4.625,True,0.6074712643678161,SHOCK,54.0,0.40180122797033235,0.15941467863112935,OI_TREND,False,0.2728448275862069,,54.0,0.40180122797033235,0.15941467863112935,OI_TREND,True,0.6499281609195402,,54.0,0.40180122797033235,0.15941467863112935,OI_TREND,52.0,87.0,2026-05-04 16:00:00,2026-05-09 07:00:00
ARB,True,1782471600000,1783828800000,0.29681851923067126,15.708333333333334,True,0.6074712643678161,SHOCK,79.0,0.22618976914041028,0.22277649762175203,SHORT_COVER,False,0.2728448275862069,,79.0,0.22618976914041028,0.22277649762175203,SHORT_COVER,True,0.6499281609195402,,79.0,0.22618976914041028,0.22277649762175203,SHORT_COVER,103.0,311.0,2026-06-26 11:00:00,2026-07-12 04:00:00
ARB,True,1786842000000,1787371200000,0.2029100913034749,6.125,True,0.6074712643678161,FUND_COLD,86.0,0.0729236438489553,0.186812941081628,SHOCK,False,0.2728448275862069,,86.0,0.0729236438489553,0.186812941081628,SHOCK,True,0.6499281609195402,,86.0,0.0729236438489553,0.186812941081628,SHOCK,90.0,92.0,2026-08-16 01:00:00,2026-08-22 04:00:00
ARB,True,1788130800000,1788480000000,0.6560628522417522,4.041666666666667,False,0.6074712643678161,,0.0,0.0,0.6560628522417522,SHOCK,False,0.2728448275862069,,18.0,0.1909558943857575,0.5039825806565619,OI_TREND;SHOCK,False,0.6499281609195402,,0.0,0.0,0.6560628522417522,SHOCK,21.0,25.0,2026-08-30 23:00:00,2026-09-04 00:00:00
ARB,True,1788523200000,1788678000000,0.5593796573297313,1.7916666666666667,True,0.6074712643678161,SHOCK;VOL,1.0,0.11232674639493902,0.48346809120332424,SHOCK,True,0.2728448275862069,SHOCK;VOL,1.0,0.11232674639493902,0.48346809120332424,SHOCK,True,0.6499281609195402,,1.0,0.11232674639493902,0.48346809120332424,SHOCK,31.0,32.0,2026-09-04 12:00:00,2026-09-06 07:00:00
ARB,True,1789430400000,1789700400000,0.7157770267153687,3.125,False,0.6074712643678161,,15.0,0.24651601589655922,0.5019742747448667,SHOCK,False,0.2728448275862069,,15.0,0.24651601589655922,0.5019742747448667,SHOCK,False,0.6499281609195402,,15.0,0.24651601589655922,0.5019742747448667,SHOCK,23.0,64.0,2026-09-15 00:00:00,2026-09-18 03:00:00
ASTER,False,1760068800000,1760122800000,0.2219705621442521,0.625,False,0.19804034582132565,,,,,,False,0.10639769452449568,,,,,,False,0.6476080691642652,,15.0,1.0,0.0,RESID,12.0,13.0,2025-10-10 04:00:00,2025-10-10 19:00:00
ASTER,False,1760230800000,1760342400000,0.29211196176273463,1.2916666666666667,False,0.19804034582132565,,,,,,False,0.10639769452449568,,,,,,True,0.6476080691642652,,,,,,2.0,10.0,2025-10-12 01:00:00,2025-10-13 08:00:00
ASTER,False,1761166800000,1761476400000,0.21686129333489876,3.5833333333333335,False,0.19804034582132565,,,,,,False,0.10639769452449568,,,,,,False,0.6476080691642652,,,,,,13.0,19.0,2025-10-22 21:00:00,2025-10-26 11:00:00
ASTER,False,1761847200000,1762095600000,0.42341503748150744,2.875,False,0.19804034582132565,,68.0,0.8510655247018829,0.053989668642364,OI_TREND;RESID;SHOCK,False,0.10639769452449568,,68.0,0.8510655247018829,0.053989668642364,OI_TREND;RESID;SHOCK,False,0.6476080691642652,,18.0,0.3098664848906786,0.27590764977039894,FUND_COLD,15.0,68.0,2025-10-30 18:00:00,2025-11-02 15:00:00
ASTER,False,1762232400000,1762398000000,0.4265883867033048,1.9166666666666667,True,0.19804034582132565,OI_TREND;RESID,0.0,0.0,0.4265883867033048,FUND_COLD;SHOCK,True,0.10639769452449568,OI_TREND;RESID,,,,,True,0.6476080691642652,,0.0,0.0,0.4265883867033048,FUND_COLD;SHOCK,4.0,13.0,2025-11-04 05:00:00,2025-11-06 03:00:00
ASTER,False,1763053200000,1763517600000,0.46251155524921556,5.375,False,0.19804034582132565,,,,,,False,0.10639769452449568,,,,,,True,0.6476080691642652,,,,,,26.0,64.0,2025-11-13 17:00:00,2025-11-19 02:00:00
ASTER,False,1768939200000,1769583600000,0.20547154593180242,7.458333333333333,True,0.19804034582132565,OI_FLUSH;FUND_COLD;RESID,,,,,False,0.10639769452449568,,,,,,True,0.6476080691642652,,0.0,0.0,0.20547154593180242,OI_FLUSH,23.0,69.0,2026-01-20 20:00:00,2026-01-28 07:00:00
ASTER,False,1769871600000,1771912800000,0.6509355017266731,23.625,False,0.19804034582132565,,61.0,0.24297839803574192,0.46159279735511205,FUND_COLD;SHORT_CROWD,False,0.10639769452449568,,130.0,0.22089415375574115,0.47786511941929055,FUND_COLD;SHOCK,True,0.6476080691642652,,0.0,0.0,0.6509355017266731,RESID,114.0,186.0,2026-01-31 15:00:00,2026-02-24 06:00:00
ASTER,False,1778169600000,1780668000000,0.3173807581326589,28.916666666666668,False,0.19804034582132565,,37.0,0.3050772152408528,0.21112821264835532,OI_TREND;RESID,False,0.10639769452449568,,37.0,0.3050772152408528,0.21112821264835532,OI_TREND;RESID,True,0.6476080691642652,,30.0,0.15546886413821756,0.2621179212856882,RESID,36.0,550.0,2026-05-07 16:00:00,2026-06-05 14:00:00
ASTER,False,1781514000000,1781704800000,0.24846930331645367,2.2083333333333335,False,0.19804034582132565,,51.0,0.8023964046827754,0.04482754469579904,OI_TREND;RESID;SHOCK,False,0.10639769452449568,,51.0,0.8023964046827754,0.04482754469579904,OI_TREND;RESID;SHOCK,False,0.6476080691642652,,20.0,0.2572830189775837,0.17918373358572787,SHOCK,42.0,51.0,2026-06-15 09:00:00,2026-06-17 14:00:00
ASTER,False,1787457600000,1788609600000,0.2697198607312551,13.333333333333334,True,0.19804034582132565,OI_FLUSH;RESID;VOL,22.0,0.36935478455918863,0.1625266004203797,SHORT_COVER;RESID;SHOCK,True,0.10639769452449568,OI_TREND;RESID;SHOCK;VOL,22.0,0.36935478455918863,0.1625266004203797,SHORT_COVER;RESID;SHOCK,True,0.6476080691642652,,0.0,0.0,0.2697198607312551,OI_FLUSH;RESID;VOL,16.0,249.0,2026-08-23 04:00:00,2026-09-05 12:00:00
ATOM,False,1741665600000,1742666400000,0.34451128724098273,11.583333333333334,True,0.20495689655172414,FUND_COLD;SHORT_CROWD,2.0,0.028162413721621475,0.3333487779033941,OI_DIV;SHORT_CROWD;LS_EXT,False,0.08175287356321839,,11.0,0.12302366398155995,0.2964267469167328,SHOCK;SHORT_CROWD;LS_EXT,True,0.6977011494252874,,0.0,0.0,0.34451128724098273,LS_EXT,71.0,95.0,2025-03-11 04:00:00,2025-03-22 18:00:00
ATOM,False,1743631200000,1743778800000,0.20457350476771682,1.7083333333333333,False,0.20495689655172414,,23.0,0.5841500914268231,0.08047450350535951,OI_TREND;RESID,False,0.08175287356321839,,23.0,0.5841500914268231,0.08047450350535951,OI_TREND;RESID,False,0.6977011494252874,,0.0,0.0,0.20457350476771682,SHOCK,6.0,21.0,2025-04-02 22:00:00,2025-04-04 15:00:00
ATOM,False,1746576000000,1747069200000,0.2251112624763105,5.708333333333333,True,0.20495689655172414,SHORT_CROWD;COIL,,,,,False,0.08175287356321839,,,,,,True,0.6977011494252874,,39.0,0.17348343735070193,0.18271073273577698,SHORT_COVER,54.0,58.0,2025-05-07 00:00:00,2025-05-12 17:00:00
ATOM,False,1751047200000,1753095600000,0.23331974823671145,23.708333333333332,False,0.20495689655172414,,334.0,0.5162259193360025,0.10677682315140512,SHORT_COVER;VOL;LS_EXT,False,0.08175287356321839,,334.0,0.5162259193360025,0.10677682315140512,SHORT_COVER;VOL;LS_EXT,True,0.6977011494252874,,52.0,0.3744923874715907,0.1401671775905198,RESID;SHOCK,52.0,319.0,2025-06-27 18:00:00,2025-07-21 11:00:00
ATOM,False,1760133600000,1760396400000,0.24874961481665903,3.0416666666666665,True,0.20495689655172414,RESID;SHOCK;VOL;LS_EXT,0.0,0.0,0.24874961481665903,OI_FLUSH;RESID;VOL,False,0.08175287356321839,,,,,,True,0.6977011494252874,,0.0,0.0,0.24874961481665903,OI_FLUSH;RESID;VOL,4.0,9.0,2025-10-10 22:00:00,2025-10-13 23:00:00
ATOM,False,1762232400000,1763629200000,0.4458623223427904,16.166666666666668,True,0.20495689655172414,OI_DIV;RESID,3.0,0.09905267771308665,0.39401015780757537,OI_DIV;SHORT_CROWD,False,0.08175287356321839,,,,,,True,0.6977011494252874,,0.0,0.0,0.4458623223427904,OI_DIV;RESID,63.0,82.0,2025-11-04 05:00:00,2025-11-20 09:00:00
ATOM,False,1767204000000,1768046400000,0.3417333477468035,9.75,False,0.20495689655172414,,218.0,0.975968084311146,0.007089490005212432,OI_TREND;RESID;SHOCK,False,0.08175287356321839,,218.0,0.975968084311146,0.007089490005212432,OI_TREND;RESID;SHOCK,True,0.6977011494252874,,0.0,0.0,0.3417333477468035,LS_EXT,33.0,89.0,2025-12-31 18:00:00,2026-01-10 12:00:00
ATOM,False,1769868000000,1771430400000,0.5126511816620785,18.083333333333332,False,0.20495689655172414,,99.0,0.32232614262686743,0.32374483871587695,OI_TREND;RESID,False,0.08175287356321839,,99.0,0.32232614262686743,0.32374483871587695,OI_TREND;RESID,True,0.6977011494252874,,0.0,0.0,0.5126511816620785,SHOCK;LS_EXT,98.0,282.0,2026-01-31 14:00:00,2026-02-18 16:00:00
ATOM,False,1778893200000,1779840000000,0.21209896400792502,10.958333333333334,True,0.20495689655172414,OI_FLUSH;RESID,26.0,0.434906336876948,0.1148253604904514,RESID;SHOCK;LS_EXT,False,0.08175287356321839,,26.0,0.434906336876948,0.1148253604904514,RESID;SHOCK;LS_EXT,True,0.6977011494252874,,18.0,0.33816539161799386,0.1357647679055101,LS_EXT,18.0,51.0,2026-05-16 01:00:00,2026-05-27 00:00:00
ATOM,False,1780718400000,1781218800000,0.2213088792958711,5.791666666666667,True,0.20495689655172414,OI_DIV;LS_EXT,0.0,0.0,0.2213088792958711,OI_DIV;RESID;SHOCK;LS_EXT,False,0.08175287356321839,,,,,,True,0.6977011494252874,,0.0,0.0,0.2213088792958711,OI_DIV;RESID;SHOCK;LS_EXT,61.0,83.0,2026-06-06 04:00:00,2026-06-11 23:00:00
ATOM,False,1785470400000,1786701600000,0.30141749219860936,14.25,False,0.20495689655172414,,82.0,0.2894096806630432,0.2058779572155715,SHORT_COVER;RESID;SHOCK,False,0.08175287356321839,,82.0,0.2894096806630432,0.2058779572155715,SHORT_COVER;RESID;SHOCK,True,0.6977011494252874,,0.0,0.0,0.30141749219860936,SHOCK,83.0,251.0,2026-07-31 04:00:00,2026-08-14 10:00:00
ATOM,False,1788483600000,1788944400000,0.37092647883093266,5.333333333333333,False,0.20495689655172414,,116.0,0.7644608732722048,0.07714010621912266,OI_TREND;RESID,False,0.08175287356321839,,116.0,0.7644608732722048,0.07714010621912266,OI_TREND;RESID,True,0.6977011494252874,,11.0,0.051274453012365794,0.34892821385574596,SHOCK,78.0,107.0,2026-09-04 01:00:00,2026-09-09 09:00:00
AVAX,False,1741651200000,1742932800000,0.32002558095777167,14.833333333333334,True,0.19181034482758622,FUND_COLD;SHORT_CROWD,160.0,0.34035215774843136,0.20099689712459104,SHORT_CROWD;COIL;LS_EXT,False,0.09446839080459771,,,,,,True,0.6553879310344828,,15.0,0.21795832034841325,0.24251151313993108,SHOCK,35.0,123.0,2025-03-11 00:00:00,2025-03-25 20:00:00
AVAX,False,1744009200000,1745402400000,0.23742107765339998,16.125,True,0.19181034482758622,OI_DIV;SHORT_CROWD,7.0,0.2649697744892848,0.169507915974149,OI_FLUSH;VOL,False,0.09446839080459771,,,,,,True,0.6553879310344828,,7.0,0.2649697744892848,0.169507915974149,OI_FLUSH;VOL,10.0,30.0,2025-04-07 07:00:00,2025-04-23 10:00:00
AVAX,False,1746633600000,1747195200000,0.28731823214400876,6.5,False,0.19181034482758622,,43.0,0.5610424195350283,0.11724254677449941,RESID;VOL;LS_EXT,False,0.09446839080459771,,43.0,0.5610424195350283,0.11724254677449941,RESID;VOL;LS_EXT,False,0.6553879310344828,,33.0,0.35560996792252964,0.17673999261372775,RESID,31.0,40.0,2025-05-07 16:00:00,2025-05-14 04:00:00
AVAX,False,1750957200000,1753149600000,0.3808807759464874,25.375,False,0.19181034482758622,,510.0,0.6961357111759551,0.10303288165967397,OI_TREND;SHOCK,False,0.09446839080459771,,510.0,0.6961357111759551,0.10303288165967397,OI_TREND;SHOCK,True,0.6553879310344828,,20.0,0.05491655014097318,0.3566233553031712,COIL,331.0,461.0,2025-06-26 17:00:00,2025-07-22 02:00:00
AVAX,False,1754949600000,1755954000000,0.2105671777197349,11.625,False,0.19181034482758622,,277.0,0.8331510857582304,0.03239669831417735,OI_TREND;RESID;VOL,False,0.09446839080459771,,277.0,0.8331510857582304,0.03239669831417735,OI_TREND;RESID;VOL,True,0.6553879310344828,,35.0,0.4969383170032888,0.10090167631179923,OI_TREND,18.0,79.0,2025-08-11 22:00:00,2025-08-23 13:00:00
AVAX,False,1756155600000,1758247200000,0.44089424550541456,24.208333333333332,False,0.19181034482758622,,571.0,0.8100355719644842,0.0718510986967214,OI_TREND;RESID,False,0.09446839080459771,,571.0,0.8100355719644842,0.0718510986967214,OI_TREND;RESID,True,0.6553879310344828,,2.0,0.02128674758906295,0.4297343298642318,FUND_COLD,365.0,379.0,2025-08-25 21:00:00,2025-09-19 02:00:00
AVAX,False,1781910000000,1782903600000,0.2245665718765224,11.5,True,0.19181034482758622,OI_DIV;RESID,1.0,0.006253895569579389,0.22301608023124528,OI_DIV;FUND_COLD;RESID;SHORT_CROWD,False,0.09446839080459771,,8.0,0.20128295562738244,0.1756364492943692,OI_DIV;SHOCK,True,0.6553879310344828,,0.0,0.0,0.2245665718765224,OI_DIV;RESID,39.0,93.0,2026-06-19 23:00:00,2026-07-01 11:00:00
AVAX,False,1788202800000,1789963200000,0.5513959278599607,20.375,False,0.19181034482758622,,438.0,0.3594878550777172,0.32483005467586223,OI_TREND;RESID;SHOCK,False,0.09446839080459771,,438.0,0.3594878550777172,0.32483005467586223,OI_TREND;RESID;SHOCK,True,0.6553879310344828,,69.0,0.03602335141142455,0.5270462056625128,OI_DIV,438.0,448.0,2026-08-31 19:00:00,2026-09-21 04:00:00
BCH,False,1740988800000,1741312800000,0.3516307459314226,3.75,False,0.20452586206896553,,5.0,0.35405186186562043,0.21486360511332925,OI_DIV;SHOCK,False,0.11436781609195402,,5.0,0.35405186186562043,0.21486360511332925,OI_DIV;SHOCK,True,0.5874281609195402,,5.0,0.35405186186562043,0.21486360511332925,OI_DIV;SHOCK,5.0,46.0,2025-03-03 08:00:00,2025-03-07 02:00:00
BCH,False,1744009200000,1744596000000,0.2479012205123604,6.791666666666667,False,0.20452586206896553,,59.0,0.5206418536170399,0.11199994799132755,OI_TREND;RESID,False,0.11436781609195402,,59.0,0.5206418536170399,0.11199994799132755,OI_TREND;RESID,True,0.5874281609195402,,10.0,0.2060438291174102,0.19223775546310004,SHOCK,58.0,59.0,2025-04-07 07:00:00,2025-04-14 02:00:00
BCH,False,1747767600000,1750370400000,0.30655344704520093,30.125,False,0.20452586206896553,,38.0,0.23794742935818894,0.22601283302608724,OI_TREND;SHOCK,False,0.11436781609195402,,38.0,0.23794742935818894,0.22601283302608724,OI_TREND;SHOCK,True,0.5874281609195402,,38.0,0.23794742935818894,0.22601283302608724,OI_TREND;SHOCK,50.0,580.0,2025-05-20 19:00:00,2025-06-19 22:00:00
BCH,False,1753336800000,1753617600000,0.2116669786613148,3.25,False,0.20452586206896553,,23.0,0.37494199050999305,0.12750735148059159,OI_TREND;RESID,False,0.11436781609195402,,23.0,0.37494199050999305,0.12750735148059159,OI_TREND;RESID,False,0.5874281609195402,,3.0,0.17989965007276895,0.17053027465759515,SHOCK,19.0,27.0,2025-07-24 06:00:00,2025-07-27 12:00:00
BCH,False,1762441200000,1763838000000,0.44542531255008144,16.166666666666668,False,0.20452586206896553,,315.0,0.37663549360719295,0.25815924469266893,OI_FLUSH;RESID,False,0.11436781609195402,,361.0,0.6894341109295964,0.1212157586345581,OI_TREND;RESID;SHOCK,False,0.5874281609195402,,25.0,0.20040422050197113,0.3425542730921598,RESID;SHOCK,170.0,289.0,2025-11-06 15:00:00,2025-11-22 19:00:00
BCH,False,1764446400000,1766170800000,0.24475494914474927,19.958333333333332,False,0.20452586206896553,,16.0,0.18603601191700142,0.19507411357916504,FUND_COLD;SHORT_CROWD,False,0.11436781609195402,,17.0,0.2899540781583605,0.16819114046557576,OI_TREND;FUND_COLD;SHORT_CROWD,False,0.5874281609195402,,11.0,0.03973043075093146,0.2339743687269092,FUND_COLD,20.0,88.0,2025-11-29 20:00:00,2025-12-19 19:00:00
BCH,False,1768500000000,1771743600000,0.4133071611383687,37.541666666666664,False,0.20452586206896553,,398.0,0.3131271288542437,0.26821655182685167,FUND_COLD;SHORT_CROWD;LS_EXT,False,0.11436781609195402,,409.0,0.31725259338494577,0.2664079301496625,RESID;SHORT_CROWD;LS_EXT,True,0.5874281609195402,,142.0,0.2290449496953323,0.3056465763861384,SHOCK,167.0,480.0,2026-01-15 18:00:00,2026-02-22 07:00:00
BCH,False,1782201600000,1783278000000,0.30734095542614703,12.458333333333334,False,0.20452586206896553,,,,,,False,0.11436781609195402,,,,,,False,0.5874281609195402,,53.0,0.1401586314445684,0.25914562952502207,SHOCK,78.0,186.0,2026-06-23 08:00:00,2026-07-05 19:00:00
BCH,False,1787151600000,1787364000000,0.30346452646070077,2.4583333333333335,False,0.20452586206896553,,7.0,0.09864869440491351,0.26982779491535774,OI_DIV;VOL;LS_EXT,False,0.11436781609195402,,17.0,0.06521116072936792,0.2811307723226061,OI_DIV;SHOCK;VOL;LS_EXT,False,0.5874281609195402,,0.0,0.0,0.30346452646070077,RESID,39.0,40.0,2026-08-19 15:00:00,2026-08-22 02:00:00
BCH,False,1789394400000,1790164800000,0.4838128044294291,8.916666666666666,False,0.20452586206896553,,85.0,0.3218923521931654,0.30681312657865434,OI_TREND;SHOCK,False,0.11436781609195402,,85.0,0.3218923521931654,0.30681312657865434,OI_TREND;SHOCK,False,0.5874281609195402,,72.0,0.2013613836654699,0.37047140647222065,OI_TREND,85.0,190.0,2026-09-14 14:00:00,2026-09-23 12:00:00
BNB,False,1752469200000,1753689600000,0.2644325999824945,14.125,True,0.2319683908045977,OI_DIV;LS_EXT,0.0,0.0,0.2644325999824945,OI_DIV;LS_EXT,False,0.16566091954022988,,2.0,0.04420589458415943,0.25138600743735307,OI_DIV;FUND_HOT;SHOCK;LONG_CROWD;LS_EXT,True,0.6265086206896552,,0.0,0.0,0.2644325999824945,OI_DIV;LS_EXT,94.0,160.0,2025-07-14 05:00:00,2025-07-28 08:00:00
BNB,False,1754182800000,1759910400000,0.6511858575982924,66.29166666666667,False,0.2319683908045977,,255.0,0.12086657832741725,0.5540740468169152,FUND_HOT;LONG_CROWD,False,0.16566091954022988,,255.0,0.12086657832741725,0.5540740468169152,FUND_HOT;LONG_CROWD,False,0.6265086206896552,,245.0,0.13393326598250463,0.5439237073383649,LONG_CROWD,426.0,1101.0,2025-08-03 01:00:00,2025-10-08 08:00:00
BNB,False,1760144400000,1760342400000,0.21574426874729455,2.2916666666666665,True,0.2319683908045977,OI_FLUSH;SHOCK,18.0,0.2575745133090307,0.15608305206139467,OI_FLUSH;SHOCK,False,0.16566091954022988,,55.0,1.0,0.0,OI_TREND;FUND_COLD;RESID;SHORT_CROWD,True,0.6265086206896552,,0.0,0.0,0.21574426874729455,OI_FLUSH;SHOCK,16.0,32.0,2025-10-11 01:00:00,2025-10-13 08:00:00
BNB,False,1778004000000,1780192800000,0.29044928778591933,25.333333333333332,True,0.2319683908045977,FUND_HOT;LONG_CROWD;LS_EXT,6.0,0.02606042929375607,0.2819024741970046,FUND_HOT;LONG_CROWD,True,0.16566091954022988,FUND_HOT;LONG_CROWD;LS_EXT,6.0,0.02606042929375607,0.2819024741970046,FUND_HOT;LONG_CROWD,True,0.6265086206896552,,0.0,0.0,0.29044928778591933,FUND_HOT;LONG_CROWD;LS_EXT,175.0,582.0,2026-05-05 18:00:00,2026-05-31 02:00:00
BONK,False,1741651200000,1742986800000,0.4695854391929539,15.458333333333334,True,0.21954022988505748,OI_DIV;SHORT_CROWD,227.0,0.3154430957243706,0.3015305973268253,FUND_COLD;SHORT_CROWD,False,0.10265804597701149,,308.0,0.7386108213380309,0.10586705967573923,OI_TREND;SHORT_CROWD,True,0.6760775862068965,,0.0,0.0,0.4695854391929539,SHOCK,154.0,260.0,2025-03-11 00:00:00,2025-03-26 11:00:00
BONK,False,1744005600000,1744502400000,0.36040570021859725,5.75,False,0.21954022988505748,,110.0,0.7483377186048821,0.08053616060957335,OI_TREND;RESID;SHOCK,False,0.10265804597701149,,110.0,0.7483377186048821,0.08053616060957335,OI_TREND;RESID;SHOCK,True,0.6760775862068965,,0.0,0.0,0.36040570021859725,SHOCK,59.0,102.0,2025-04-07 06:00:00,2025-04-13 00:00:00
BONK,False,1744898400000,1745377200000,0.2607428485326792,5.541666666666667,False,0.21954022988505748,,,,,,False,0.10265804597701149,,,,,,False,0.6760775862068965,,102.0,0.17121405846883883,0.21170762160633674,COIL,59.0,121.0,2025-04-17 14:00:00,2025-04-23 03:00:00
BONK,False,1745463600000,1745629200000,0.44193443690608863,1.9166666666666667,False,0.21954022988505748,,42.0,0.5503399289932573,0.17888502517719337,OI_TREND;SHOCK;LS_EXT,False,0.10265804597701149,,42.0,0.5503399289932573,0.17888502517719337,OI_TREND;SHOCK;LS_EXT,True,0.6760775862068965,,0.0,0.0,0.44193443690608863,RESID;LS_EXT,21.0,42.0,2025-04-24 03:00:00,2025-04-26 01:00:00
BONK,False,1746385200000,1747036800000,0.45270165104564764,7.541666666666667,False,0.21954022988505748,,,,,,False,0.10265804597701149,,,,,,False,0.6760775862068965,,8.0,0.208701475985171,0.34378555947789213,FUND_COLD,35.0,109.0,2025-05-04 19:00:00,2025-05-12 08:00:00
BONK,False,1747519200000,1747994400000,0.24992386375494374,5.5,False,0.21954022988505748,,,,,,False,0.10265804597701149,,,,,,True,0.6760775862068965,,91.0,0.26713135446958647,0.17761389996028715,SHOCK,10.0,106.0,2025-05-17 22:00:00,2025-05-23 10:00:00
BONK,False,1750960800000,1751954400000,0.7853380453259936,11.5,False,0.21954022988505748,,58.0,0.20670448873480218,0.5837575961182316,OI_TREND;RESID,False,0.10265804597701149,,58.0,0.20670448873480218,0.5837575961182316,OI_TREND;RESID,False,0.6760775862068965,,48.0,0.18906737910654736,0.6000307612746132,RESID,149.0,196.0,2025-06-26 18:00:00,2025-07-08 06:00:00
BONK,False,1752296400000,1752728400000,0.7861981928813393,5.0,False,0.21954022988505748,,,,,,False,0.10265804597701149,,,,,,True,0.6760775862068965,,0.0,0.0,0.7861981928813393,LS_EXT,14.0,73.0,2025-07-12 05:00:00,2025-07-17 05:00:00
BONK,False,1757012400000,1757772000000,0.33885079287131825,8.791666666666666,True,0.21954022988505748,FUND_COLD;SHORT_CROWD,,,,,False,0.10265804597701149,,,,,,True,0.6760775862068965,,0.0,0.0,0.33885079287131825,SHORT_CROWD,77.0,92.0,2025-09-04 19:00:00,2025-09-13 14:00:00
BONK,False,1760133600000,1760169600000,0.256704980925219,0.4166666666666667,False,0.21954022988505748,,1.0,0.30051762288257666,0.17330783301449668,FUND_COLD;RESID;SHOCK;VOL;LS_EXT,False,0.10265804597701149,,1.0,0.30051762288257666,0.17330783301449668,FUND_COLD;RESID;SHOCK;VOL;LS_EXT,True,0.6760775862068965,,0.0,0.0,0.256704980925219,RESID;VOL,1.0,4.0,2025-10-10 22:00:00,2025-10-11 08:00:00
BONK,False,1760212800000,1760385600000,0.21423542158133832,2.0,True,0.21954022988505748,OI_FLUSH;RESID;VOL;LS_EXT,0.0,0.0,0.21423542158133832,OI_FLUSH;RESID;VOL,True,0.10265804597701149,FUND_COLD;RESID;SHOCK;VOL;LS_EXT,1.0,0.06605503557656453,0.19876558660565313,SHORT_COVER;RESID;LS_EXT,True,0.6760775862068965,,0.0,0.0,0.21423542158133832,OI_FLUSH;RESID;VOL,18.0,19.0,2025-10-11 20:00:00,2025-10-13 20:00:00
BONK,False,1762239600000,1762538400000,0.21732181529496616,3.4583333333333335,True,0.21954022988505748,OI_DIV;SHORT_CROWD,,,,,False,0.10265804597701149,,,,,,True,0.6760775862068965,,0.0,0.0,0.21732181529496616,OI_DIV;SHORT_CROWD,28.0,72.0,2025-11-04 07:00:00,2025-11-07 18:00:00
BONK,False,1767236400000,1767535200000,0.6524599632815882,3.4583333333333335,False,0.21954022988505748,,31.0,0.2847289125665284,0.4322629541080412,OI_TREND;RESID,False,0.10265804597701149,,31.0,0.2847289125665284,0.4322629541080412,OI_TREND;RESID,True,0.6760775862068965,,16.0,0.14038384248181746,0.5399580330456257,RESID,37.0,71.0,2026-01-01 03:00:00,2026-01-04 14:00:00
BONK,False,1770793200000,1771106400000,0.22029514144611032,3.625,False,0.21954022988505748,,,,,,False,0.10265804597701149,,,,,,True,0.6760775862068965,,1.0,0.03155437214238025,0.21265297645787742,OI_DIV,24.0,80.0,2026-02-11 07:00:00,2026-02-14 22:00:00
BONK,False,1777924800000,1778436000000,0.27865746936433194,5.916666666666667,False,0.21954022988505748,,33.0,0.238514938543956,0.20584571301274246,OI_TREND;RESID,False,0.10265804597701149,,33.0,0.238514938543956,0.20584571301274246,OI_TREND;RESID,False,0.6760775862068965,,15.0,0.1376548721698713,0.23611529859306046,OI_DIV,34.0,91.0,2026-05-04 20:00:00,2026-05-10 18:00:00
BONK,False,1782414000000,1783134000000,0.22487646087421675,8.333333333333334,False,0.21954022988505748,,1.0,0.01161154455571548,0.22199492175340654,FUND_COLD;SHORT_CROWD,False,0.10265804597701149,,194.0,0.7257477357683345,0.05720573317222287,OI_TREND;RESID;SHOCK,True,0.6760775862068965,,1.0,0.01161154455571548,0.22199492175340654,FUND_COLD;SHORT_CROWD,94.0,194.0,2026-06-25 19:00:00,2026-07-04 03:00:00
BONK,False,1787155200000,1787371200000,0.3179241872909994,2.5,False,0.21954022988505748,,50.0,0.3980213959400886,0.1807867544332829,RESID;SHOCK;VOL,False,0.10265804597701149,,50.0,0.3980213959400886,0.1807867544332829,RESID;SHOCK;VOL,False,0.6760775862068965,,16.0,0.13521273919870905,0.2696374239460719,SHOCK,39.0,49.0,2026-08-19 16:00:00,2026-08-22 04:00:00
BONK,False,1789570800000,1790154000000,0.45556189149502424,6.75,False,0.21954022988505748,,134.0,0.7212772930342533,0.11030002992362617,OI_TREND;RESID;SHOCK,False,0.10265804597701149,,134.0,0.7212772930342533,0.11030002992362617,OI_TREND;RESID;SHOCK,False,0.6760775862068965,,1.0,0.03822047726107158,0.4348270856917725,FUND_COLD,36.0,119.0,2026-09-16 15:00:00,2026-09-23 09:00:00
CC,False,1763892000000,1764025200000,0.2632038511515765,1.5416666666666667,False,0.17894874135907135,,,,,,False,0.10251728185731056,,,,,,True,0.6281466023216382,,,,,,14.0,18.0,2025-11-23 10:00:00,2025-11-24 23:00:00
CC,False,1765015200000,1765209600000,0.29701367335524276,2.25,False,0.17894874135907135,,54.0,1.0,0.0,OI_TREND;RESID,False,0.10251728185731056,,54.0,1.0,0.0,OI_TREND;RESID,False,0.6281466023216382,,6.0,0.2438714196831999,0.21730836300217457,FUND_COLD,2.0,47.0,2025-12-06 10:00:00,2025-12-08 16:00:00
CC,False,1765526400000,1766235600000,0.6454654666980767,8.208333333333334,False,0.17894874135907135,,195.0,0.8283009037223686,0.08927261848759398,FUND_COLD;RESID;SHORT_CROWD,False,0.10251728185731056,,195.0,0.8283009037223686,0.08927261848759398,FUND_COLD;RESID;SHORT_CROWD,False,0.6281466023216382,,1.0,0.11385812280868537,0.554757063730723,SHOCK,129.0,187.0,2025-12-12 08:00:00,2025-12-20 13:00:00
CC,False,1766505600000,1766631600000,0.3481276227703454,1.4583333333333333,True,0.17894874135907135,OI_FLUSH;RESID,,,,,False,0.10251728185731056,,,,,,True,0.6281466023216382,,6.0,0.4311437962078914,0.1852181360166409,SHOCK,6.0,21.0,2025-12-23 16:00:00,2025-12-25 03:00:00
CC,False,1766750400000,1766962800000,0.49088437945923685,2.4583333333333335,False,0.17894874135907135,,,,,,False,0.10251728185731056,,,,,,True,0.6281466023216382,,54.0,0.724310624058388,0.1163918525426675,SHOCK,24.0,34.0,2025-12-26 12:00:00,2025-12-28 23:00:00
CC,False,1766998800000,1767265200000,0.41355825058437845,3.0833333333333335,False,0.17894874135907135,,,,,,False,0.10251728185731056,,,,,,True,0.6281466023216382,,,,,,27.0,37.0,2025-12-29 09:00:00,2026-01-01 11:00:00
CC,False,1767996000000,1768244400000,0.20927864255441178,2.875,False,0.17894874135907135,,,,,,False,0.10251728185731056,,,,,,True,0.6281466023216382,,9.0,0.2142824056983544,0.1610272978469896,LS_EXT,6.0,39.0,2026-01-09 22:00:00,2026-01-12 19:00:00
CC,False,1768845600000,1770332400000,1.2370745933418608,17.208333333333332,False,0.17894874135907135,,251.0,0.7338187910289413,0.23902014932920795,OI_TREND;SHORT_CROWD,False,0.10251728185731056,,251.0,0.7338187910289413,0.23902014932920795,OI_TREND;SHORT_CROWD,True,0.6281466023216382,,1.0,0.030086811951635654,1.1835326744780053,LS_EXT,31.0,100.0,2026-01-19 18:00:00,2026-02-05 23:00:00
CC,False,1774440000000,1774764000000,0.20902605342636713,3.75,False,0.17894874135907135,,,,,,False,0.10251728185731056,,,,,,False,0.6281466023216382,,4.0,0.25315099492623305,0.1523037901566867,SHOCK,35.0,44.0,2026-03-25 12:00:00,2026-03-29 06:00:00
CC,False,1778932800000,1780837200000,0.46440506434105144,22.041666666666668,True,0.17894874135907135,OI_FLUSH;RESID,431.0,0.5208914133965602,0.20052086917890674,FUND_COLD;SHORT_CROWD,True,0.10251728185731056,OI_TREND;VOL;LS_EXT,,,,,True,0.6281466023216382,,0.0,0.0,0.46440506434105144,OI_FLUSH;RESID,128.0,412.0,2026-05-16 12:00:00,2026-06-07 13:00:00
CC,False,1787274000000,1787572800000,0.2494127506156413,3.4583333333333335,False,0.17894874135907135,,21.0,0.44468873437103873,0.1316233351812991,RESID;SHOCK;LS_EXT,False,0.10251728185731056,,21.0,0.44468873437103873,0.1316233351812991,RESID;SHOCK;LS_EXT,True,0.6281466023216382,,19.0,0.3194196532821953,0.16363334511269825,LS_EXT,19.0,25.0,2026-08-21 01:00:00,2026-08-24 12:00:00
CC,False,1789567200000,1789718400000,0.20793055894890927,1.75,False,0.17894874135907135,,,,,,False,0.10251728185731056,,,,,,False,0.6281466023216382,,4.0,0.33236495145499234,0.13442057205405572,SHOCK,4.0,9.0,2026-09-16 14:00:00,2026-09-18 08:00:00
CC,False,1790175600000,1790560800000,0.3639602016406724,4.458333333333333,False,0.17894874135907135,,43.0,0.3381346705953701,0.2280627843051075,OI_TREND;RESID,False,0.10251728185731056,,43.0,0.3381346705953701,0.2280627843051075,OI_TREND;RESID,True,0.6281466023216382,,1.0,0.031632513525271834,0.3506337005297594,SHORT_CROWD,41.0,49.0,2026-09-23 15:00:00,2026-09-28 02:00:00
CRV,False,1741629600000,1743084000000,0.5259885425933091,16.833333333333332,False,0.20129310344827586,,390.0,0.8457520416722915,0.06736365158802125,FUND_COLD;SHORT_CROWD,False,0.08311781609195402,,392.0,0.8917907277205229,0.046795747423192674,OI_TREND;FUND_COLD;SHORT_CROWD,True,0.6335488505747127,,0.0,0.0,0.5259885425933091,LS_EXT,157.0,209.0,2025-03-10 18:00:00,2025-03-27 14:00:00
CRV,False,1744005600000,1744372800000,0.40872186248602677,4.25,False,0.20129310344827586,,92.0,0.9207711555215965,0.02752229276989268,OI_TREND;RESID,False,0.08311781609195402,,92.0,0.9207711555215965,0.02752229276989268,OI_TREND;RESID,True,0.6335488505747127,,2.0,0.1548078090868942,0.3359368918015993,SHOCK,27.0,59.0,2025-04-07 06:00:00,2025-04-11 12:00:00
CRV,False,1747656000000,1747972800000,0.22639286446825493,3.6666666666666665,False,0.20129310344827586,,13.0,0.38353818095646824,0.1340619354423539,OI_TREND;SHOCK,False,0.08311781609195402,,13.0,0.38353818095646824,0.1340619354423539,OI_TREND;SHOCK,False,0.6335488505747127,,13.0,0.38353818095646824,0.1340619354423539,OI_TREND;SHOCK,13.0,17.0,2025-05-19 12:00:00,2025-05-23 04:00:00
CRV,False,1751738400000,1752825600000,0.9682478978072728,12.583333333333334,True,0.20129310344827586,OI_DIV;FUND_COLD;SHORT_CROWD;COIL,222.0,0.37702872855080527,0.5247662292670898,OI_TREND;FUND_COLD;SHORT_CROWD,False,0.08311781609195402,,222.0,0.37702872855080527,0.5247662292670898,OI_TREND;FUND_COLD;SHORT_CROWD,True,0.6335488505747127,,48.0,0.04113878197620643,0.9141753164463594,SHORT_COVER,185.0,245.0,2025-07-05 18:00:00,2025-07-18 08:00:00
CRV,False,1753203600000,1753434000000,0.2099387930941071,2.6666666666666665,False,0.20129310344827586,,,,,,False,0.08311781609195402,,,,,,True,0.6335488505747127,,23.0,0.12447407258695573,0.18157557182937564,SHOCK,6.0,13.0,2025-07-22 17:00:00,2025-07-25 09:00:00
CRV,False,1760212800000,1760385600000,0.2871406537123204,2.0,True,0.20129310344827586,OI_FLUSH;RESID;VOL;LS_EXT,0.0,0.0,0.2871406537123204,OI_FLUSH;RESID;VOL;LS_EXT,False,0.08311781609195402,,,,,,True,0.6335488505747127,,0.0,0.0,0.2871406537123204,OI_FLUSH;RESID;VOL;LS_EXT,19.0,20.0,2025-10-11 20:00:00,2025-10-13 20:00:00
CRV,False,1762232400000,1762812000000,0.2901744685805446,6.708333333333333,False,0.20129310344827586,,,,,,False,0.08311781609195402,,,,,,False,0.6335488505747127,,16.0,0.24420444713589645,0.2123488404146503,RESID,70.0,82.0,2025-11-04 05:00:00,2025-11-10 22:00:00
CRV,False,1776963600000,1778583600000,0.26582567529068907,18.75,True,0.20129310344827586,OI_DIV;LS_EXT,146.0,0.2045011754835393,0.20625275273865343,OI_FLUSH;FUND_COLD;LS_EXT,False,0.08311781609195402,,148.0,0.289612254150464,0.18229312544630846,SHORT_COVER;FUND_COLD;LS_EXT,True,0.6335488505747127,,0.0,0.0,0.26582567529068907,OI_DIV,102.0,358.0,2026-04-23 17:00:00,2026-05-12 11:00:00
CRV,False,1780718400000,1781233200000,0.45373562674429757,5.958333333333333,False,0.20129310344827586,,119.0,0.7310391414134116,0.10586527675728177,OI_TREND;RESID;SHOCK,False,0.08311781609195402,,119.0,0.7310391414134116,0.10586527675728177,OI_TREND;RESID;SHOCK,True,0.6335488505747127,,0.0,0.0,0.45373562674429757,SHOCK,83.0,108.0,2026-06-06 04:00:00,2026-06-12 03:00:00
CRV,False,1785038400000,1786518000000,0.4222011338030523,17.125,True,0.20129310344827586,SHORT_CROWD;COIL,383.0,0.804044112017055,0.07145420253568614,RESID;VOL;LS_EXT,False,0.08311781609195402,,383.0,0.804044112017055,0.07145420253568614,RESID;VOL;LS_EXT,True,0.6335488505747127,,4.0,0.017297770230517213,0.4135628924306182,FUND_COLD,321.0,368.0,2026-07-26 04:00:00,2026-08-12 07:00:00
CRV,False,1787180400000,1787428800000,0.21341047914075775,2.875,False,0.20129310344827586,,28.0,0.8389948599513122,0.03163407414545539,OI_TREND;RESID;SHOCK;VOL,False,0.08311781609195402,,28.0,0.8389948599513122,0.03163407414545539,OI_TREND;RESID;SHOCK;VOL,True,0.6335488505747127,,11.0,0.25131563015706787,0.15583351373503807,SHOCK,24.0,27.0,2026-08-19 23:00:00,2026-08-22 20:00:00
CRV,False,1788130800000,1788318000000,0.303583757619519,2.1666666666666665,False,0.20129310344827586,,28.0,0.6823866609458569,0.08785162141636425,OI_TREND;RESID,False,0.08311781609195402,,28.0,0.6823866609458569,0.08785162141636425,OI_TREND;RESID,True,0.6335488505747127,,21.0,0.41530187301574395,0.16767376558617192,SHOCK,21.0,26.0,2026-08-30 23:00:00,2026-09-02 03:00:00
CRV,False,1790193600000,1790690400000,0.27788075043382826,5.75,False,0.20129310344827586,,3.0,0.036602283799250804,0.2664630950921035,FUND_COLD;SHORT_CROWD,False,0.08311781609195402,,126.0,0.7394936855784686,0.06596121433194953,OI_TREND;RESID,True,0.6335488505747127,,0.0,0.0,0.27788075043382826,FUND_COLD,19.0,118.0,2026-09-23 20:00:00,2026-09-29 14:00:00
DASH,False,1750597200000,1753030800000,0.21313070060687428,28.166666666666668,True,0.22313218390804598,FUND_COLD;SHOCK,258.0,0.3475290529001355,0.13435050053492675,OI_TREND;RESID,False,0.10948275862068965,,258.0,0.3475290529001355,0.13435050053492675,OI_TREND;RESID,True,0.6514367816091954,,0.0,0.0,0.21313070060687428,SHOCK,40.0,615.0,2025-06-22 13:00:00,2025-07-20 17:00:00
DASH,False,1753876800000,1757300400000,0.3028043425235894,39.625,False,0.22313218390804598,,484.0,0.30360597305330866,0.20226772048352873,OI_FLUSH;FUND_COLD,False,0.10948275862068965,,655.0,0.6696747354828623,0.0913084081386786,FUND_COLD;RESID,True,0.6514367816091954,,156.0,0.17116485876978435,0.24513349430989576,FUND_COLD,207.0,252.0,2025-07-30 12:00:00,2025-09-08 03:00:00
DASH,False,1758877200000,1759410000000,0.7365150158495551,6.166666666666667,False,0.22313218390804598,,121.0,0.33328646665626777,0.4447640557741886,OI_TREND;RESID;SHOCK;VOL,False,0.10948275862068965,,121.0,0.33328646665626777,0.4447640557741886,OI_TREND;RESID;SHOCK;VOL,True,0.6514367816091954,,86.0,0.14605983634459305,0.6020318066199186,OI_TREND,121.0,128.0,2025-09-26 09:00:00,2025-10-02 13:00:00
DASH,False,1759572000000,1759676400000,0.20958926394012306,1.2083333333333333,True,0.22313218390804598,OI_FLUSH;VOL;LS_EXT,,,,,True,0.10948275862068965,OI_TREND;FUND_COLD;RESID;SHOCK;VOL;SHORT_CROWD;LS_EXT,,,,,True,0.6514367816091954,,0.0,0.0,0.20958926394012306,RESID,8.0,8.0,2025-10-04 10:00:00,2025-10-05 15:00:00
DASH,False,1759996800000,1760090400000,0.5722889281969321,1.0833333333333333,False,0.22313218390804598,,12.0,0.3234870802047568,0.35817795846015216,SHOCK;SHORT_CROWD,False,0.10948275862068965,,12.0,0.3234870802047568,0.35817795846015216,SHOCK;SHORT_CROWD,True,0.6514367816091954,,12.0,0.3234870802047568,0.35817795846015216,SHOCK;SHORT_CROWD,12.0,17.0,2025-10-09 08:00:00,2025-10-10 10:00:00
DASH,False,1760158800000,1760169600000,0.2554913909305186,0.125,True,0.22313218390804598,OI_FLUSH;VOL,2.0,0.5432696557727473,0.10951003109585027,OI_FLUSH;SHOCK,True,0.10948275862068965,SHORT_COVER;SHOCK;VOL,2.0,0.5432696557727473,0.10951003109585027,OI_FLUSH;SHOCK,True,0.6514367816091954,,0.0,0.0,0.2554913909305186,OI_FLUSH,2.0,2.0,2025-10-11 05:00:00,2025-10-11 08:00:00
DASH,False,1760212800000,1760263200000,0.5374851971531612,0.5833333333333334,True,0.22313218390804598,OI_FLUSH;FUND_COLD,12.0,0.8946530725971469,0.04635718028602047,FUND_COLD;SHORT_CROWD,True,0.10948275862068965,OI_FLUSH;SHOCK,13.0,0.9223291921741118,0.03397432999174531,OI_TREND;FUND_COLD;RESID;SHORT_CROWD,True,0.6514367816091954,,0.0,0.0,0.5374851971531612,OI_FLUSH;FUND_COLD,10.0,10.0,2025-10-11 20:00:00,2025-10-12 10:00:00
DASH,False,1761321600000,1761526800000,0.2947356140677476,2.375,False,0.22313218390804598,,,,,,False,0.10948275862068965,,,,,,False,0.6514367816091954,,,,,,39.0,40.0,2025-10-24 16:00:00,2025-10-27 01:00:00
DASH,False,1761847200000,1762131600000,1.1981515197679589,3.2916666666666665,False,0.22313218390804598,,39.0,0.6168507649338922,0.35225662390633183,OI_TREND;RESID;SHOCK,False,0.10948275862068965,,39.0,0.6168507649338922,0.35225662390633183,OI_TREND;RESID;SHOCK,False,0.6514367816091954,,29.0,0.2750648714544433,0.7699850108486269,OI_TREND,30.0,39.0,2025-10-30 18:00:00,2025-11-03 01:00:00
DASH,False,1762160400000,1762228800000,0.7856679493730191,0.7916666666666666,True,0.22313218390804598,FUND_COLD;VOL,18.0,0.8685310999840121,0.07920503169861216,RESID;SHOCK;VOL,True,0.10948275862068965,OI_TREND;FUND_COLD;RESID;VOL;SHORT_CROWD,18.0,0.8685310999840121,0.07920503169861216,RESID;SHOCK;VOL,True,0.6514367816091954,,0.0,0.0,0.7856679493730191,VOL,8.0,9.0,2025-11-03 09:00:00,2025-11-04 04:00:00
DASH,False,1762394400000,1762426800000,0.2895847494898244,0.375,True,0.22313218390804598,FUND_COLD;VOL,,,,,True,0.10948275862068965,FUND_COLD;RESID;SHOCK;VOL,,,,,True,0.6514367816091954,,,,,,7.0,7.0,2025-11-06 02:00:00,2025-11-06 11:00:00
DASH,False,1762657200000,1762686000000,0.23240492138899602,0.3333333333333333,False,0.22313218390804598,,,,,,False,0.10948275862068965,,,,,,True,0.6514367816091954,,,,,,6.0,6.0,2025-11-09 03:00:00,2025-11-09 11:00:00
DASH,False,1763067600000,1763175600000,0.4608029538853812,1.25,False,0.22313218390804598,,,,,,False,0.10948275862068965,,,,,,False,0.6514367816091954,,28.0,0.8895066903284807,0.04276458954513803,SHOCK,15.0,18.0,2025-11-13 21:00:00,2025-11-15 03:00:00
DASH,False,1763215200000,1763308800000,0.2849940170538039,1.0833333333333333,False,0.22313218390804598,,0.0,0.0,0.2849940170538039,FUND_COLD;SHORT_CROWD,False,0.10948275862068965,,,,,,True,0.6514367816091954,,0.0,0.0,0.2849940170538039,FUND_COLD;SHORT_CROWD,9.0,9.0,2025-11-15 14:00:00,2025-11-16 16:00:00
DASH,False,1764075600000,1764201600000,0.22511337642793045,1.4583333333333333,False,0.22313218390804598,,28.0,0.7487391887314663,0.05233797819103212,FUND_COLD;SHORT_CROWD,False,0.10948275862068965,,,,,,True,0.6514367816091954,,19.0,0.3106616519831041,0.15022629694035491,FUND_COLD,13.0,25.0,2025-11-25 13:00:00,2025-11-27 00:00:00
DASH,False,1766106000000,1766847600000,0.2821116490497471,8.583333333333334,False,0.22313218390804598,,203.0,0.7853947395628664,0.054778950562968214,OI_TREND;RESID,False,0.10948275862068965,,203.0,0.7853947395628664,0.054778950562968214,OI_TREND;RESID,False,0.6514367816091954,,202.0,0.7651045432412598,0.060110878028440326,RESID,18.0,200.0,2025-12-19 01:00:00,2025-12-27 15:00:00
DASH,False,1768035600000,1768302000000,0.7055133485918784,3.0833333333333335,False,0.22313218390804598,,59.0,0.08549729014665475,0.62941660635498,FUND_COLD;SHORT_CROWD,False,0.10948275862068965,,66.0,0.3337750654492968,0.4271435664265918,OI_TREND;RESID;SHOCK;SHORT_CROWD,True,0.6514367816091954,,41.0,0.052886344664726685,0.6580329343901223,SHORT_CROWD,66.0,72.0,2026-01-10 09:00:00,2026-01-13 11:00:00
DASH,False,1768327200000,1768410000000,0.5279070488792942,0.9583333333333334,True,0.22313218390804598,OI_TREND;FUND_COLD;RESID;VOL;SHORT_CROWD;LS_EXT,5.0,0.13113615796542663,0.4452905724284533,OI_TREND;FUND_COLD;RESID;VOL;SHORT_CROWD;LS_EXT,True,0.10948275862068965,OI_TREND;FUND_COLD;RESID;VOL;SHORT_CROWD;LS_EXT,5.0,0.13113615796542663,0.4452905724284533,OI_TREND;FUND_COLD;RESID;VOL;SHORT_CROWD;LS_EXT,True,0.6514367816091954,,0.0,0.0,0.5279070488792942,OI_TREND;FUND_COLD;RESID;VOL;SHORT_CROWD;LS_EXT,12.0,15.0,2026-01-13 18:00:00,2026-01-14 17:00:00
DASH,False,1768492800000,1768546800000,0.21912117742642112,0.625,True,0.22313218390804598,FUND_COLD;VOL;LS_EXT,3.0,0.4138893689198786,0.12313765650916055,FUND_COLD;SHOCK;VOL;LS_EXT,True,0.10948275862068965,SHORT_COVER;FUND_COLD;SHOCK;VOL;LS_EXT,3.0,0.4138893689198786,0.12313765650916055,FUND_COLD;SHOCK;VOL;LS_EXT,True,0.6514367816091954,,0.0,0.0,0.21912117742642112,FUND_COLD;VOL;LS_EXT,3.0,10.0,2026-01-15 16:00:00,2026-01-16 07:00:00
DASH,False,1768701600000,1768748400000,0.25041097275693747,0.5416666666666666,True,0.22313218390804598,FUND_COLD;RESID,13.0,1.0,0.0,FUND_COLD;SHOCK,False,0.10948275862068965,,13.0,1.0,0.0,FUND_COLD;SHOCK,True,0.6514367816091954,,11.0,0.6427063393175834,0.08311941745923587,SHOCK,6.0,11.0,2026-01-18 02:00:00,2026-01-18 15:00:00
DASH,False,1775512800000,1775901600000,0.49728778729509526,4.5,False,0.22313218390804598,,75.0,0.43509281111410664,0.2561202420092901,OI_TREND;RESID;SHOCK;VOL,False,0.10948275862068965,,75.0,0.43509281111410664,0.2561202420092901,OI_TREND;RESID;SHOCK;VOL,True,0.6514367816091954,,0.0,0.0,0.49728778729509526,OI_FLUSH,70.0,76.0,2026-04-06 22:00:00,2026-04-11 10:00:00
DASH,False,1776574800000,1777928400000,0.4135714570624271,15.666666666666666,False,0.22313218390804598,,357.0,0.6743688698032706,0.11930422852617831,OI_TREND;RESID;SHOCK,False,0.10948275862068965,,357.0,0.6743688698032706,0.11930422852617831,OI_TREND;RESID;SHOCK,False,0.6514367816091954,,355.0,0.517671413703953,0.1816872677471396,SHOCK,346.0,355.0,2026-04-19 05:00:00,2026-05-04 21:00:00
DASH,False,1777982400000,1778068800000,0.25095384166530466,1.0,True,0.22313218390804598,OI_TREND;RESID;SHOCK;VOL,,,,,True,0.10948275862068965,OI_TREND;RESID;SHOCK;VOL,,,,,True,0.6514367816091954,,17.0,0.4911031462142136,0.12069074155831229,SHOCK,9.0,19.0,2026-05-05 12:00:00,2026-05-06 12:00:00
DASH,False,1778925600000,1779332400000,0.30691865823758846,4.708333333333333,False,0.22313218390804598,,,,,,False,0.10948275862068965,,,,,,False,0.6514367816091954,,42.0,0.25716013525759174,0.21998379855966135,SHOCK,93.0,96.0,2026-05-16 10:00:00,2026-05-21 03:00:00
DASH,False,1780646400000,1780833600000,0.22946228625923776,2.1666666666666665,True,0.22313218390804598,FUND_COLD;RESID,,,,,False,0.10948275862068965,,,,,,True,0.6514367816091954,,8.0,0.19042849945951681,0.18203647534465842,SHOCK,39.0,45.0,2026-06-05 08:00:00,2026-06-07 12:00:00
DASH,False,1787274000000,1787364000000,0.34392679008664095,1.0416666666666667,False,0.22313218390804598,,17.0,0.050523622102774036,0.32400495509898597,OI_TREND;VOL,False,0.10948275862068965,,17.0,0.050523622102774036,0.32400495509898597,OI_TREND;VOL,True,0.6514367816091954,,5.0,0.03637795478155386,0.3295527393036548,VOL,20.0,24.0,2026-08-21 01:00:00,2026-08-22 02:00:00
DASH,False,1787760000000,1788195600000,0.24833318210287544,5.041666666666667,False,0.22313218390804598,,103.0,0.5239357663911658,0.11137215794274243,OI_DIV;SHOCK,False,0.10948275862068965,,121.0,1.0,0.0,OI_TREND;RESID;LS_EXT,True,0.6514367816091954,,0.0,0.0,0.24833318210287544,LS_EXT,68.0,70.0,2026-08-26 16:00:00,2026-08-31 17:00:00
DASH,False,1788440400000,1788670800000,0.791584302430748,2.6666666666666665,False,0.22313218390804598,,13.0,0.22824679534952497,0.5683271403856802,OI_TREND;SHOCK,False,0.10948275862068965,,13.0,0.22824679534952497,0.5683271403856802,OI_TREND;SHOCK,True,0.6514367816091954,,0.0,0.0,0.791584302430748,FUND_COLD,19.0,32.0,2026-09-03 13:00:00,2026-09-06 05:00:00
DASH,False,1789524000000,1789704000000,0.21482600943710542,2.0833333333333335,False,0.22313218390804598,,,,,,False,0.10948275862068965,,,,,,False,0.6514367816091954,,14.0,0.48871596557676394,0.10461440030280787,FUND_COLD,9.0,16.0,2026-09-16 02:00:00,2026-09-18 04:00:00
DASH,False,1790211600000,1790456400000,0.27716669201978494,2.8333333333333335,False,0.22313218390804598,,,,,,False,0.10948275862068965,,,,,,True,0.6514367816091954,,0.0,0.0,0.27716669201978494,FUND_COLD,12.0,57.0,2026-09-24 01:00:00,2026-09-26 21:00:00
DOGE,False,1741651200000,1742983200000,0.21592384140144458,15.416666666666666,True,0.18757183908045977,OI_DIV;RESID,18.0,0.2576386148065144,0.1561953368202435,SHORT_COVER;SHOCK,False,0.09310344827586207,,18.0,0.2576386148065144,0.1561953368202435,SHORT_COVER;SHOCK,True,0.6444683908045977,,1.0,0.07125364064868395,0.19910298962515605,OI_FLUSH,19.0,330.0,2025-03-11 00:00:00,2025-03-26 10:00:00
DOGE,False,1746547200000,1746921600000,0.3601661998258351,4.333333333333333,False,0.18757183908045977,,46.0,0.1996069608659847,0.2791635912111417,OI_TREND;RESID,False,0.09310344827586207,,46.0,0.1996069608659847,0.2791635912111417,OI_TREND;RESID,False,0.6444683908045977,,42.0,0.1743291108132154,0.2891486780495109,OI_TREND,63.0,85.0,2025-05-06 16:00:00,2025-05-11 00:00:00
DOGE,False,1750626000000,1752256800000,0.21974926698926886,18.875,False,0.18757183908045977,,250.0,0.39897480279360437,0.12681023687011383,OI_TREND;RESID,False,0.09310344827586207,,250.0,0.39897480279360437,0.12681023687011383,OI_TREND;RESID,True,0.6444683908045977,,1.0,0.06501222374109789,0.20409824796051945,SHOCK,32.0,407.0,2025-06-22 21:00:00,2025-07-11 18:00:00
DOGE,False,1752548400000,1753113600000,0.4749130332461277,6.541666666666667,False,0.18757183908045977,,40.0,0.19481350345236004,0.3673775243008779,OI_TREND;RESID,False,0.09310344827586207,,40.0,0.19481350345236004,0.3673775243008779,OI_TREND;RESID,True,0.6444683908045977,,0.0,0.0,0.4749130332461277,LS_EXT,56.0,74.0,2025-07-15 03:00:00,2025-07-21 16:00:00
DOGE,False,1754175600000,1754762400000,0.24030302728954234,6.791666666666667,False,0.18757183908045977,,,,,,False,0.09310344827586207,,,,,,True,0.6444683908045977,,64.0,0.15716211855343906,0.19902648419591654,FUND_COLD,46.0,119.0,2025-08-02 23:00:00,2025-08-09 18:00:00
DOGE,False,1756155600000,1757754000000,0.3632544670559275,18.5,False,0.18757183908045977,,220.0,0.11831806864698032,0.3141775595834932,OI_DIV;COIL,False,0.09310344827586207,,444.0,1.0,0.0,OI_TREND;RESID;SHOCK,False,0.6444683908045977,,2.0,0.026695497076798167,0.35202378365556813,FUND_COLD,317.0,390.0,2025-08-25 21:00:00,2025-09-13 09:00:00
DOGE,False,1767204000000,1767528000000,0.25602722617531914,3.75,True,0.18757183908045977,OI_DIV;LS_EXT,0.0,0.0,0.25602722617531914,OI_DIV;RESID;LS_EXT,False,0.09310344827586207,,21.0,0.25611018554889536,0.18479820488544807,OI_TREND;SHOCK,True,0.6444683908045977,,0.0,0.0,0.25602722617531914,OI_DIV;RESID;LS_EXT,32.0,45.0,2025-12-31 18:00:00,2026-01-04 12:00:00
DOGE,False,1769878800000,1771128000000,0.2764319426781254,14.458333333333334,True,0.18757183908045977,FUND_COLD;SHORT_CROWD,0.0,0.0,0.2764319426781254,FUND_COLD;SHOCK,True,0.09310344827586207,OI_TREND;FUND_COLD;SHORT_CROWD,339.0,0.7670670126670172,0.05849875732409975,OI_TREND;RESID,True,0.6444683908045977,,0.0,0.0,0.2764319426781254,FUND_COLD;SHOCK,70.0,333.0,2026-01-31 17:00:00,2026-02-15 04:00:00
DOT,False,1746633600000,1747051200000,0.27022695210581915,4.833333333333333,False,0.20294540229885058,,58.0,0.7890729047684442,0.05174725163276901,RESID;SHOCK;VOL,False,0.07995689655172414,,58.0,0.7890729047684442,0.05174725163276901,RESID;SHOCK;VOL,False,0.6694683908045977,,46.0,0.5099860033660352,0.12435460381587278,VOL,32.0,43.0,2025-05-07 16:00:00,2025-05-12 12:00:00
DOT,False,1751738400000,1753106400000,0.277597483474526,15.833333333333334,False,0.20294540229885058,,,,,,False,0.07995689655172414,,,,,,True,0.6694683908045977,,0.0,0.0,0.277597483474526,COIL,110.0,239.0,2025-07-05 18:00:00,2025-07-21 14:00:00
DOT,False,1762200000000,1762567200000,0.4075986607431769,4.25,False,0.20294540229885058,,84.0,0.47232856232810266,0.19769998903989325,RESID;SHORT_CROWD,False,0.07995689655172414,,84.0,0.47232856232810266,0.19769998903989325,RESID;SHORT_CROWD,True,0.6694683908045977,,9.0,0.04136353149747727,0.38783308183967075,SHOCK,76.0,91.0,2025-11-03 20:00:00,2025-11-08 02:00:00
DOT,False,1766707200000,1767398400000,0.2762759529443649,8.0,False,0.20294540229885058,,,,,,False,0.07995689655172414,,,,,,False,0.6694683908045977,,0.0,0.0,0.2762759529443649,SHORT_CROWD,39.0,47.0,2025-12-26 00:00:00,2026-01-03 00:00:00
DOT,False,1770742800000,1772053200000,0.3650591803946648,15.166666666666666,False,0.20294540229885058,,230.0,0.13005047625598412,0.31091630658092556,FUND_COLD;SHORT_CROWD,False,0.07995689655172414,,358.0,0.6565664663610818,0.11279598586098812,OI_TREND;RESID,True,0.6694683908045977,,199.0,0.21610410431106114,0.27627625857496035,SHORT_CROWD,97.0,355.0,2026-02-10 17:00:00,2026-02-25 21:00:00
DOT,False,1788188400000,1788908400000,0.5139727132479011,8.333333333333334,False,0.20294540229885058,,168.0,0.6405648806607498,0.16075550496353808,OI_TREND;RESID;VOL,False,0.07995689655172414,,168.0,0.6405648806607498,0.16075550496353808,OI_TREND;RESID;VOL,True,0.6694683908045977,,93.0,0.047439658258030565,0.4844764394991265,SHOCK,139.0,166.0,2026-08-31 15:00:00,2026-09-08 23:00:00
ENA,False,1741302000000,1741597200000,0.38880930995389135,3.4166666666666665,True,0.18168103448275863,OI_DIV;LS_EXT,,,,,True,0.09310344827586207,OI_DIV;SHOCK,,,,,True,0.7000718390804598,,0.0,0.0,0.38880930995389135,LS_EXT,9.0,15.0,2025-03-06 23:00:00,2025-03-10 09:00:00
ENA,False,1742598000000,1743098400000,0.20296559178927429,5.791666666666667,False,0.18168103448275863,,,,,,False,0.09310344827586207,,,,,,False,0.7000718390804598,,8.0,0.09665126773816017,0.1816711469481936,COIL,52.0,58.0,2025-03-21 23:00:00,2025-03-27 18:00:00
ENA,False,1744822800000,1745629200000,0.26324585724039073,9.333333333333334,True,0.18168103448275863,OI_DIV;SHORT_CROWD,166.0,0.7148748686386275,0.06889918485253903,SHORT_COVER;FUND_COLD,False,0.09310344827586207,,166.0,0.7148748686386275,0.06889918485253903,SHORT_COVER;FUND_COLD,True,0.7000718390804598,,62.0,0.22914645775987388,0.19738081072830155,FUND_COLD,58.0,152.0,2025-04-16 17:00:00,2025-04-26 01:00:00
ENA,False,1746547200000,1746914400000,0.4969368336590137,4.25,False,0.18168103448275863,,54.0,0.5021581229659505,0.22242895077451502,RESID;VOL;LS_EXT,False,0.09310344827586207,,54.0,0.5021581229659505,0.22242895077451502,RESID;VOL;LS_EXT,False,0.7000718390804598,,42.0,0.31756067598735077,0.3169392479919341,RESID,41.0,53.0,2025-05-06 16:00:00,2025-05-10 22:00:00
ENA,False,1747105200000,1747177200000,0.23703279791077717,0.8333333333333334,False,0.18168103448275863,,,,,,False,0.09310344827586207,,,,,,True,0.7000718390804598,,7.0,0.17717480166084332,0.19127928800782426,LS_EXT,10.0,13.0,2025-05-13 03:00:00,2025-05-13 23:00:00
ENA,False,1749164400000,1749654000000,0.21823123532267233,5.666666666666667,False,0.18168103448275863,,,,,,False,0.09310344827586207,,,,,,True,0.7000718390804598,,4.0,0.11951794053809425,0.18982609551976942,SHORT_CROWD,35.0,38.0,2025-06-05 23:00:00,2025-06-11 15:00:00
ENA,False,1751738400000,1752220800000,0.3545719488149671,5.583333333333333,False,0.18168103448275863,,130.0,0.9005046913689638,0.030655887371707047,RESID;SHOCK;LS_EXT,False,0.09310344827586207,,130.0,0.9005046913689638,0.030655887371707047,RESID;SHOCK;LS_EXT,True,0.7000718390804598,,106.0,0.39929492080667794,0.1999804692120943,OI_TREND,97.0,123.0,2025-07-05 18:00:00,2025-07-11 08:00:00
ENA,False,1752332400000,1753117200000,0.7275127269878686,9.083333333333334,True,0.18168103448275863,OI_FLUSH;RESID;VOL,175.0,0.5900399419521076,0.25121871512164734,OI_TREND;RESID,True,0.09310344827586207,SHORT_COVER;VOL,175.0,0.5900399419521076,0.25121871512164734,OI_TREND;RESID,True,0.7000718390804598,,43.0,0.15872437799261518,0.5839326622833501,OI_DIV,102.0,169.0,2025-07-12 15:00:00,2025-07-21 17:00:00
ENA,False,1753336800000,1753675200000,0.5734935156465354,3.9166666666666665,True,0.18168103448275863,FUND_COLD;SHOCK;LS_EXT,5.0,0.18922749941555897,0.4441512945644356,SHORT_COVER;FUND_COLD;LS_EXT,True,0.09310344827586207,OI_FLUSH;SHOCK,5.0,0.18922749941555897,0.4441512945644356,SHORT_COVER;FUND_COLD;LS_EXT,True,0.7000718390804598,,0.0,0.0,0.5734935156465354,FUND_COLD;LS_EXT,8.0,27.0,2025-07-24 06:00:00,2025-07-28 04:00:00
ENA,False,1753887600000,1753948800000,0.22952742182491562,0.7083333333333334,False,0.18168103448275863,,17.0,1.0,0.0,FUND_COLD;SHORT_CROWD;LS_EXT,False,0.09310344827586207,,,,,,True,0.7000718390804598,,0.0,0.0,0.22952742182491562,SHOCK,4.0,8.0,2025-07-30 15:00:00,2025-07-31 08:00:00
ENA,False,1754449200000,1755000000000,0.4115118613984451,6.375,False,0.18168103448275863,,,,,,False,0.09310344827586207,,,,,,False,0.7000718390804598,,153.0,1.0,0.0,SHOCK,41.0,73.0,2025-08-06 03:00:00,2025-08-12 12:00:00
ENA,False,1757030400000,1757466000000,0.2871366354618171,5.041666666666667,False,0.18168103448275863,,1.0,0.01972686174283224,0.28074332578321126,FUND_COLD;SHORT_CROWD,False,0.09310344827586207,,,,,,True,0.7000718390804598,,0.0,0.0,0.2871366354618171,FUND_COLD,20.0,24.0,2025-09-05 00:00:00,2025-09-10 01:00:00
ENA,False,1760230800000,1760400000000,0.29401742934715086,1.9583333333333333,True,0.18168103448275863,OI_FLUSH;RESID;SHOCK;LS_EXT,32.0,0.7516354508202742,0.06610985740797015,RESID;SHORT_CROWD,True,0.09310344827586207,OI_FLUSH;RESID;SHOCK;LS_EXT,32.0,0.7516354508202742,0.06610985740797015,RESID;SHORT_CROWD,True,0.7000718390804598,,0.0,0.0,0.29401742934715086,RESID,13.0,18.0,2025-10-12 01:00:00,2025-10-14 00:00:00
ENA,False,1760688000000,1760882400000,0.2695498398365806,2.25,False,0.18168103448275863,,19.0,0.5617159572638704,0.11026853902292715,RESID;SHORT_CROWD,False,0.09310344827586207,,19.0,0.5617159572638704,0.11026853902292715,RESID;SHORT_CROWD,True,0.7000718390804598,,1.0,0.2634703011535339,0.19217805378310898,SHOCK,2.0,9.0,2025-10-17 08:00:00,2025-10-19 14:00:00
ENA,False,1763816400000,1764140400000,0.2551797930506186,3.75,False,0.18168103448275863,,,,,,False,0.09310344827586207,,,,,,True,0.7000718390804598,,57.0,0.40542750611251044,0.14468986153243324,RESID,55.0,63.0,2025-11-22 13:00:00,2025-11-26 07:00:00
ENA,False,1766494800000,1767736800000,0.245056797121485,14.375,False,0.18168103448275863,,,,,,False,0.09310344827586207,,,,,,True,0.7000718390804598,,13.0,0.06399039447454068,0.22771615744859822,OI_FLUSH,68.0,233.0,2025-12-23 13:00:00,2026-01-06 22:00:00
ENA,False,1775401200000,1776456000000,0.479665371640217,12.208333333333334,False,0.18168103448275863,,110.0,0.43795187425392423,0.24635018354347155,OI_TREND;RESID,False,0.09310344827586207,,110.0,0.43795187425392423,0.24635018354347155,OI_TREND;RESID,True,0.7000718390804598,,54.0,0.1933461594380391,0.37171235086033966,SHOCK,65.0,264.0,2026-04-05 15:00:00,2026-04-17 20:00:00
ENA,False,1777939200000,1778432400000,0.34825595591969305,5.708333333333333,False,0.18168103448275863,,36.0,0.6470459048082451,0.11122929352825746,OI_TREND;RESID,False,0.09310344827586207,,36.0,0.6470459048082451,0.11122929352825746,OI_TREND;RESID,True,0.7000718390804598,,16.0,0.27999434765997644,0.2400432243573969,OI_TREND,18.0,35.0,2026-05-05 00:00:00,2026-05-10 17:00:00
ENA,False,1780056000000,1780531200000,0.5144410148843468,5.5,False,0.18168103448275863,,56.0,0.02685211402967221,0.49765646612481984,FUND_COLD;SHORT_CROWD,False,0.09310344827586207,,100.0,0.338615203890111,0.3158796550031141,OI_TREND;FUND_COLD;RESID;SHOCK;SHORT_CROWD;LS_EXT,True,0.7000718390804598,,23.0,0.06864321645541861,0.4719032388481054,SHORT_COVER,100.0,113.0,2026-05-29 12:00:00,2026-06-04 00:00:00
ENA,False,1781125200000,1781823600000,0.31788611394924476,8.083333333333334,True,0.18168103448275863,FUND_COLD;SHORT_CROWD,,,,,False,0.09310344827586207,,,,,,True,0.7000718390804598,,42.0,0.21931301101165662,0.24047239119262473,SHORT_COVER,26.0,64.0,2026-06-10 21:00:00,2026-06-18 23:00:00
ENA,False,1783497600000,1785157200000,0.20937851998824145,19.208333333333332,False,0.18168103448275863,,337.0,0.6611956685815528,0.06652845804466659,OI_TREND;COIL,False,0.09310344827586207,,337.0,0.6611956685815528,0.06652845804466659,OI_TREND;COIL,False,0.7000718390804598,,165.0,0.48597843702199583,0.1026527810810343,COIL,46.0,66.0,2026-07-08 08:00:00,2026-07-27 13:00:00
ENA,False,1785384000000,1786096800000,0.23446939263984606,8.25,False,0.18168103448275863,,89.0,0.7250276444763184,0.05963076960363973,OI_TREND;RESID,False,0.09310344827586207,,89.0,0.7250276444763184,0.05963076960363973,OI_TREND;RESID,True,0.7000718390804598,,8.0,0.08627728253895887,0.21223732686486335,OI_DIV,36.0,72.0,2026-07-30 04:00:00,2026-08-07 10:00:00
ENA,False,1787018400000,1787479200000,0.7880693143302713,5.333333333333333,False,0.18168103448275863,,63.0,0.2405296210541286,0.5548139841452279,RESID;SHOCK;VOL,False,0.09310344827586207,,63.0,0.2405296210541286,0.5548139841452279,RESID;SHOCK;VOL,False,0.7000718390804598,,38.0,0.05532019718821018,0.7314996103372279,SHOCK,66.0,75.0,2026-08-18 02:00:00,2026-08-23 10:00:00
ENA,False,1787763600000,1787878800000,0.3477463980014392,1.3333333333333333,False,0.18168103448275863,,,,,,False,0.09310344827586207,,,,,,True,0.7000718390804598,,20.0,0.4132921839769212,0.19135757932100106,SHOCK,13.0,22.0,2026-08-26 17:00:00,2026-08-28 01:00:00
ENA,False,1789340400000,1789923600000,0.569443837507667,6.75,False,0.18168103448275863,,137.0,0.771267298387859,0.10859639216414507,OI_TREND;RESID,False,0.09310344827586207,,137.0,0.771267298387859,0.10859639216414507,OI_TREND;RESID,False,0.7000718390804598,,124.0,0.5416760559944047,0.22946162438283066,OI_DIV,90.0,124.0,2026-09-13 23:00:00,2026-09-20 17:00:00
ENA,False,1790100000000,1790532000000,0.4673456876048181,5.0,False,0.18168103448275863,,,,,,False,0.09310344827586207,,,,,,True,0.7000718390804598,,69.0,0.6336569050003326,0.15082161284744297,RESID,51.0,66.0,2026-09-22 18:00:00,2026-09-27 18:00:00
ETC,False,1746633600000,1747180800000,0.21620099008144103,6.333333333333333,False,0.2298132183908046,,24.0,0.3062454872298552,0.14544132380165561,OI_TREND;RESID,False,0.10272988505747127,,24.0,0.3062454872298552,0.14544132380165561,OI_TREND;RESID,False,0.6218390804597701,,20.0,0.28505907547342896,0.15020117096420832,RESID,23.0,39.0,2025-05-07 16:00:00,2025-05-14 00:00:00
ETC,False,1750597200000,1752897600000,0.4545622030590202,26.625,False,0.2298132183908046,,33.0,0.1302628135510667,0.3852696878026208,SHORT_COVER;SHOCK,False,0.10272988505747127,,33.0,0.1302628135510667,0.3852696878026208,SHORT_COVER;SHOCK,True,0.6218390804597701,,0.0,0.0,0.4545622030590202,SHOCK,564.0,615.0,2025-06-22 13:00:00,2025-07-19 04:00:00
ETC,False,1754157600000,1754784000000,0.20891285640114116,7.25,False,0.2298132183908046,,,,,,False,0.10272988505747127,,,,,,False,0.6218390804597701,,30.0,0.17038552368538137,0.17045866638547624,FUND_COLD,46.0,139.0,2025-08-02 18:00:00,2025-08-10 00:00:00
ETC,False,1760130000000,1760403600000,0.37410160476578713,3.1666666666666665,True,0.2298132183908046,OI_DIV;SHOCK;VOL,0.0,0.0,0.37410160476578713,OI_DIV;RESID;SHOCK;VOL,True,0.10272988505747127,OI_TREND;SHOCK;VOL,2.0,0.3966112551680706,0.21137614964366996,OI_DIV;FUND_COLD;RESID;SHOCK;VOL;SHORT_CROWD;LS_EXT,True,0.6218390804597701,,0.0,0.0,0.37410160476578713,OI_DIV;RESID;SHOCK;VOL,2.0,5.0,2025-10-10 21:00:00,2025-10-14 01:00:00
ETC,False,1762200000000,1762531200000,0.33041326809083293,3.8333333333333335,False,0.2298132183908046,,85.0,0.5363452883964139,0.1415290187822931,OI_TREND;RESID,False,0.10272988505747127,,85.0,0.5363452883964139,0.1415290187822931,OI_TREND;RESID,True,0.6218390804597701,,0.0,0.0,0.33041326809083293,SHORT_CROWD,77.0,85.0,2025-11-03 20:00:00,2025-11-07 16:00:00
ETC,False,1787151600000,1787364000000,0.24396031788429504,2.4583333333333335,True,0.2298132183908046,OI_DIV;COIL,10.0,0.19612924380306365,0.19182418558089986,SHORT_COVER;VOL,False,0.10272988505747127,,10.0,0.19612924380306365,0.19182418558089986,SHORT_COVER;VOL,True,0.6218390804597701,,5.0,0.11912942509878245,0.21202695825553433,SHOCK,51.0,55.0,2026-08-19 15:00:00,2026-08-22 02:00:00
ETC,False,1788163200000,1788915600000,0.2289631245310538,8.708333333333334,False,0.2298132183908046,,199.0,0.9053389475089368,0.019708036250801045,OI_TREND;RESID;SHOCK,False,0.10272988505747127,,199.0,0.9053389475089368,0.019708036250801045,OI_TREND;RESID;SHOCK,False,0.6218390804597701,,78.0,0.12192087282377899,0.1984562840396792,SHOCK,132.0,187.0,2026-08-31 08:00:00,2026-09-09 01:00:00
ETC,False,1789570800000,1790262000000,0.2586739314145249,8.0,False,0.2298132183908046,,178.0,0.42123292100000975,0.14242182845150986,OI_FLUSH;FUND_COLD,False,0.10272988505747127,,179.0,0.5397389497098116,0.11169632925663654,FUND_COLD;SHOCK,True,0.6218390804597701,,138.0,0.34822391136301667,0.1617724116656576,OI_DIV,36.0,80.0,2026-09-16 15:00:00,2026-09-24 15:00:00
ETH,True,1745287200000,1747180800000,0.4509571583640437,21.916666666666668,True,0.5940373563218391,OI_DIV;LONG_CROWD,5.0,0.06234511674450858,0.4176734799277213,OI_FLUSH,True,0.2950431034482759,OI_DIV;LONG_CROWD,9.0,0.07724833427624424,0.4098309541742724,SHORT_COVER,True,0.6394396551724137,,5.0,0.06234511674450858,0.4176734799277213,OI_FLUSH,396.0,408.0,2025-04-22 02:00:00,2025-05-14 00:00:00
ETH,True,1750597200000,1756058400000,0.9732603938184731,63.208333333333336,True,0.5940373563218391,RESID,0.0,0.0,0.9732603938184731,RESID;SHOCK,False,0.2950431034482759,,9.0,0.021006084942232175,0.9452872060718616,SHOCK,True,0.6394396551724137,,0.0,0.0,0.9732603938184731,RESID;SHOCK,569.0,624.0,2025-06-22 13:00:00,2025-08-24 18:00:00
ETH,True,1780718400000,1789131600000,0.30993833433592516,97.375,True,0.5940373563218391,FUND_COLD;RESID;VOL;SHORT_CROWD,0.0,0.0,0.30993833433592516,FUND_COLD;RESID;SHOCK;VOL;SHORT_CROWD,False,0.2950431034482759,,42.0,0.18209084843132692,0.24709789039358412,SHOCK,True,0.6394396551724137,,0.0,0.0,0.30993833433592516,FUND_COLD;RESID;SHOCK;VOL;SHORT_CROWD,633.0,920.0,2026-06-06 04:00:00,2026-09-11 13:00:00
ETHFI,False,1744898400000,1745636400000,0.337262365851881,8.541666666666666,False,0.1716235632183908,,151.0,0.7425470433129665,0.07769245579706328,SHORT_COVER;FUND_COLD,False,0.09511494252873563,,151.0,0.7425470433129665,0.07769245579706328,SHORT_COVER;FUND_COLD,False,0.6750718390804598,,28.0,0.1378444346797293,0.2847492226475787,COIL,51.0,64.0,2025-04-17 14:00:00,2025-04-26 03:00:00
ETHFI,False,1746565200000,1746774000000,0.4440596928378126,2.4166666666666665,False,0.1716235632183908,,26.0,0.25339741906077085,0.31566912104428874,FUND_COLD;RESID;SHORT_CROWD,False,0.09511494252873563,,26.0,0.25339741906077085,0.31566912104428874,FUND_COLD;RESID;SHORT_CROWD,False,0.6750718390804598,,7.0,0.0630396108496259,0.4109933289687527,FUND_COLD,28.0,38.0,2025-05-06 21:00:00,2025-05-09 07:00:00
ETHFI,False,1746799200000,1746928800000,0.7490993866639789,1.5,True,0.1716235632183908,VOL;SHORT_CROWD,1.0,0.022127808688922578,0.7275933950110096,OI_FLUSH;VOL,True,0.09511494252873563,OI_TREND;RESID;VOL,3.0,0.07145176053371041,0.6806023437958773,SHORT_COVER;VOL,True,0.6750718390804598,,0.0,0.0,0.7490993866639789,VOL;SHORT_CROWD,27.0,30.0,2025-05-09 14:00:00,2025-05-11 02:00:00
ETHFI,False,1747105200000,1747184400000,0.42282459599974215,0.9166666666666666,True,0.1716235632183908,OI_TREND;VOL,,,,,True,0.09511494252873563,OI_TREND;VOL,,,,,True,0.6750718390804598,,14.0,0.6304505347845113,0.13919220524168133,SHOCK,12.0,14.0,2025-05-13 03:00:00,2025-05-14 01:00:00
ETHFI,False,1747292400000,1747324800000,0.28989395951634844,0.375,False,0.1716235632183908,,4.0,0.2956864920273005,0.1963677072320345,FUND_COLD;SHOCK,False,0.09511494252873563,,4.0,0.2956864920273005,0.1963677072320345,FUND_COLD;SHOCK,True,0.6750718390804598,,4.0,0.2956864920273005,0.1963677072320345,FUND_COLD;SHOCK,5.0,8.0,2025-05-15 07:00:00,2025-05-15 16:00:00
ETHFI,False,1748192400000,1748484000000,0.3097190885149933,3.375,False,0.1716235632183908,,,,,,False,0.09511494252873563,,,,,,True,0.6750718390804598,,,,,,14.0,42.0,2025-05-25 17:00:00,2025-05-29 02:00:00
ETHFI,False,1748653200000,1748955600000,0.20117508485986665,3.5,False,0.1716235632183908,,,,,,False,0.09511494252873563,,,,,,False,0.6750718390804598,,,,,,3.0,6.0,2025-05-31 01:00:00,2025-06-03 13:00:00
ETHFI,False,1749153600000,1749654000000,0.2530386772106093,5.791666666666667,False,0.1716235632183908,,,,,,False,0.09511494252873563,,,,,,False,0.6750718390804598,,137.0,0.9076069597662397,0.021059935967041487,COIL,12.0,31.0,2025-06-05 20:00:00,2025-06-11 15:00:00
ETHFI,False,1751738400000,1752210000000,0.2681774775023576,5.458333333333333,False,0.1716235632183908,,48.0,0.23280228066274633,0.1999398825520006,OI_TREND;COIL,False,0.09511494252873563,,48.0,0.23280228066274633,0.1999398825520006,OI_TREND;COIL,True,0.6750718390804598,,48.0,0.23280228066274633,0.1999398825520006,OI_TREND;COIL,38.0,99.0,2025-07-05 18:00:00,2025-07-11 05:00:00
ETHFI,False,1752332400000,1752814800000,0.267165543146943,5.583333333333333,False,0.1716235632183908,,,,,,False,0.09511494252873563,,,,,,True,0.6750718390804598,,4.0,0.14266131698345133,0.22507594733926498,LS_EXT,21.0,80.0,2025-07-12 15:00:00,2025-07-18 05:00:00
ETHFI,False,1754154000000,1754784000000,0.32323806499578484,7.291666666666667,True,0.1716235632183908,OI_DIV;FUND_COLD;SHORT_CROWD,107.0,0.3062541578561928,0.214467358625943,FUND_COLD;SHORT_CROWD,False,0.09511494252873563,,,,,,True,0.6750718390804598,,14.0,0.1941512900216339,0.25320411927031783,FUND_COLD,31.0,114.0,2025-08-02 17:00:00,2025-08-10 00:00:00
ETHFI,False,1755644400000,1756058400000,0.24199193080686016,4.791666666666667,False,0.1716235632183908,,,,,,False,0.09511494252873563,,,,,,False,0.6750718390804598,,63.0,0.46720905090892934,0.1223947614901056,SHOCK,63.0,64.0,2025-08-19 23:00:00,2025-08-24 18:00:00
ETHFI,False,1756764000000,1757797200000,0.45523753519592985,11.958333333333334,False,0.1716235632183908,,222.0,0.8332887148037001,0.06454228749805108,OI_TREND;SHORT_CROWD,False,0.09511494252873563,,222.0,0.8332887148037001,0.06454228749805108,OI_TREND;SHORT_CROWD,True,0.6750718390804598,,15.0,0.15473489927371617,0.3731637476849474,SHOCK,94.0,179.0,2025-09-01 22:00:00,2025-09-13 21:00:00
ETHFI,False,1758520800000,1758769200000,0.26486963565282035,2.875,False,0.1716235632183908,,,,,,False,0.09511494252873563,,,,,,False,0.6750718390804598,,4.0,0.29006935745178913,0.18153180588187967,SHOCK,15.0,27.0,2025-09-22 06:00:00,2025-09-25 03:00:00
ETHFI,False,1759359600000,1759593600000,0.28974213296909584,2.7083333333333335,False,0.1716235632183908,,20.0,0.8241171374292251,0.0457685193519611,OI_TREND;RESID,False,0.09511494252873563,,20.0,0.8241171374292251,0.0457685193519611,OI_TREND;RESID,True,0.6750718390804598,,19.0,0.697513036933969,0.08000479295404368,RESID;SHOCK,14.0,18.0,2025-10-01 23:00:00,2025-10-04 16:00:00
ETHFI,False,1762239600000,1763128800000,0.27493336753989106,10.291666666666666,True,0.1716235632183908,FUND_COLD;SHORT_CROWD,210.0,0.764314442033416,0.058916894652130805,FUND_COLD;SHORT_CROWD,False,0.09511494252873563,,232.0,0.9028315919031564,0.0238823374711358,OI_TREND;FUND_COLD;SHOCK;SHORT_CROWD,True,0.6750718390804598,,0.0,0.0,0.27493336753989106,FUND_COLD;SHORT_CROWD,10.0,70.0,2025-11-04 07:00:00,2025-11-14 14:00:00
ETHFI,False,1763938800000,1765299600000,0.24758431109841464,15.75,False,0.1716235632183908,,,,,,False,0.09511494252873563,,,,,,True,0.6750718390804598,,169.0,0.47081797766248873,0.12418676082680263,SHOCK,18.0,82.0,2025-11-23 23:00:00,2025-12-09 17:00:00
ETHFI,False,1769878800000,1770300000000,0.20808365997150868,4.875,False,0.1716235632183908,,0.0,0.0,0.20808365997150868,OI_FLUSH;SHOCK,False,0.09511494252873563,,,,,,True,0.6750718390804598,,0.0,0.0,0.20808365997150868,OI_FLUSH;SHOCK,6.0,74.0,2026-01-31 17:00:00,2026-02-05 14:00:00
ETHFI,False,1771794000000,1773187200000,0.28959726856383244,16.125,False,0.1716235632183908,,,,,,False,0.09511494252873563,,,,,,True,0.6750718390804598,,4.0,0.02701196202672293,0.280768160218951,SHOCK,15.0,42.0,2026-02-22 21:00:00,2026-03-11 00:00:00
ETHFI,False,1776110400000,1776441600000,0.2073934420362806,3.8333333333333335,False,0.1716235632183908,,,,,,False,0.09511494252873563,,,,,,False,0.6750718390804598,,48.0,0.3798002235606484,0.12399043459639834,RESID,44.0,57.0,2026-04-13 20:00:00,2026-04-17 16:00:00
ETHFI,False,1780718400000,1781740800000,0.3291415616270681,11.833333333333334,False,0.1716235632183908,,275.0,0.7500228225814175,0.07371739582346448,OI_TREND;SHOCK,False,0.09511494252873563,,275.0,0.7500228225814175,0.07371739582346448,OI_TREND;SHOCK,True,0.6750718390804598,,0.0,0.0,0.3291415616270681,SHOCK,21.0,222.0,2026-06-06 04:00:00,2026-06-18 00:00:00
ETHFI,False,1782201600000,1782432000000,0.24471291487420985,2.6666666666666665,False,0.1716235632183908,,,,,,False,0.09511494252873563,,,,,,False,0.6750718390804598,,53.0,0.39538365349361565,0.1415117594060197,SHOCK,12.0,50.0,2026-06-23 08:00:00,2026-06-26 00:00:00
ETHFI,False,1782928800000,1783353600000,0.342605635845184,4.916666666666667,False,0.1716235632183908,,64.0,0.6375345210867791,0.1126969611538416,OI_TREND;RESID;SHOCK,False,0.09511494252873563,,64.0,0.6375345210867791,0.1126969611538416,OI_TREND;RESID;SHOCK,True,0.6750718390804598,,44.0,0.4515561022290106,0.17536446194021363,OI_TREND,43.0,64.0,2026-07-01 18:00:00,2026-07-06 16:00:00
ETHFI,False,1784070000000,1784721600000,0.20085539994667148,7.541666666666667,False,0.1716235632183908,,,,,,False,0.09511494252873563,,,,,,True,0.6750718390804598,,9.0,0.06559462636500521,0.18652406658382406,FUND_COLD,12.0,16.0,2026-07-14 23:00:00,2026-07-22 12:00:00
ETHFI,False,1786042800000,1786896000000,0.49671565425596426,9.875,True,0.1716235632183908,FUND_COLD;RESID,,,,,False,0.09511494252873563,,,,,,True,0.6750718390804598,,1.0,0.027820775068983686,0.480017293133541,FUND_COLD,163.0,167.0,2026-08-06 19:00:00,2026-08-16 16:00:00
ETHFI,False,1788559200000,1789066800000,0.3154216457037793,5.875,False,0.1716235632183908,,136.0,0.9067173234350221,0.02590394629023652,OI_TREND;RESID;SHOCK,False,0.09511494252873563,,136.0,0.9067173234350221,0.02590394629023652,OI_TREND;RESID;SHOCK,False,0.6750718390804598,,15.0,0.024869745733631203,0.306483316226248,COIL,83.0,106.0,2026-09-04 22:00:00,2026-09-10 19:00:00
ETHFI,False,1789120800000,1789210800000,0.23137968099543868,1.0416666666666667,True,0.1716235632183908,VOL;SHORT_CROWD;LS_EXT,0.0,0.0,0.23137968099543868,SHOCK;VOL;SHORT_CROWD;LS_EXT,True,0.09511494252873563,OI_TREND;VOL;LS_EXT,25.0,1.0,0.0,FUND_COLD;RESID;LS_EXT,True,0.6750718390804598,,0.0,0.0,0.23137968099543868,SHOCK;VOL;SHORT_CROWD;LS_EXT,5.0,6.0,2026-09-11 10:00:00,2026-09-12 11:00:00
ETHFI,False,1789578000000,1789750800000,0.2159369364626746,2.0,False,0.1716235632183908,,,,,,False,0.09511494252873563,,,,,,True,0.6750718390804598,,10.0,0.10852296892348605,0.19040913751397426,COIL,19.0,34.0,2026-09-16 17:00:00,2026-09-18 17:00:00
FET,False,1744005600000,1744563600000,0.35590330169043394,6.458333333333333,False,0.238433908045977,,24.0,0.1912034104639356,0.27922263797317826,SHORT_COVER;FUND_COLD,False,0.10100574712643678,,24.0,0.1912034104639356,0.27922263797317826,SHORT_COVER;FUND_COLD,True,0.6915229885057471,,0.0,0.0,0.35590330169043394,SHOCK,51.0,118.0,2025-04-07 06:00:00,2025-04-13 17:00:00
FET,False,1744822800000,1745244000000,0.3695155372282204,4.875,False,0.238433908045977,,38.0,0.40780851296253073,0.20468580585559465,OI_TREND;RESID;SHORT_CROWD,False,0.10100574712643678,,38.0,0.40780851296253073,0.20468580585559465,OI_TREND;RESID;SHORT_CROWD,True,0.6915229885057471,,0.0,0.0,0.3695155372282204,OI_FLUSH,27.0,66.0,2025-04-16 17:00:00,2025-04-21 14:00:00
FET,False,1745463600000,1745733600000,0.2811251137073993,3.125,True,0.238433908045977,OI_FLUSH;VOL,,,,,False,0.10100574712643678,,,,,,True,0.6915229885057471,,10.0,0.4203804120491531,0.1544155465915428,SHOCK,10.0,11.0,2025-04-24 03:00:00,2025-04-27 06:00:00
FET,False,1746536400000,1746914400000,0.2760160780487513,4.375,False,0.238433908045977,,,,,,False,0.10100574712643678,,,,,,False,0.6915229885057471,,44.0,0.31108311577944076,0.18284022905048367,SHORT_COVER,41.0,66.0,2025-05-06 13:00:00,2025-05-10 22:00:00
FET,False,1747764000000,1747990800000,0.31100882721054285,2.625,False,0.238433908045977,,57.0,0.8266900947419956,0.04805052085524332,OI_TREND;RESID,False,0.10100574712643678,,57.0,0.8266900947419956,0.04805052085524332,OI_TREND;RESID,True,0.6915229885057471,,56.0,0.6891301778590361,0.08782750855741757,OI_TREND,12.0,44.0,2025-05-20 18:00:00,2025-05-23 09:00:00
FET,False,1752332400000,1753110000000,0.2807308821364506,9.0,False,0.238433908045977,,90.0,0.46086052864042587,0.14270673100895537,OI_TREND;RESID,False,0.10100574712643678,,90.0,0.46086052864042587,0.14270673100895537,OI_TREND;RESID,False,0.6915229885057471,,1.0,0.0060274147997113675,0.27882226367824525,RESID,76.0,102.0,2025-07-12 15:00:00,2025-07-21 15:00:00
FET,False,1760133600000,1760184000000,0.35604953681016294,0.5833333333333334,True,0.238433908045977,OI_FLUSH;RESID;SHOCK;VOL,1.0,0.3601097069900215,0.21518344263006361,OI_FLUSH;FUND_COLD;RESID;SHOCK;VOL,False,0.10100574712643678,,1.0,0.3601097069900215,0.21518344263006361,OI_FLUSH;FUND_COLD;RESID;SHOCK;VOL,True,0.6915229885057471,,0.0,0.0,0.35604953681016294,OI_FLUSH;RESID;SHOCK;VOL,1.0,2.0,2025-10-10 22:00:00,2025-10-11 12:00:00
FET,False,1762200000000,1762538400000,1.0466695815814762,3.9166666666666665,False,0.238433908045977,,91.0,0.6949721283698334,0.24416571237679116,RESID;SHOCK;VOL,False,0.10100574712643678,,91.0,0.6949721283698334,0.24416571237679116,RESID;SHOCK;VOL,True,0.6915229885057471,,76.0,0.3142824701325026,0.6341461100636853,RESID,76.0,89.0,2025-11-03 20:00:00,2025-11-07 18:00:00
FET,False,1762678800000,1762840800000,0.254414210540102,1.875,True,0.238433908045977,RESID;SHOCK;VOL,,,,,True,0.10100574712643678,RESID;SHOCK;VOL,,,,,True,0.6915229885057471,,,,,,2.0,10.0,2025-11-09 09:00:00,2025-11-11 06:00:00
FET,False,1763312400000,1763676000000,0.30107558512993177,4.208333333333333,False,0.238433908045977,,,,,,False,0.10100574712643678,,,,,,False,0.6915229885057471,,20.0,0.0646501910488424,0.27912458760342596,COIL,39.0,47.0,2025-11-16 17:00:00,2025-11-20 22:00:00
FET,False,1767247200000,1767700800000,0.4576591113078228,5.25,True,0.238433908045977,SHORT_CROWD;COIL,77.0,0.5405140839978908,0.18904314644369694,RESID;SHORT_CROWD,False,0.10100574712643678,,77.0,0.5405140839978908,0.18904314644369694,RESID;SHORT_CROWD,True,0.6915229885057471,,0.0,0.0,0.4576591113078228,OI_DIV,39.0,77.0,2026-01-01 06:00:00,2026-01-06 12:00:00
FET,False,1773118800000,1773676800000,0.606209648008882,6.458333333333333,False,0.238433908045977,,67.0,0.45330113110719333,0.29572204117281403,RESID;SHOCK;SHORT_CROWD,False,0.10100574712643678,,67.0,0.45330113110719333,0.29572204117281403,RESID;SHOCK;SHORT_CROWD,True,0.6915229885057471,,13.0,0.11168605376882959,0.5234106637663762,VOL,64.0,70.0,2026-03-10 05:00:00,2026-03-16 16:00:00
FET,False,1774249200000,1774702800000,0.25224349044277045,5.25,True,0.238433908045977,OI_DIV;SHORT_CROWD,61.0,0.8745395515729958,0.028622638990691653,FUND_COLD;SHORT_CROWD,False,0.10100574712643678,,,,,,True,0.6915229885057471,,4.0,0.08215757599706013,0.2293142309086113,SHOCK,17.0,25.0,2026-03-23 07:00:00,2026-03-28 13:00:00
FET,False,1777676400000,1778439600000,0.2004025510693809,8.833333333333334,False,0.238433908045977,,,,,,False,0.10100574712643678,,,,,,False,0.6915229885057471,,59.0,0.07681095215003232,0.18367843175083348,SHOCK,37.0,118.0,2026-05-01 23:00:00,2026-05-10 19:00:00
FET,False,1779519600000,1779840000000,0.3171962936537925,3.7083333333333335,True,0.238433908045977,OI_FLUSH;VOL,0.0,0.0,0.3171962936537925,OI_FLUSH;SHOCK;VOL,True,0.10100574712643678,RESID;SHOCK;VOL;SHORT_CROWD,62.0,0.5654597513331032,0.12717917911726592,RESID;SHORT_CROWD,True,0.6915229885057471,,0.0,0.0,0.3171962936537925,OI_FLUSH;SHOCK;VOL,23.0,58.0,2026-05-23 07:00:00,2026-05-27 00:00:00
FET,False,1779966000000,1780495200000,0.35581991465305596,6.125,True,0.238433908045977,RESID;SHOCK;VOL,34.0,0.334978104392059,0.2243828291918447,OI_TREND;SHOCK,True,0.10100574712643678,RESID;SHOCK;VOL,34.0,0.334978104392059,0.2243828291918447,OI_TREND;SHOCK,True,0.6915229885057471,,13.0,0.2678688830514564,0.2496523328308318,SHOCK,14.0,30.0,2026-05-28 11:00:00,2026-06-03 14:00:00
FET,False,1787155200000,1787371200000,0.268280034578158,2.5,False,0.238433908045977,,40.0,0.47157132939768037,0.13381408440853595,RESID;SHOCK;VOL,False,0.10100574712643678,,40.0,0.47157132939768037,0.13381408440853595,RESID;SHOCK;VOL,True,0.6915229885057471,,10.0,0.13529701859478874,0.2281472862499706,LS_EXT,29.0,42.0,2026-08-19 16:00:00,2026-08-22 04:00:00
FET,False,1787997600000,1788829200000,0.26692928188561255,9.625,False,0.238433908045977,,6.0,0.12750858306338758,0.22927928795758368,OI_DIV;FUND_COLD;SHORT_CROWD,False,0.10100574712643678,,,,,,True,0.6915229885057471,,0.0,0.0,0.26692928188561255,OI_DIV,32.0,169.0,2026-08-29 10:00:00,2026-09-08 01:00:00
FET,False,1789567200000,1789722000000,0.21719927953676466,1.7916666666666667,True,0.238433908045977,OI_DIV;FUND_COLD;SHORT_CROWD,,,,,False,0.10100574712643678,,,,,,True,0.6915229885057471,,0.0,0.0,0.21719927953676466,FUND_COLD,22.0,26.0,2026-09-16 14:00:00,2026-09-18 09:00:00
FET,False,1789891200000,1790438400000,0.47402724027063403,6.333333333333333,False,0.238433908045977,,7.0,0.05993219374916858,0.44014627223125347,OI_DIV;LS_EXT,False,0.10100574712643678,,,,,,True,0.6915229885057471,,0.0,0.0,0.47402724027063403,OI_DIV,29.0,102.0,2026-09-20 08:00:00,2026-09-26 16:00:00
FIL,True,1751047200000,1753027200000,0.251814750720087,22.916666666666668,False,0.6594109195402299,,52.0,0.45329671823187767,0.13064293545899244,SHOCK,False,0.2516522988505747,,52.0,0.45329671823187767,0.13064293545899244,SHOCK,False,0.7042385057471264,,52.0,0.45329671823187767,0.13064293545899244,SHOCK,52.0,335.0,2025-06-27 18:00:00,2025-07-20 16:00:00
FIL,True,1762408800000,1762506000000,0.7862078859840905,1.125,True,0.6594109195402299,SHORT_CROWD,4.0,0.03903469403274756,0.7462158013094125,SHORT_CROWD,True,0.2516522988505747,OI_TREND;FUND_COLD;SHORT_CROWD,11.0,0.2823090318452296,0.5163844516940223,RESID;SHOCK;SHORT_CROWD,True,0.7042385057471264,,0.0,0.0,0.7862078859840905,SHORT_CROWD,12.0,13.0,2025-11-06 06:00:00,2025-11-07 09:00:00
FIL,True,1762513200000,1762549200000,0.6219910765904283,0.4166666666666667,True,0.6594109195402299,OI_TREND;FUND_COLD;RESID;SHOCK;VOL;SHORT_CROWD,5.0,0.7115514944514183,0.1497096181271328,OI_TREND;FUND_COLD;RESID;SHOCK;VOL;SHORT_CROWD,True,0.2516522988505747,OI_TREND;FUND_COLD;RESID;SHOCK;VOL;SHORT_CROWD,5.0,0.7115514944514183,0.1497096181271328,OI_TREND;FUND_COLD;RESID;SHOCK;VOL;SHORT_CROWD,True,0.7042385057471264,,0.0,0.0,0.6219910765904283,OI_TREND;FUND_COLD;RESID;SHOCK;VOL;SHORT_CROWD,4.0,5.0,2025-11-07 11:00:00,2025-11-07 21:00:00
FIL,True,1766736000000,1767625200000,0.26496560567927563,10.291666666666666,True,0.6594109195402299,SHOCK,37.0,0.23466913380699025,0.1970822550439769,SHOCK,False,0.2516522988505747,,37.0,0.23466913380699025,0.1970822550439769,SHOCK,True,0.7042385057471264,,37.0,0.23466913380699025,0.1970822550439769,SHOCK,38.0,76.0,2025-12-26 08:00:00,2026-01-05 15:00:00
FIL,True,1770750000000,1772035200000,0.24241171914612503,14.875,True,0.6594109195402299,FUND_COLD,25.0,0.09139632960527808,0.21800764708431086,OI_FLUSH,False,0.2516522988505747,,26.0,0.09976462012755508,0.21579729708304765,SHORT_COVER,True,0.7042385057471264,,25.0,0.09139632960527808,0.21800764708431086,OI_FLUSH,52.0,93.0,2026-02-10 19:00:00,2026-02-25 16:00:00
FIL,True,1777910400000,1778292000000,0.3798354981063206,4.416666666666667,True,0.6594109195402299,SHOCK,28.0,0.12210216803529182,0.3266430782060645,SHOCK,True,0.2516522988505747,SHOCK,28.0,0.12210216803529182,0.3266430782060645,SHOCK,True,0.7042385057471264,,28.0,0.12210216803529182,0.3266430782060645,SHOCK,35.0,35.0,2026-05-04 16:00:00,2026-05-09 02:00:00
FIL,True,1788130800000,1788397200000,0.23699067951208028,3.0833333333333335,False,0.6594109195402299,,39.0,0.33182522341053783,0.15270165562144358,RESID,False,0.2516522988505747,,39.0,0.33182522341053783,0.15270165562144358,RESID,False,0.7042385057471264,,39.0,0.33182522341053783,0.15270165562144358,RESID,39.0,42.0,2026-08-30 23:00:00,2026-09-03 01:00:00
FIL,True,1788541200000,1789372800000,0.39950021837550626,9.625,True,0.6594109195402299,OI_FLUSH;SHOCK,67.0,0.42127955439863296,0.21472380531399282,SHOCK,False,0.2516522988505747,,67.0,0.42127955439863296,0.21472380531399282,SHOCK,True,0.7042385057471264,,67.0,0.42127955439863296,0.21472380531399282,SHOCK,33.0,212.0,2026-09-04 17:00:00,2026-09-14 08:00:00
FIL,True,1789574400000,1789837200000,0.3453067224959225,3.0416666666666665,True,0.6594109195402299,OI_FLUSH,72.0,0.861094928012262,0.042062898673158065,RESID;SHOCK,False,0.2516522988505747,,72.0,0.861094928012262,0.042062898673158065,RESID;SHOCK,True,0.7042385057471264,,72.0,0.861094928012262,0.042062898673158065,RESID;SHOCK,33.0,57.0,2026-09-16 16:00:00,2026-09-19 17:00:00
FIL,True,1790193600000,1790438400000,0.3283277143954141,2.8333333333333335,True,0.6594109195402299,SHOCK,66.0,0.8485460059161459,0.04393887425154733,SHOCK,False,0.2516522988505747,,66.0,0.8485460059161459,0.04393887425154733,SHOCK,True,0.7042385057471264,,66.0,0.8485460059161459,0.04393887425154733,SHOCK,20.0,57.0,2026-09-23 20:00:00,2026-09-26 16:00:00
GRAM,False,1790071200000,1790589600000,0.22672918758453592,6.0,False,0.17410468319559227,,112.0,0.5502093157432432,0.09627204030947624,RESID;SHOCK;VOL,False,0.12727272727272726,,112.0,0.5502093157432432,0.09627204030947624,RESID;SHOCK;VOL,True,0.6754820936639119,,57.0,0.12341342257188173,0.19617829550409835,SHORT_CROWD,98.0,102.0,2026-09-22 10:00:00,2026-09-28 10:00:00
GRASS,False,1741784400000,1741964400000,0.24487377381841646,2.0833333333333335,False,0.21156609195402298,,,,,,False,0.1355603448275862,,,,,,True,0.5655172413793104,,,,,,6.0,37.0,2025-03-12 13:00:00,2025-03-14 15:00:00
GRASS,False,1742554800000,1743616800000,0.5586879020211435,12.291666666666666,False,0.21156609195402298,,,,,,False,0.1355603448275862,,,,,,False,0.5655172413793104,,185.0,0.7337334154985821,0.12544771662427726,OI_TREND,45.0,163.0,2025-03-21 11:00:00,2025-04-02 18:00:00
GRASS,False,1743663600000,1743742800000,0.2830145590100446,0.9166666666666666,False,0.21156609195402298,,20.0,0.9424449697015903,0.014446789713766613,FUND_COLD;RESID,False,0.1355603448275862,,20.0,0.9424449697015903,0.014446789713766613,FUND_COLD;RESID,True,0.5655172413793104,,0.0,0.0,0.2830145590100446,FUND_COLD,10.0,15.0,2025-04-03 07:00:00,2025-04-04 05:00:00
GRASS,False,1743919200000,1744030800000,0.2523971267119986,1.2916666666666667,True,0.21156609195402298,OI_FLUSH;SHOCK;LS_EXT,,,,,True,0.1355603448275862,OI_TREND;VOL;LS_EXT,,,,,True,0.5655172413793104,,0.0,0.0,0.2523971267119986,OI_FLUSH;LS_EXT,16.0,24.0,2025-04-06 06:00:00,2025-04-07 13:00:00
GRASS,False,1747105200000,1747220400000,0.48208448584915764,1.3333333333333333,False,0.21156609195402298,,23.0,0.665405366736671,0.14070455508862903,RESID;SHOCK;LS_EXT,False,0.1355603448275862,,23.0,0.665405366736671,0.14070455508862903,RESID;SHOCK;LS_EXT,True,0.5655172413793104,,0.0,0.0,0.48208448584915764,FUND_COLD,15.0,22.0,2025-05-13 03:00:00,2025-05-14 11:00:00
GRASS,False,1747656000000,1747843200000,0.28672897685560933,2.1666666666666665,True,0.21156609195402298,FUND_COLD;SHOCK,,,,,True,0.1355603448275862,FUND_COLD;SHOCK,,,,,True,0.5655172413793104,,31.0,0.4496183374003349,0.14884035320635056,SHOCK,14.0,32.0,2025-05-19 12:00:00,2025-05-21 16:00:00
GRASS,False,1749153600000,1749265200000,0.2380969943872063,1.2916666666666667,False,0.21156609195402298,,23.0,0.6794056154159809,0.0708696892472323,FUND_COLD;SHORT_CROWD,False,0.1355603448275862,,25.0,0.8311272815596894,0.03672538609980117,OI_TREND;FUND_COLD;SHORT_CROWD,False,0.5655172413793104,,23.0,0.6794056154159809,0.0708696892472323,FUND_COLD;SHORT_CROWD,7.0,9.0,2025-06-05 20:00:00,2025-06-07 03:00:00
GRASS,False,1751367600000,1751900400000,0.23919654435747306,6.166666666666667,True,0.21156609195402298,OI_DIV;RESID;SHORT_CROWD,0.0,0.0,0.23919654435747306,OI_DIV;FUND_COLD;RESID;SHORT_CROWD,False,0.1355603448275862,,147.0,0.9557452609300117,0.009536196409950145,RESID;SHORT_CROWD,True,0.5655172413793104,,0.0,0.0,0.23919654435747306,OI_DIV;FUND_COLD;RESID;SHORT_CROWD,15.0,22.0,2025-07-01 11:00:00,2025-07-07 15:00:00
GRASS,False,1754445600000,1754733600000,0.31190026010100885,3.3333333333333335,False,0.21156609195402298,,,,,,False,0.1355603448275862,,,,,,False,0.5655172413793104,,75.0,0.6156990004209125,0.10996530074717525,RESID,46.0,74.0,2025-08-06 02:00:00,2025-08-09 10:00:00
GRASS,False,1755532800000,1755813600000,0.21712239378491988,3.25,False,0.21156609195402298,,10.0,0.21142031482563775,0.16759669879669517,SHORT_CROWD;COIL;LS_EXT,False,0.1355603448275862,,42.0,0.8638265354438321,0.027117812431722857,OI_TREND;RESID,True,0.5655172413793104,,0.0,0.0,0.21712239378491988,LS_EXT,11.0,34.0,2025-08-18 16:00:00,2025-08-21 22:00:00
GRASS,False,1757271600000,1757743200000,0.20794002941748288,5.458333333333333,False,0.21156609195402298,,52.0,0.7108714305680733,0.05614041375670415,OI_TREND;SHORT_CROWD,False,0.1355603448275862,,52.0,0.7108714305680733,0.05614041375670415,OI_TREND;SHORT_CROWD,False,0.5655172413793104,,7.0,0.16136703811588793,0.17167173831822027,LS_EXT,29.0,31.0,2025-09-07 19:00:00,2025-09-13 06:00:00
GRASS,False,1757923200000,1758484800000,0.25442298957961423,6.5,False,0.21156609195402298,,,,,,False,0.1355603448275862,,,,,,False,0.5655172413793104,,67.0,0.4072925783642191,0.1437957859875838,SHOCK,32.0,68.0,2025-09-15 08:00:00,2025-09-21 20:00:00
GRASS,False,1758592800000,1758754800000,0.2465356542375591,1.875,True,0.21156609195402298,OI_DIV;RESID,20.0,0.7226106974225728,0.06303474945589128,SHORT_COVER;RESID,False,0.1355603448275862,,20.0,0.7226106974225728,0.06303474945589128,SHORT_COVER;RESID,True,0.5655172413793104,,0.0,0.0,0.2465356542375591,OI_DIV;RESID,6.0,18.0,2025-09-23 02:00:00,2025-09-24 23:00:00
GRASS,False,1758859200000,1758963600000,0.21322114137367823,1.2083333333333333,True,0.21156609195402298,SHORT_COVER;RESID,24.0,0.7660979041584401,0.04624581741936108,OI_TREND;RESID,True,0.1355603448275862,SHORT_COVER;RESID,24.0,0.7660979041584401,0.04624581741936108,OI_TREND;RESID,True,0.5655172413793104,,13.0,0.4866118853113085,0.1043170634625926,SHOCK,13.0,14.0,2025-09-26 04:00:00,2025-09-27 09:00:00
GRASS,False,1760130000000,1760169600000,0.23565861554385895,0.4583333333333333,True,0.21156609195402298,FUND_COLD;SHOCK,0.0,0.0,0.23565861554385895,FUND_COLD;RESID;SHOCK;LS_EXT,False,0.1355603448275862,,,,,,True,0.5655172413793104,,0.0,0.0,0.23565861554385895,FUND_COLD;RESID;SHOCK;LS_EXT,2.0,3.0,2025-10-10 21:00:00,2025-10-11 08:00:00
GRASS,False,1760274000000,1760392800000,0.2314440788843711,1.375,True,0.21156609195402298,OI_FLUSH;RESID,,,,,False,0.1355603448275862,,,,,,True,0.5655172413793104,,0.0,0.0,0.2314440788843711,LS_EXT,2.0,3.0,2025-10-12 13:00:00,2025-10-13 22:00:00
GRASS,False,1762200000000,1762318800000,0.2441128363297961,1.375,False,0.21156609195402298,,24.0,0.24294311996672227,0.17981589337267023,RESID;SHORT_CROWD,False,0.1355603448275862,,24.0,0.24294311996672227,0.17981589337267023,RESID;SHORT_CROWD,True,0.5655172413793104,,23.0,0.2505493877467429,0.17785739642422047,RESID,4.0,26.0,2025-11-03 20:00:00,2025-11-05 05:00:00
GRASS,False,1762441200000,1762542000000,0.27908376621776315,1.1666666666666667,True,0.21156609195402298,OI_TREND;RESID,,,,,True,0.1355603448275862,OI_TREND;RESID,,,,,True,0.5655172413793104,,27.0,0.9754664441747616,0.0060570581458228466,RESID;SHOCK,16.0,25.0,2025-11-06 15:00:00,2025-11-07 19:00:00
GRASS,False,1763308800000,1763625600000,1.1264795649107897,3.6666666666666665,False,0.21156609195402298,,44.0,0.2129041850253534,0.8109262746513497,OI_TREND;SHORT_CROWD,False,0.1355603448275862,,44.0,0.2129041850253534,0.8109262746513497,OI_TREND;SHORT_CROWD,False,0.5655172413793104,,28.0,0.0627692347531029,1.028122438370182,SHORT_CROWD,48.0,77.0,2025-11-16 16:00:00,2025-11-20 08:00:00
GRASS,False,1763629200000,1763654400000,0.37706702257689717,0.2916666666666667,True,0.21156609195402298,OI_TREND;RESID;SHOCK;VOL;LS_EXT,6.0,0.803024255920996,0.06505192068747093,OI_TREND;RESID;VOL;LS_EXT,True,0.1355603448275862,OI_TREND;RESID;SHOCK;VOL;LS_EXT,6.0,0.803024255920996,0.06505192068747093,OI_TREND;RESID;VOL;LS_EXT,True,0.5655172413793104,,0.0,0.0,0.37706702257689717,OI_TREND;RESID;SHOCK;VOL,3.0,4.0,2025-11-20 09:00:00,2025-11-20 16:00:00
GRASS,False,1763787600000,1763809200000,0.244537157978859,0.25,True,0.21156609195402298,OI_FLUSH;RESID;VOL,0.0,0.0,0.244537157978859,OI_FLUSH;RESID,True,0.1355603448275862,OI_TREND;RESID;VOL;LS_EXT,,,,,True,0.5655172413793104,,0.0,0.0,0.244537157978859,OI_FLUSH;RESID,4.0,4.0,2025-11-22 05:00:00,2025-11-22 11:00:00
GRASS,False,1765519200000,1765760400000,0.20481175999785048,2.7916666666666665,False,0.21156609195402298,,,,,,False,0.1355603448275862,,,,,,False,0.5655172413793104,,,,,,6.0,31.0,2025-12-12 06:00:00,2025-12-15 01:00:00
GRASS,False,1767204000000,1767650400000,0.21379140616150089,5.166666666666667,False,0.21156609195402298,,109.0,0.6147024063785547,0.07750799974168683,OI_TREND;FUND_COLD;SHORT_CROWD,False,0.1355603448275862,,109.0,0.6147024063785547,0.07750799974168683,OI_TREND;FUND_COLD;SHORT_CROWD,False,0.5655172413793104,,107.0,0.6117810674860381,0.07811804843224474,SHOCK,31.0,94.0,2025-12-31 18:00:00,2026-01-05 22:00:00
GRASS,False,1770566400000,1770879600000,0.3318619377998944,3.625,False,0.21156609195402298,,83.0,0.5881923153986521,0.12526097691061164,OI_TREND;RESID,False,0.1355603448275862,,83.0,0.5881923153986521,0.12526097691061164,OI_TREND;RESID,False,0.5655172413793104,,83.0,0.5881923153986521,0.12526097691061164,OI_TREND;RESID,77.0,83.0,2026-02-08 16:00:00,2026-02-12 07:00:00
GRASS,False,1771815600000,1772046000000,0.27796616362659127,2.6666666666666665,False,0.21156609195402298,,63.0,0.9163946766876965,0.02071755736771369,OI_TREND;RESID,False,0.1355603448275862,,63.0,0.9163946766876965,0.02071755736771369,OI_TREND;RESID,False,0.5655172413793104,,46.0,0.5200981479178085,0.12491274141922215,SHOCK,40.0,43.0,2026-02-23 03:00:00,2026-02-25 19:00:00
GRASS,False,1772085600000,1772110800000,0.23926965035321235,0.2916666666666667,True,0.21156609195402298,OI_DIV;LS_EXT,3.0,0.4795310155853541,0.11812386376694861,OI_TREND;SHOCK;LS_EXT,True,0.1355603448275862,OI_TREND;RESID,3.0,0.4795310155853541,0.11812386376694861,OI_TREND;SHOCK;LS_EXT,True,0.5655172413793104,,0.0,0.0,0.23926965035321235,OI_DIV;LS_EXT,3.0,5.0,2026-02-26 06:00:00,2026-02-26 13:00:00
GRASS,False,1772290800000,1772344800000,0.37252216391334525,0.625,True,0.21156609195402298,OI_TREND;VOL;LS_EXT,6.0,0.9048850690007927,0.030576286232596978,RESID;SHOCK;LS_EXT,True,0.1355603448275862,OI_TREND;VOL;LS_EXT,6.0,0.9048850690007927,0.030576286232596978,RESID;SHOCK;LS_EXT,True,0.5655172413793104,,3.0,0.3064874989786674,0.24557935014372143,SHOCK;LS_EXT,3.0,6.0,2026-02-28 15:00:00,2026-03-01 06:00:00
GRASS,False,1772384400000,1772449200000,0.29674874708034626,0.75,True,0.21156609195402298,OI_TREND;FUND_COLD;RESID;VOL;SHORT_CROWD,2.0,0.029705703592526642,0.28677725284392447,FUND_COLD;VOL;SHORT_CROWD,True,0.1355603448275862,OI_TREND;FUND_COLD;RESID;VOL;SHORT_CROWD,13.0,0.5250825751382395,0.13135057915948584,SHORT_COVER;VOL,True,0.5655172413793104,,0.0,0.0,0.29674874708034626,OI_TREND;FUND_COLD;VOL;SHORT_CROWD,10.0,11.0,2026-03-01 17:00:00,2026-03-02 11:00:00
GRASS,False,1772748000000,1772942400000,0.20616046819967268,2.25,False,0.21156609195402298,,53.0,0.8391311495217195,0.030612826838391765,FUND_COLD;SHORT_CROWD,False,0.1355603448275862,,,,,,True,0.5655172413793104,,53.0,0.8391311495217195,0.030612826838391765,FUND_COLD;SHORT_CROWD,27.0,51.0,2026-03-05 22:00:00,2026-03-08 04:00:00
GRASS,False,1772967600000,1773417600000,0.32851468539593803,5.208333333333333,True,0.21156609195402298,FUND_COLD;SHORT_CROWD,,,,,False,0.1355603448275862,,,,,,True,0.5655172413793104,,8.0,0.18086132710076264,0.2619848926926705,FUND_COLD,17.0,21.0,2026-03-08 11:00:00,2026-03-13 16:00:00
GRASS,False,1773550800000,1773716400000,0.29782631423698724,1.9166666666666667,False,0.21156609195402298,,41.0,0.9021483982613754,0.025837151323437932,OI_TREND;SHOCK;LS_EXT,False,0.1355603448275862,,41.0,0.9021483982613754,0.025837151323437932,OI_TREND;SHOCK;LS_EXT,False,0.5655172413793104,,30.0,0.26656901963913393,0.21070000432774796,LS_EXT,14.0,39.0,2026-03-15 05:00:00,2026-03-17 03:00:00
GRASS,False,1775728800000,1775793600000,0.21676207170775771,0.75,False,0.21156609195402298,,,,,,False,0.1355603448275862,,,,,,True,0.5655172413793104,,17.0,0.866169745992726,0.02660433926141748,RESID,6.0,12.0,2026-04-09 10:00:00,2026-04-10 04:00:00
GRASS,False,1776632400000,1776992400000,0.42711859847702416,4.166666666666667,True,0.21156609195402298,OI_DIV;SHOCK,53.0,0.597485038892515,0.1539114624182257,OI_TREND;RESID;SHOCK,False,0.1355603448275862,,53.0,0.597485038892515,0.1539114624182257,OI_TREND;RESID;SHOCK,True,0.5655172413793104,,51.0,0.4908121329063438,0.19853077924766827,RESID,44.0,53.0,2026-04-19 21:00:00,2026-04-24 01:00:00
GRASS,False,1777701600000,1778302800000,0.20540745484033848,6.958333333333333,False,0.21156609195402298,,,,,,False,0.1355603448275862,,,,,,False,0.5655172413793104,,,,,,34.0,45.0,2026-05-02 06:00:00,2026-05-09 05:00:00
GRASS,False,1779058800000,1779447600000,0.5564588528120951,4.5,False,0.21156609195402298,,93.0,0.6893397756384635,0.14733310168681707,OI_TREND;RESID;VOL,False,0.1355603448275862,,93.0,0.6893397756384635,0.14733310168681707,OI_TREND;RESID;VOL,False,0.5655172413793104,,20.0,0.04742751617270484,0.5241406028387026,FUND_COLD,79.0,88.0,2026-05-17 23:00:00,2026-05-22 11:00:00
GRASS,False,1779494400000,1779742800000,0.5315125865468368,2.875,True,0.21156609195402298,OI_DIV;VOL,4.0,0.06739643469498702,0.48814107455379596,OI_FLUSH;VOL,True,0.1355603448275862,OI_TREND;VOL,20.0,0.6857837812953926,0.1433202237328972,RESID;SHOCK;VOL;LS_EXT,True,0.5655172413793104,,0.0,0.0,0.5315125865468368,VOL,14.0,18.0,2026-05-23 00:00:00,2026-05-25 21:00:00
GRASS,False,1780300800000,1780495200000,0.29905381232337613,2.25,False,0.21156609195402298,,,,,,False,0.1355603448275862,,,,,,False,0.5655172413793104,,53.0,0.9358599367112475,0.0169229580224721,SHOCK,7.0,15.0,2026-06-01 08:00:00,2026-06-03 14:00:00
GRASS,False,1780718400000,1781697600000,0.4686851996219762,11.333333333333334,False,0.21156609195402298,,,,,,False,0.1355603448275862,,,,,,True,0.5655172413793104,,,,,,137.0,210.0,2026-06-06 04:00:00,2026-06-17 12:00:00
GRASS,False,1781845200000,1782309600000,0.2502021035849193,5.375,False,0.21156609195402298,,,,,,False,0.1355603448275862,,,,,,False,0.5655172413793104,,113.0,0.3610041135490612,0.153373489999629,SHOCK,16.0,79.0,2026-06-19 05:00:00,2026-06-24 14:00:00
GRASS,False,1782446400000,1782572400000,0.22431145407818712,1.4583333333333333,False,0.21156609195402298,,,,,,False,0.1355603448275862,,,,,,False,0.5655172413793104,,,,,,10.0,12.0,2026-06-26 04:00:00,2026-06-27 15:00:00
GRASS,False,1782846000000,1783080000000,0.24383957427482972,2.7083333333333335,False,0.21156609195402298,,63.0,0.7589074114323503,0.05401547531311786,OI_TREND;SHOCK,False,0.1355603448275862,,63.0,0.7589074114323503,0.05401547531311786,OI_TREND;SHOCK,False,0.5655172413793104,,9.0,0.2768265170940637,0.17093039546033453,COIL,11.0,40.0,2026-06-30 19:00:00,2026-07-03 12:00:00
GRASS,False,1786316400000,1786802400000,0.2172211995658041,5.625,False,0.21156609195402298,,,,,,False,0.1355603448275862,,,,,,False,0.5655172413793104,,12.0,0.3964752200294333,0.12595909493365445,SHOCK,12.0,54.0,2026-08-09 23:00:00,2026-08-15 14:00:00
GRASS,False,1787454000000,1787554800000,0.27417571370442706,1.1666666666666667,True,0.21156609195402298,FUND_HOT;SHOCK;VOL,16.0,0.6880020412268202,0.07852777535197376,OI_TREND;RESID,True,0.1355603448275862,FUND_HOT;VOL;LONG_CROWD,16.0,0.6880020412268202,0.07852777535197376,OI_TREND;RESID,True,0.5655172413793104,,0.0,0.0,0.27417571370442706,RESID,9.0,15.0,2026-08-23 03:00:00,2026-08-24 07:00:00
GRASS,False,1789336800000,1790064000000,0.348149288897339,8.416666666666666,False,0.21156609195402298,,202.0,1.0,0.0,RESID;VOL;LS_EXT,False,0.1355603448275862,,202.0,1.0,0.0,RESID;VOL;LS_EXT,False,0.5655172413793104,,0.0,0.0,0.348149288897339,SHOCK,87.0,190.0,2026-09-13 22:00:00,2026-09-22 08:00:00
GRASS,False,1790085600000,1790359200000,0.38251159523186523,3.1666666666666665,True,0.21156609195402298,OI_TREND;RESID;VOL,2.0,0.10618470197566736,0.3357706898048291,RESID;VOL;LS_EXT,True,0.1355603448275862,OI_TREND;RESID;VOL,2.0,0.10618470197566736,0.3357706898048291,RESID;VOL;LS_EXT,True,0.5655172413793104,,0.0,0.0,0.38251159523186523,VOL;LS_EXT,19.0,67.0,2026-09-22 14:00:00,2026-09-25 18:00:00
GRASS,False,1790391600000,1790560800000,0.3414260161313405,1.9583333333333333,True,0.21156609195402298,OI_TREND;VOL;LS_EXT,2.0,0.14350253921873324,0.2860580613224007,OI_TREND;RESID;VOL;LS_EXT,True,0.1355603448275862,OI_TREND;VOL;LS_EXT,2.0,0.14350253921873324,0.2860580613224007,OI_TREND;RESID;VOL;LS_EXT,True,0.5655172413793104,,0.0,0.0,0.3414260161313405,OI_TREND;VOL;LS_EXT,14.0,15.0,2026-09-26 03:00:00,2026-09-28 02:00:00
GRASS,False,1790607600000,1790722800000,0.39453342171439565,1.3333333333333333,False,0.21156609195402298,,16.0,0.6913769681759553,0.10808759597193128,OI_TREND;FUND_HOT;LONG_CROWD,False,0.1355603448275862,,16.0,0.6913769681759553,0.10808759597193128,OI_TREND;FUND_HOT;LONG_CROWD,True,0.5655172413793104,,0.0,0.0,0.39453342171439565,SHOCK,11.0,12.0,2026-09-28 15:00:00,2026-09-29 23:00:00
GRT,False,1744934400000,1745643600000,0.2615790431875611,8.208333333333334,True,0.2012212643678161,FUND_COLD;SHORT_CROWD,,,,,False,0.08354885057471265,,,,,,True,0.6926005747126437,,0.0,0.0,0.2615790431875611,COIL,31.0,158.0,2025-04-18 00:00:00,2025-04-26 05:00:00
GRT,False,1746565200000,1747180800000,0.3538777710827784,7.125,False,0.2012212643678161,,61.0,0.4854578210879142,0.1687003682642286,OI_TREND;RESID;SHOCK;VOL,False,0.08354885057471265,,61.0,0.4854578210879142,0.1687003682642286,OI_TREND;RESID;SHOCK;VOL,True,0.6926005747126437,,3.0,0.050563245834940894,0.33329537704477996,SHORT_COVER,52.0,62.0,2025-05-06 21:00:00,2025-05-14 00:00:00
GRT,False,1750597200000,1753106400000,0.41246140653376595,29.041666666666668,False,0.2012212643678161,,40.0,0.32295927187830764,0.26339821749217035,SHORT_COVER;RESID,False,0.08354885057471265,,40.0,0.32295927187830764,0.26339821749217035,SHORT_COVER;RESID,True,0.6926005747126437,,0.0,0.0,0.41246140653376595,SHOCK,40.0,447.0,2025-06-22 13:00:00,2025-07-21 14:00:00
GRT,False,1760130000000,1760385600000,0.29551652618923324,2.9583333333333335,False,0.2012212643678161,,0.0,0.0,0.29551652618923324,RESID;SHOCK;VOL,False,0.08354885057471265,,24.0,0.5191956513991748,0.13256480840198617,SHORT_COVER;FUND_COLD;RESID;VOL;LS_EXT,True,0.6926005747126437,,0.0,0.0,0.29551652618923324,RESID;SHOCK;VOL,2.0,7.0,2025-10-10 21:00:00,2025-10-13 20:00:00
GRT,False,1762200000000,1762542000000,0.3767101496225629,3.9583333333333335,False,0.2012212643678161,,95.0,1.0,0.0,OI_TREND;RESID,False,0.08354885057471265,,95.0,1.0,0.0,OI_TREND;RESID,True,0.6926005747126437,,24.0,0.09692716858603209,0.33470381686692025,RESID,81.0,91.0,2025-11-03 20:00:00,2025-11-07 19:00:00
GRT,False,1767218400000,1767974400000,0.27460822625404113,8.75,False,0.2012212643678161,,,,,,False,0.08354885057471265,,,,,,True,0.6926005747126437,,19.0,0.26940720131201873,0.19395365849772378,RESID,21.0,53.0,2025-12-31 22:00:00,2026-01-09 16:00:00
GRT,False,1777924800000,1778616000000,0.20469681863093434,8.0,False,0.2012212643678161,,,,,,False,0.08354885057471265,,,,,,False,0.6926005747126437,,27.0,0.22907835684846534,0.15438431785718845,RESID,35.0,91.0,2026-05-04 20:00:00,2026-05-12 20:00:00
GRT,False,1779058800000,1779912000000,0.21375624014464153,9.875,False,0.2012212643678161,,128.0,0.35090694198530825,0.1339898226041935,SHOCK;VOL;LS_EXT,False,0.08354885057471265,,134.0,0.48876098256074146,0.10410732967793208,FUND_COLD;SHOCK;LS_EXT,True,0.6926005747126437,,20.0,0.13723067819533635,0.18191448784586475,SHOCK,104.0,108.0,2026-05-17 23:00:00,2026-05-27 20:00:00
GRT,False,1788249600000,1788685200000,0.2487865351743651,5.041666666666667,False,0.2012212643678161,,119.0,0.8463384264831937,0.0347287824459835,OI_TREND;FUND_COLD;RESID;SHOCK;VOL;SHORT_CROWD,False,0.08354885057471265,,119.0,0.8463384264831937,0.0347287824459835,OI_TREND;FUND_COLD;RESID;SHOCK;VOL;SHORT_CROWD,False,0.6926005747126437,,0.0,0.0,0.2487865351743651,SHOCK,100.0,112.0,2026-09-01 08:00:00,2026-09-06 09:00:00
GRT,False,1789520400000,1790550000000,0.8868829567621128,11.916666666666666,False,0.2012212643678161,,115.0,0.2862469598092036,0.5733081948201229,OI_TREND;SHORT_CROWD,False,0.08354885057471265,,115.0,0.2862469598092036,0.5733081948201229,OI_TREND;SHORT_CROWD,True,0.6926005747126437,,110.0,0.27309865871598704,0.5864974651654521,SHOCK,114.0,173.0,2026-09-16 01:00:00,2026-09-27 23:00:00
HBAR,False,1744005600000,1744218000000,0.2617972797633646,2.4583333333333335,False,0.2012212643678161,,11.0,0.4916276489869483,0.12548656111548406,SHORT_COVER;RESID;SHOCK,False,0.11221264367816092,,11.0,0.4916276489869483,0.12548656111548406,SHORT_COVER;RESID;SHOCK,True,0.6063936781609195,,0.0,0.0,0.2617972797633646,SHOCK,7.0,14.0,2025-04-07 06:00:00,2025-04-09 17:00:00
HBAR,False,1746630000000,1747065600000,0.20879267645984487,5.041666666666667,False,0.2012212643678161,,73.0,0.7130766745248325,0.05591426748448103,OI_TREND;RESID,False,0.11221264367816092,,73.0,0.7130766745248325,0.05591426748448103,OI_TREND;RESID,False,0.6063936781609195,,61.0,0.5162368774537331,0.0960712180086422,OI_TREND,24.0,43.0,2025-05-07 15:00:00,2025-05-12 16:00:00
HBAR,False,1750975200000,1752796800000,0.8776096522745657,21.083333333333332,False,0.2012212643678161,,155.0,0.15223290406329892,0.7059000361429045,OI_TREND;RESID,False,0.11221264367816092,,155.0,0.15223290406329892,0.7059000361429045,OI_TREND;RESID,True,0.6063936781609195,,0.0,0.0,0.8776096522745657,OI_DIV,322.0,392.0,2025-06-26 22:00:00,2025-07-18 00:00:00
HBAR,False,1753336800000,1753592400000,0.2806935774622472,2.9583333333333335,False,0.2012212643678161,,,,,,False,0.11221264367816092,,,,,,True,0.6063936781609195,,0.0,0.0,0.2806935774622472,RESID,30.0,44.0,2025-07-24 06:00:00,2025-07-27 05:00:00
HBAR,False,1761231600000,1761631200000,0.29180829964648247,4.625,False,0.2012212643678161,,105.0,0.4536359610024838,0.15015037911274132,OI_TREND;RESID,False,0.11221264367816092,,105.0,0.4536359610024838,0.15015037911274132,OI_TREND;RESID,True,0.6063936781609195,,96.0,0.20905106514254154,0.22448084421088754,OI_DIV,104.0,106.0,2025-10-23 15:00:00,2025-10-28 06:00:00
HBAR,False,1769878800000,1772172000000,0.39196927690182076,26.541666666666668,True,0.2012212643678161,OI_TREND;SHORT_CROWD,101.0,0.29651426160784056,0.261947856297576,FUND_COLD;SHORT_CROWD,True,0.11221264367816092,OI_TREND;SHORT_CROWD,137.0,0.4421306102638483,0.20261491317809463,FUND_COLD;RESID;VOL,True,0.6063936781609195,,0.0,0.0,0.39196927690182076,SHOCK,96.0,142.0,2026-01-31 17:00:00,2026-02-27 06:00:00
HBAR,False,1777953600000,1780099200000,0.34803994269832733,24.833333333333332,False,0.2012212643678161,,134.0,0.3585848970237601,0.2111371049050039,OI_TREND;RESID,False,0.11221264367816092,,134.0,0.3585848970237601,0.2111371049050039,OI_TREND;RESID,True,0.6063936781609195,,86.0,0.2012125921886116,0.2694188176826313,RESID,132.0,577.0,2026-05-05 04:00:00,2026-05-30 00:00:00
HBAR,False,1789570800000,1790614800000,0.6280889017701147,12.083333333333334,False,0.2012212643678161,,1.0,0.019814274186208593,0.6124411301923454,OI_DIV;RESID,False,0.11221264367816092,,110.0,0.22961969469706142,0.4557025792897984,OI_TREND;VOL,True,0.6063936781609195,,0.0,0.0,0.6280889017701147,RESID,136.0,281.0,2026-09-16 15:00:00,2026-09-28 17:00:00
HYPE,True,1750532400000,1751313600000,0.22074655337760252,9.041666666666666,False,0.5666520017597888,,21.0,0.39702105951933486,0.12780328774359193,RESID,False,0.2637043554773427,,21.0,0.39702105951933486,0.12780328774359193,RESID,False,0.6041355037395513,,21.0,0.39702105951933486,0.12780328774359193,RESID,4.0,25.0,2025-06-21 19:00:00,2025-06-30 20:00:00
HYPE,True,1754157600000,1755226800000,0.3098788332641595,12.375,True,0.5666520017597888,FUND_COLD,13.0,0.2230095111721096,0.23335321028265918,OI_DIV;FUND_COLD;SHORT_CROWD,False,0.2637043554773427,,35.0,0.15213154461796485,0.25717742049908704,SHORT_COVER,True,0.6041355037395513,,1.0,0.045939775104695206,0.29373567127077294,LS_EXT,65.0,157.0,2025-08-02 18:00:00,2025-08-15 03:00:00
HYPE,True,1755817200000,1756263600000,0.27293751441641634,5.166666666666667,True,0.5666520017597888,OI_FLUSH,6.0,0.11289903152106512,0.23872375800023357,OI_FLUSH,False,0.2637043554773427,,15.0,0.19663344398433308,0.21394359337039046,SHOCK,True,0.6041355037395513,,6.0,0.11289903152106512,0.23872375800023357,OI_FLUSH,24.0,67.0,2025-08-21 23:00:00,2025-08-27 03:00:00
HYPE,True,1756764000000,1758160800000,0.2824989549541893,16.166666666666668,False,0.5666520017597888,,57.0,0.19386167290006096,0.22210608147750696,COIL,False,0.2637043554773427,,153.0,0.5341740777378766,0.12288624255413863,FUND_HOT;LONG_CROWD,False,0.6041355037395513,,57.0,0.19386167290006096,0.22210608147750696,COIL,95.0,151.0,2025-09-01 22:00:00,2025-09-18 02:00:00
HYPE,True,1761116400000,1761807600000,0.38544521416800065,8.0,True,0.5666520017597888,SHOCK;LS_EXT,18.0,0.25758909749776865,0.2738476263195518,RESID,True,0.2637043554773427,SHOCK;LS_EXT,18.0,0.25758909749776865,0.2738476263195518,RESID,True,0.6041355037395513,,18.0,0.25758909749776865,0.2738476263195518,RESID,23.0,83.0,2025-10-22 07:00:00,2025-10-30 07:00:00
HYPE,True,1762905600000,1763456400000,0.20783720632028796,6.375,False,0.5666520017597888,,7.0,0.0951923917796841,0.18631993245530265,COIL,False,0.2637043554773427,,147.0,0.9176307610796078,0.015675484104435443,RESID,False,0.6041355037395513,,7.0,0.0951923917796841,0.18631993245530265,COIL,67.0,105.0,2025-11-12 00:00:00,2025-11-18 09:00:00
HYPE,True,1768989600000,1769706000000,0.7166364559538994,8.291666666666666,True,0.5666520017597888,OI_DIV,0.0,0.0,0.7166364559538994,OI_DIV;RESID,False,0.2637043554773427,,53.0,0.13729565532352678,0.5938887894333958,SHOCK,True,0.6041355037395513,,0.0,0.0,0.7166364559538994,OI_DIV;RESID,127.0,138.0,2026-01-21 10:00:00,2026-01-29 17:00:00
HYPE,True,1769752800000,1770087600000,0.3813106606275147,3.875,True,0.5666520017597888,FUND_COLD;VOL;LS_EXT,5.0,0.17050927858737075,0.30728532016658355,FUND_COLD;LS_EXT,True,0.2637043554773427,OI_TREND;VOL;LS_EXT,12.0,0.24919457715525375,0.27447557450745447,SHOCK;LS_EXT,True,0.6041355037395513,,0.0,0.0,0.3813106606275147,FUND_COLD;VOL;LS_EXT,40.0,69.0,2026-01-30 06:00:00,2026-02-03 03:00:00
HYPE,True,1770170400000,1770339600000,0.2833683717566297,1.9583333333333333,True,0.5666520017597888,FUND_COLD,1.0,0.07515670047703531,0.2595285129560094,OI_FLUSH;FUND_COLD,True,0.2637043554773427,OI_TREND,47.0,1.0,0.0,RESID;SHOCK,True,0.6041355037395513,,0.0,0.0,0.2833683717566297,FUND_COLD,14.0,30.0,2026-02-04 02:00:00,2026-02-06 01:00:00
HYPE,True,1771866000000,1772409600000,0.20988747932617988,6.291666666666667,False,0.5666520017597888,,,,,,False,0.2637043554773427,,,,,,False,0.6041355037395513,,,,,,68.0,120.0,2026-02-23 17:00:00,2026-03-02 00:00:00
HYPE,True,1772758800000,1773853200000,0.4135237211939004,12.666666666666666,True,0.5666520017597888,FUND_COLD,40.0,0.18175422069178082,0.32734823921035905,COIL,False,0.2637043554773427,,84.0,0.29934346000643536,0.27441493019712154,OI_TREND,True,0.6041355037395513,,25.0,0.1488954014200231,0.3425289530171803,LS_EXT,85.0,92.0,2026-03-06 01:00:00,2026-03-18 17:00:00
HYPE,True,1778947200000,1779454800000,0.5251547953951182,5.875,True,0.5666520017597888,OI_FLUSH;VOL,0.0,0.0,0.5251547953951182,OI_FLUSH,True,0.2637043554773427,OI_TREND;RESID;SHOCK;VOL,13.0,0.10805821891289244,0.4571536496513762,SHORT_COVER,True,0.6041355037395513,,0.0,0.0,0.5251547953951182,OI_FLUSH,27.0,93.0,2026-05-16 16:00:00,2026-05-22 13:00:00
HYPE,True,1779490800000,1780531200000,0.6196182216630258,12.041666666666666,True,0.5666520017597888,SHOCK,37.0,0.28790048908566734,0.4096868503372136,SHORT_CROWD,True,0.2637043554773427,RESID;SHOCK;VOL,,,,,True,0.6041355037395513,,37.0,0.28790048908566734,0.4096868503372136,SHORT_CROWD,142.0,180.0,2026-05-22 23:00:00,2026-06-04 00:00:00
HYPE,True,1781136000000,1781611200000,0.34466209883771004,5.5,False,0.5666520017597888,,,,,,False,0.2637043554773427,,,,,,False,0.6041355037395513,,5.0,0.09934892861916766,0.30567648862146096,LS_EXT,36.0,104.0,2026-06-11 00:00:00,2026-06-16 12:00:00
HYPE,True,1785668400000,1788699600000,0.37598482755754115,35.083333333333336,True,0.5666520017597888,COIL,4.0,0.0008834178185823656,0.37559690927575434,OI_DIV,True,0.2637043554773427,RESID,246.0,0.30053709556293257,0.25012978564393906,OI_TREND,True,0.6041355037395513,,4.0,0.0008834178185823656,0.37559690927575434,OI_DIV,69.0,416.0,2026-08-02 11:00:00,2026-09-06 13:00:00
ICP,False,1746648000000,1747051200000,0.25336145719510883,4.666666666666667,False,0.1949712643678161,,,,,,False,0.09755747126436781,,,,,,True,0.6389367816091954,,23.0,0.296267058243495,0.17224812830729194,RESID,24.0,45.0,2025-05-07 20:00:00,2025-05-12 12:00:00
ICP,False,1748649600000,1749618000000,0.2531124530445654,11.208333333333334,True,0.1949712643678161,FUND_COLD;SHORT_CROWD,6.0,0.05070158523189131,0.23885875754917582,FUND_COLD;SHORT_CROWD,False,0.09755747126436781,,207.0,0.6411274829906559,0.08434113788534364,RESID;SHORT_CROWD,True,0.6389367816091954,,0.0,0.0,0.2531124530445654,FUND_COLD,72.0,89.0,2025-05-31 00:00:00,2025-06-11 05:00:00
ICP,False,1751738400000,1753138800000,0.20642702524212694,16.208333333333332,False,0.1949712643678161,,261.0,0.36316539980813517,0.1269449278662177,OI_DIV;LS_EXT,False,0.09755747126436781,,,,,,True,0.6389367816091954,,237.0,0.3845584671761254,0.12242966336232564,SHOCK,98.0,246.0,2025-07-05 18:00:00,2025-07-21 23:00:00
ICP,False,1760133600000,1760385600000,0.2902435457996611,2.9166666666666665,True,0.1949712643678161,OI_FLUSH;RESID;SHOCK;VOL;LS_EXT,1.0,0.2638608530827548,0.20634010800476,OI_FLUSH;FUND_COLD;RESID;SHOCK;VOL;LS_EXT,False,0.09755747126436781,,1.0,0.2638608530827548,0.20634010800476,OI_FLUSH;FUND_COLD;RESID;SHOCK;VOL;LS_EXT,True,0.6389367816091954,,0.0,0.0,0.2902435457996611,OI_FLUSH;RESID;SHOCK;VOL;LS_EXT,4.0,7.0,2025-10-10 22:00:00,2025-10-13 20:00:00
ICP,False,1761847200000,1762124400000,0.4756436318392494,3.2083333333333335,False,0.1949712643678161,,40.0,0.4194242287645668,0.25344868109343427,OI_TREND;RESID,False,0.09755747126436781,,40.0,0.4194242287645668,0.25344868109343427,OI_TREND;RESID,False,0.6389367816091954,,21.0,0.05783930361314564,0.442805258115652,OI_DIV,39.0,42.0,2025-10-30 18:00:00,2025-11-02 23:00:00
ICP,False,1762182000000,1762282800000,0.7000980356390475,1.1666666666666667,True,0.1949712643678161,OI_TREND;SHOCK;VOL;SHORT_CROWD,12.0,0.5064901006067248,0.2993949768571016,RESID;SHOCK;VOL,True,0.09755747126436781,OI_TREND;SHOCK;VOL;SHORT_CROWD,12.0,0.5064901006067248,0.2993949768571016,RESID;SHOCK;VOL,True,0.6389367816091954,,0.0,0.0,0.7000980356390475,VOL,11.0,12.0,2025-11-03 15:00:00,2025-11-04 19:00:00
ICP,False,1762333200000,1762498800000,0.7832825323075575,1.9166666666666667,True,0.1949712643678161,FUND_COLD;VOL,1.0,0.0014894101418928152,0.7817467927895881,OI_FLUSH;VOL,True,0.09755747126436781,OI_TREND;FUND_COLD;RESID;SHOCK;VOL;SHORT_CROWD;LS_EXT,24.0,0.41541318774254443,0.40236153118439133,OI_TREND;SHORT_CROWD,True,0.6389367816091954,,0.0,0.0,0.7832825323075575,VOL,13.0,28.0,2025-11-05 09:00:00,2025-11-07 07:00:00
ICP,False,1762542000000,1762581600000,0.2986681539400234,0.4583333333333333,True,0.1949712643678161,FUND_COLD;RESID;VOL,,,,,True,0.09755747126436781,FUND_COLD;RESID;VOL,,,,,True,0.6389367816091954,,7.0,0.7555176352634385,0.06597815812118205,SHOCK,4.0,7.0,2025-11-07 19:00:00,2025-11-08 06:00:00
ICP,False,1763384400000,1763438400000,0.2741285240549244,0.625,False,0.1949712643678161,,,,,,False,0.09755747126436781,,,,,,False,0.6389367816091954,,,,,,4.0,5.0,2025-11-17 13:00:00,2025-11-18 04:00:00
ICP,False,1766106000000,1766268000000,0.20572357256104135,1.875,False,0.1949712643678161,,,,,,False,0.09755747126436781,,,,,,True,0.6389367816091954,,44.0,0.7016704235252215,0.05739829879659411,RESID;SHOCK,37.0,44.0,2025-12-19 01:00:00,2025-12-20 22:00:00
ICP,False,1767204000000,1768435200000,0.6059012746232363,14.25,True,0.1949712643678161,OI_DIV;COIL,6.0,0.14208395538005217,0.5013760922445374,SHORT_COVER;FUND_COLD,False,0.09755747126436781,,6.0,0.14208395538005217,0.5013760922445374,SHORT_COVER;FUND_COLD,True,0.6389367816091954,,5.0,0.12532018732278863,0.5133456017278518,SHORT_COVER,54.0,309.0,2025-12-31 18:00:00,2026-01-15 00:00:00
ICP,False,1771761600000,1772168400000,0.2475255781433343,4.708333333333333,True,0.1949712643678161,SHORT_CROWD;COIL,13.0,0.05849239372813129,0.23149115238889967,FUND_COLD;SHOCK,False,0.09755747126436781,,80.0,0.7414870717016008,0.058839238064162205,SHORT_COVER;RESID;SHOCK,True,0.6389367816091954,,0.0,0.0,0.2475255781433343,FUND_COLD,61.0,76.0,2026-02-22 12:00:00,2026-02-27 05:00:00
ICP,False,1777942800000,1778288400000,0.6997241375389023,4.0,False,0.1949712643678161,,19.0,0.24440686526024755,0.49304318334859837,OI_TREND;RESID;SHOCK;VOL,False,0.09755747126436781,,19.0,0.24440686526024755,0.49304318334859837,OI_TREND;RESID;SHOCK;VOL,True,0.6389367816091954,,12.0,0.13333827683257268,0.5836535452763546,RESID,32.0,46.0,2026-05-05 01:00:00,2026-05-09 01:00:00
ICP,False,1779224400000,1779886800000,0.2404102202603619,7.666666666666667,False,0.1949712643678161,,61.0,0.29414903618813143,0.16424178591669575,FUND_COLD;SHORT_CROWD,False,0.09755747126436781,,178.0,0.9953460997031126,0.0010031490929446358,OI_TREND;RESID,True,0.6389367816091954,,59.0,0.340564396222694,0.15265758847629982,FUND_COLD,54.0,173.0,2026-05-19 21:00:00,2026-05-27 13:00:00
ICP,False,1780088400000,1780531200000,0.36891480784311365,5.125,False,0.1949712643678161,,,,,,False,0.09755747126436781,,,,,,False,0.6389367816091954,,67.0,0.45601546929351383,0.18627851152585773,RESID,66.0,69.0,2026-05-29 21:00:00,2026-06-04 00:00:00
ICP,False,1787454000000,1788858000000,0.3211224778172064,16.25,True,0.1949712643678161,OI_TREND;RESID;VOL,0.0,0.0,0.3211224778172064,OI_FLUSH;RESID;VOL,True,0.09755747126436781,OI_TREND;RESID;VOL,364.0,0.8762433130375332,0.03506474175251661,FUND_COLD;RESID;SHORT_CROWD,True,0.6389367816091954,,0.0,0.0,0.3211224778172064,OI_FLUSH;RESID;VOL,156.0,346.0,2026-08-23 03:00:00,2026-09-08 09:00:00
ICP,False,1789570800000,1790438400000,0.22546725347924176,10.041666666666666,False,0.1949712643678161,,,,,,False,0.09755747126436781,,,,,,True,0.6389367816091954,,69.0,0.4814172045905897,0.1111987596543109,COIL,29.0,36.0,2026-09-16 15:00:00,2026-09-26 16:00:00
INJ,False,1744898400000,1745568000000,0.22997808118620316,7.75,False,0.19669540229885057,,,,,,False,0.09303160919540229,,,,,,False,0.695330459770115,,115.0,0.29996123901271876,0.1559302923758144,RESID,40.0,77.0,2025-04-17 14:00:00,2025-04-25 08:00:00
INJ,False,1746565200000,1747087200000,0.4193144637549361,6.041666666666667,False,0.19669540229885057,,,,,,False,0.09303160919540229,,,,,,False,0.695330459770115,,46.0,0.35854157176632706,0.25184949371949655,RESID,38.0,59.0,2025-05-06 21:00:00,2025-05-12 22:00:00
INJ,False,1747656000000,1747976400000,0.2140716322493924,3.7083333333333335,True,0.19669540229885057,SHORT_COVER;SHOCK,,,,,True,0.09303160919540229,SHORT_COVER;SHOCK,,,,,True,0.695330459770115,,53.0,0.1205695378842917,0.18600634886215076,SHOCK,64.0,74.0,2025-05-19 12:00:00,2025-05-23 05:00:00
INJ,False,1748196000000,1748476800000,0.20745139327131076,3.25,False,0.19669540229885057,,62.0,0.9428548947992027,0.010830762211138736,OI_TREND;FUND_COLD;SHORT_CROWD;COIL,False,0.09303160919540229,,62.0,0.9428548947992027,0.010830762211138736,OI_TREND;FUND_COLD;SHORT_CROWD;COIL,True,0.695330459770115,,4.0,0.1484809950556947,0.17412292774143553,SHOCK,6.0,12.0,2025-05-25 18:00:00,2025-05-29 00:00:00
INJ,False,1750615200000,1750780800000,0.21584382321492843,1.9166666666666667,False,0.19669540229885057,,28.0,0.5886365691464905,0.08371633613839888,SHORT_COVER;SHOCK,False,0.09303160919540229,,28.0,0.5886365691464905,0.08371633613839888,SHORT_COVER;SHOCK,True,0.695330459770115,,4.0,0.19339417381186136,0.1707466457796211,SHOCK,25.0,28.0,2025-06-22 18:00:00,2025-06-24 16:00:00
INJ,False,1751940000000,1753106400000,0.37936660223660884,13.5,False,0.19669540229885057,,,,,,False,0.09303160919540229,,,,,,False,0.695330459770115,,67.0,0.2154335197010956,0.28702806032030576,SHOCK,71.0,186.0,2025-07-08 02:00:00,2025-07-21 14:00:00
INJ,False,1753336800000,1753696800000,0.23848909614563638,4.166666666666667,False,0.19669540229885057,,,,,,False,0.09303160919540229,,,,,,True,0.695330459770115,,0.0,0.0,0.23848909614563638,RESID,27.0,60.0,2025-07-24 06:00:00,2025-07-28 10:00:00
INJ,False,1760130000000,1760385600000,0.27211395607150723,2.9583333333333335,False,0.19669540229885057,,0.0,0.0,0.27211395607150723,OI_FLUSH;RESID;SHOCK;VOL;LS_EXT,False,0.09303160919540229,,24.0,0.4729318649039214,0.13525214970178448,RESID;SHORT_CROWD;LS_EXT,True,0.695330459770115,,0.0,0.0,0.27211395607150723,OI_FLUSH;RESID;SHOCK;VOL;LS_EXT,1.0,3.0,2025-10-10 21:00:00,2025-10-13 20:00:00
INJ,False,1762430400000,1762567200000,0.36292619390989217,1.5833333333333333,False,0.19669540229885057,,29.0,0.5855174858703572,0.13693708543461847,SHORT_COVER;RESID,False,0.09303160919540229,,29.0,0.5855174858703572,0.13693708543461847,SHORT_COVER;RESID,True,0.695330459770115,,19.0,0.3033044693281337,0.24075569445038544,RESID,19.0,28.0,2025-11-06 12:00:00,2025-11-08 02:00:00
INJ,False,1767240000000,1767708000000,0.2792617313775295,5.416666666666667,False,0.19669540229885057,,29.0,0.3244700612006669,0.18101192428375165,SHORT_COVER;RESID,False,0.09303160919540229,,29.0,0.3244700612006669,0.18101192428375165,SHORT_COVER;RESID,True,0.695330459770115,,0.0,0.0,0.2792617313775295,OI_DIV,22.0,39.0,2026-01-01 04:00:00,2026-01-06 14:00:00
INJ,False,1770750000000,1771678800000,0.33684147624188265,10.75,False,0.19669540229885057,,198.0,0.4347385603476679,0.17833319433660202,OI_TREND;RESID;SHOCK,False,0.09303160919540229,,198.0,0.4347385603476679,0.17833319433660202,OI_TREND;RESID;SHOCK,True,0.695330459770115,,153.0,0.16335115723725832,0.2749249254842544,COIL,198.0,201.0,2026-02-10 19:00:00,2026-02-21 13:00:00
INJ,False,1776178800000,1777262400000,0.2416087923499679,12.541666666666666,False,0.19669540229885057,,27.0,0.37074916734600355,0.14588227245559351,OI_TREND;RESID;SHOCK,False,0.09303160919540229,,27.0,0.37074916734600355,0.14588227245559351,OI_TREND;RESID;SHOCK,True,0.695330459770115,,23.0,0.23063977277428327,0.18115842267045454,RESID,27.0,30.0,2026-04-14 15:00:00,2026-04-27 04:00:00
INJ,False,1777615200000,1778666400000,0.6331706002428403,12.166666666666666,False,0.19669540229885057,,264.0,0.5522119990304518,0.24564122628802534,OI_TREND;RESID,False,0.09303160919540229,,264.0,0.5522119990304518,0.24564122628802534,OI_TREND;RESID,False,0.695330459770115,,1.0,0.04881418049346518,0.5945296255049239,SHOCK,177.0,263.0,2026-05-01 06:00:00,2026-05-13 10:00:00
INJ,False,1779512400000,1780405200000,0.6433883800822545,10.333333333333334,False,0.19669540229885057,,146.0,0.5826773713596701,0.2303630282162303,RESID;SHORT_CROWD,False,0.09303160919540229,,146.0,0.5826773713596701,0.2303630282162303,RESID;SHORT_CROWD,True,0.695330459770115,,0.0,0.0,0.6433883800822545,SHOCK,78.0,145.0,2026-05-23 05:00:00,2026-06-02 13:00:00
INJ,False,1782385200000,1782543600000,0.2236732197278367,1.8333333333333333,False,0.19669540229885057,,,,,,False,0.09303160919540229,,,,,,False,0.695330459770115,,2.0,0.1097576844678004,0.19686040063041366,SHOCK,13.0,21.0,2026-06-25 11:00:00,2026-06-27 07:00:00
INJ,False,1787400000000,1787659200000,0.21373926092696835,3.0,True,0.19669540229885057,SHOCK;VOL;LS_EXT,52.0,0.9638953555924216,0.0070181952854088386,RESID;SHOCK;VOL;LS_EXT,False,0.09303160919540229,,52.0,0.9638953555924216,0.0070181952854088386,RESID;SHOCK;VOL;LS_EXT,True,0.695330459770115,,0.0,0.0,0.21373926092696835,LS_EXT,25.0,30.0,2026-08-22 12:00:00,2026-08-25 12:00:00
INJ,False,1788498000000,1788876000000,0.40670025414786465,4.375,False,0.19669540229885057,,11.0,0.010905178746226448,0.4014751493673447,FUND_COLD;SHORT_CROWD,False,0.09303160919540229,,71.0,0.4919987065738768,0.189286768615747,RESID;SHORT_CROWD,False,0.695330459770115,,11.0,0.010905178746226448,0.4014751493673447,FUND_COLD;SHORT_CROWD,66.0,72.0,2026-09-04 05:00:00,2026-09-08 14:00:00
INJ,False,1789585200000,1789862400000,0.4511478139316208,3.2083333333333335,False,0.19669540229885057,,59.0,0.7499947684420486,0.09756123321291801,OI_TREND;RESID;SHOCK,False,0.09303160919540229,,59.0,0.7499947684420486,0.09756123321291801,OI_TREND;RESID;SHOCK,True,0.695330459770115,,39.0,0.6421920357580342,0.1425144906113719,RESID;SHOCK,36.0,39.0,2026-09-16 19:00:00,2026-09-20 00:00:00
JUP,False,1744822800000,1745636400000,0.28288017439215063,9.416666666666666,False,0.1882183908045977,,163.0,0.622101035987197,0.0987108485044869,FUND_COLD;SHORT_CROWD,False,0.09691091954022989,,210.0,0.9615139865767652,0.00963326581622733,RESID;SHOCK;LS_EXT,True,0.6276580459770115,,163.0,0.622101035987197,0.0987108485044869,FUND_COLD;SHORT_CROWD,58.0,85.0,2025-04-16 17:00:00,2025-04-26 03:00:00
JUP,False,1746633600000,1746928800000,0.3164359996547768,3.4166666666666665,False,0.1882183908045977,,38.0,0.5343076480115272,0.13658926661346385,OI_TREND;RESID,False,0.09691091954022989,,38.0,0.5343076480115272,0.13658926661346385,OI_TREND;RESID,False,0.6276580459770115,,24.0,0.23745927297066013,0.23323877809672494,OI_TREND,28.0,38.0,2025-05-07 16:00:00,2025-05-11 02:00:00
JUP,False,1747508400000,1748008800000,0.2435285309163076,5.791666666666667,False,0.1882183908045977,,126.0,0.8367287794972982,0.03622618010475176,OI_TREND;RESID,False,0.09691091954022989,,126.0,0.8367287794972982,0.03622618010475176,OI_TREND;RESID,True,0.6276580459770115,,9.0,0.24766452952059548,0.17818335044798797,FUND_COLD,10.0,116.0,2025-05-17 19:00:00,2025-05-23 14:00:00
JUP,False,1748188800000,1748340000000,0.23094691434809855,1.75,True,0.1882183908045977,FUND_COLD;SHORT_CROWD,13.0,0.5993705006108152,0.08680727078436096,FUND_COLD;SHOCK;SHORT_CROWD,True,0.09691091954022989,OI_TREND;FUND_COLD;VOL;SHORT_CROWD,13.0,0.5993705006108152,0.08680727078436096,FUND_COLD;SHOCK;SHORT_CROWD,True,0.6276580459770115,,6.0,0.2912599690876365,0.15866055240676713,SHOCK,7.0,13.0,2025-05-25 16:00:00,2025-05-27 10:00:00
JUP,False,1750597200000,1750744800000,0.20716737365352167,1.7083333333333333,False,0.1882183908045977,,,,,,False,0.09691091954022989,,,,,,False,0.6276580459770115,,28.0,0.3184303193207424,0.13692087720947466,SHOCK,24.0,33.0,2025-06-22 13:00:00,2025-06-24 06:00:00
JUP,False,1750982400000,1751295600000,0.20279116477068262,3.625,False,0.1882183908045977,,42.0,0.6968587061811204,0.05756962775389938,OI_TREND;RESID,False,0.09691091954022989,,42.0,0.6968587061811204,0.05756962775389938,OI_TREND;RESID,True,0.6276580459770115,,35.0,0.40080893931332545,0.11698995752930959,FUND_COLD,29.0,40.0,2025-06-27 00:00:00,2025-06-30 15:00:00
JUP,False,1752332400000,1753164000000,0.4235280947789132,9.625,False,0.1882183908045977,,66.0,0.13816567034180388,0.3557390976893758,OI_DIV;LS_EXT,False,0.09691091954022989,,215.0,0.8732551547914399,0.045775240459633486,OI_TREND;RESID;SHOCK,True,0.6276580459770115,,11.0,0.1009077921538448,0.3736946727613161,LS_EXT,80.0,133.0,2025-07-12 15:00:00,2025-07-22 06:00:00
JUP,False,1754157600000,1754787600000,0.21377569587885378,7.291666666666667,False,0.1882183908045977,,,,,,False,0.09691091954022989,,,,,,True,0.6276580459770115,,13.0,0.1851987143178857,0.1709978743931378,FUND_COLD,27.0,52.0,2025-08-02 18:00:00,2025-08-10 01:00:00
JUP,False,1760130000000,1760396400000,0.28412449442334176,3.0833333333333335,True,0.1882183908045977,FUND_COLD;SHOCK,0.0,0.0,0.28412449442334176,OI_FLUSH;FUND_COLD;RESID;SHOCK,False,0.09691091954022989,,1.0,0.3140247713672525,0.1871396238448691,OI_FLUSH;FUND_COLD;RESID;SHOCK;VOL;LS_EXT,True,0.6276580459770115,,0.0,0.0,0.28412449442334176,OI_FLUSH;FUND_COLD;RESID;SHOCK,1.0,11.0,2025-10-10 21:00:00,2025-10-13 23:00:00
JUP,False,1760688000000,1761624000000,0.2833640258413792,10.833333333333334,False,0.1882183908045977,,175.0,0.45579731629018916,0.14541874283846346,FUND_COLD;RESID,False,0.09691091954022989,,175.0,0.45579731629018916,0.14541874283846346,FUND_COLD;RESID,False,0.6276580459770115,,172.0,0.35948176339719035,0.1732756625725463,FUND_COLD,70.0,180.0,2025-10-17 08:00:00,2025-10-28 04:00:00
JUP,False,1766084400000,1767708000000,0.2517480819414449,18.791666666666668,False,0.1882183908045977,,24.0,0.36912621834473663,0.15218144590203803,SHORT_COVER;RESID,False,0.09691091954022989,,24.0,0.36912621834473663,0.15218144590203803,SHORT_COVER;RESID,True,0.6276580459770115,,16.0,0.12701796159859327,0.21655159468039584,FUND_COLD,21.0,151.0,2025-12-18 19:00:00,2026-01-06 14:00:00
JUP,False,1769878800000,1770292800000,0.24485457887372047,4.791666666666667,False,0.1882183908045977,,3.0,0.0896617933767179,0.2206470754489263,FUND_COLD;SHORT_CROWD,False,0.09691091954022989,,43.0,0.5960850016197639,0.09249595506255985,FUND_COLD;RESID;VOL,True,0.6276580459770115,,0.0,0.0,0.24485457887372047,RESID;SHOCK,15.0,34.0,2026-01-31 17:00:00,2026-02-05 12:00:00
JUP,False,1770847200000,1771131600000,0.2294587232695956,3.2916666666666665,True,0.1882183908045977,OI_DIV;SHORT_CROWD,,,,,False,0.09691091954022989,,,,,,True,0.6276580459770115,,76.0,0.8606005975094775,0.0292149154380941,SHORT_COVER,41.0,51.0,2026-02-11 22:00:00,2026-02-15 05:00:00
JUP,False,1771819200000,1772701200000,0.25066639757609926,10.208333333333334,False,0.1882183908045977,,,,,,False,0.09691091954022989,,,,,,False,0.6276580459770115,,108.0,0.3034328032476499,0.16859915916350343,FUND_COLD,61.0,141.0,2026-02-23 04:00:00,2026-03-05 09:00:00
JUP,False,1777935600000,1778450400000,0.4698394068366826,5.958333333333333,False,0.1882183908045977,,14.0,0.12531132223932756,0.4005837269734806,OI_TREND;VOL,False,0.09691091954022989,,14.0,0.12531132223932756,0.4005837269734806,OI_TREND;VOL,False,0.6276580459770115,,14.0,0.12531132223932756,0.4005837269734806,OI_TREND;VOL,39.0,88.0,2026-05-04 23:00:00,2026-05-10 22:00:00
JUP,False,1779984000000,1780495200000,0.3611976544387957,5.916666666666667,True,0.1882183908045977,FUND_COLD;SHORT_CROWD,4.0,0.05332435263978821,0.3389980088401061,OI_DIV;SHORT_CROWD,False,0.09691091954022989,,,,,,True,0.6276580459770115,,0.0,0.0,0.3611976544387957,OI_DIV,78.0,97.0,2026-05-28 16:00:00,2026-06-03 14:00:00
JUP,False,1781125200000,1782057600000,0.4821734990308517,10.791666666666666,False,0.1882183908045977,,,,,,False,0.09691091954022989,,,,,,True,0.6276580459770115,,22.0,0.15453658980495794,0.39472597273302956,SHORT_COVER,42.0,103.0,2026-06-10 21:00:00,2026-06-21 16:00:00
JUP,False,1782140400000,1782514800000,0.21985311827297113,4.333333333333333,False,0.1882183908045977,,,,,,False,0.09691091954022989,,,,,,True,0.6276580459770115,,17.0,0.08801166174338157,0.19870266432968578,OI_FLUSH,41.0,43.0,2026-06-22 15:00:00,2026-06-26 23:00:00
JUP,False,1788148800000,1788735600000,0.3136799488832155,6.791666666666667,True,0.1882183908045977,OI_FLUSH;SHOCK,71.0,0.2309029806636956,0.23347393312280285,OI_DIV;LS_EXT,False,0.09691091954022989,,76.0,0.4206672313730453,0.17123729073471614,OI_TREND;SHOCK;LS_EXT,True,0.6276580459770115,,0.0,0.0,0.3136799488832155,OI_FLUSH,17.0,146.0,2026-08-31 04:00:00,2026-09-06 23:00:00
JUP,False,1789545600000,1789948800000,0.38109657634508337,4.666666666666667,False,0.1882183908045977,,,,,,False,0.09691091954022989,,,,,,True,0.6276580459770115,,44.0,0.5478965666647208,0.15716629089744488,RESID,37.0,44.0,2026-09-16 08:00:00,2026-09-21 00:00:00
JUP,False,1790175600000,1790550000000,0.32032242741412037,4.333333333333333,False,0.1882183908045977,,,,,,False,0.09691091954022989,,,,,,True,0.6276580459770115,,102.0,0.8870918377483025,0.03187183154003509,SHOCK,25.0,44.0,2026-09-23 15:00:00,2026-09-27 23:00:00
KITE,False,1763373600000,1763787600000,0.6022203096174658,4.791666666666667,False,0.20215109498509784,,,,,,False,0.11532979136970326,,,,,,False,0.6139691589996112,,,,,,31.0,65.0,2025-11-17 10:00:00,2025-11-22 05:00:00
KITE,False,1763942400000,1764468000000,0.2420344163534798,6.083333333333333,False,0.20215109498509784,,,,,,False,0.11532979136970326,,,,,,False,0.6139691589996112,,,,,,37.0,50.0,2025-11-24 00:00:00,2025-11-30 02:00:00
KITE,False,1765382400000,1765828800000,0.2423817778092589,5.166666666666667,False,0.20215109498509784,,,,,,False,0.11532979136970326,,,,,,False,0.6139691589996112,,123.0,0.785682735280488,0.0476120601861533,FUND_HOT,26.0,96.0,2025-12-10 16:00:00,2025-12-15 20:00:00
KITE,False,1767841200000,1769713200000,0.9239171600191829,21.666666666666668,False,0.20215109498509784,,204.0,0.03238813801535358,0.8835714581936833,FUND_HOT;SHOCK,False,0.11532979136970326,,482.0,0.8029947221470355,0.1375911753519707,RESID;SHOCK;VOL,True,0.6139691589996112,,11.0,0.06481286845380614,0.8440276747507639,OI_DIV,312.0,365.0,2026-01-08 03:00:00,2026-01-29 19:00:00
KITE,False,1769731200000,1770080400000,0.23100054009147536,4.041666666666667,True,0.20215109498509784,OI_TREND;VOL;LS_EXT,42.0,0.6106408142028628,0.0842835679328479,OI_TREND;LONG_CROWD,True,0.11532979136970326,OI_TREND;VOL;LS_EXT,42.0,0.6106408142028628,0.0842835679328479,OI_TREND;LONG_CROWD,True,0.6139691589996112,,0.0,0.0,0.23100054009147536,SHOCK;VOL,1.0,26.0,2026-01-30 00:00:00,2026-02-03 01:00:00
KITE,False,1770116400000,1770681600000,0.5660037908414215,6.541666666666667,False,0.20215109498509784,,73.0,0.39087271615957303,0.31417625116629083,FUND_HOT;LONG_CROWD,False,0.11532979136970326,,73.0,0.39087271615957303,0.31417625116629083,FUND_HOT;LONG_CROWD,True,0.6139691589996112,,73.0,0.39087271615957303,0.31417625116629083,FUND_HOT;LONG_CROWD,30.0,116.0,2026-02-03 11:00:00,2026-02-10 00:00:00
KITE,False,1770854400000,1771020000000,0.4510996892324405,1.9166666666666667,True,0.20215109498509784,OI_FLUSH;RESID,2.0,0.05235021888374304,0.4230899863172693,OI_FLUSH;RESID,True,0.11532979136970326,SHORT_COVER;SHOCK,27.0,0.6490592636449563,0.13958349787772237,OI_TREND;RESID,True,0.6139691589996112,,0.0,0.0,0.4510996892324405,OI_FLUSH;RESID,11.0,16.0,2026-02-12 00:00:00,2026-02-13 22:00:00
KITE,False,1771084800000,1771153200000,0.21403097933575738,0.7916666666666666,True,0.20215109498509784,OI_FLUSH;RESID,5.0,0.33444711385304804,0.13778280451419656,OI_FLUSH;RESID,True,0.11532979136970326,OI_TREND;RESID,,,,,True,0.6139691589996112,,0.0,0.0,0.21403097933575738,OI_FLUSH;RESID,5.0,9.0,2026-02-14 16:00:00,2026-02-15 11:00:00
KITE,False,1771243200000,1771398000000,0.23583519001334635,1.7916666666666667,True,0.20215109498509784,OI_FLUSH;RESID,,,,,False,0.11532979136970326,,,,,,True,0.6139691589996112,,41.0,0.9053533897435101,0.02024330851298082,SHOCK,17.0,41.0,2026-02-16 12:00:00,2026-02-18 07:00:00
KITE,False,1771452000000,1771610400000,0.281465592615534,1.8333333333333333,False,0.20215109498509784,,,,,,False,0.11532979136970326,,,,,,True,0.6139691589996112,,,,,,13.0,26.0,2026-02-18 22:00:00,2026-02-20 18:00:00
KITE,False,1771700400000,1771833600000,0.32821086062566934,1.5416666666666667,True,0.20215109498509784,OI_FLUSH;RESID,0.0,0.0,0.32821086062566934,OI_FLUSH;RESID,False,0.11532979136970326,,33.0,0.9657575635612181,0.009766511368968453,OI_TREND;RESID;LS_EXT,True,0.6139691589996112,,0.0,0.0,0.32821086062566934,OI_FLUSH;RESID,12.0,15.0,2026-02-21 19:00:00,2026-02-23 08:00:00
KITE,False,1771916400000,1772089200000,0.2209608970913694,2.0,True,0.20215109498509784,OI_DIV;LS_EXT,,,,,True,0.11532979136970326,OI_TREND;RESID;LS_EXT,,,,,True,0.6139691589996112,,0.0,0.0,0.2209608970913694,OI_FLUSH,2.0,5.0,2026-02-24 07:00:00,2026-02-26 07:00:00
KITE,False,1772539200000,1772596800000,0.28610519400298956,0.6666666666666666,True,0.20215109498509784,FUND_COLD;RESID;LS_EXT,0.0,0.0,0.28610519400298956,FUND_COLD;RESID;LS_EXT,False,0.11532979136970326,,1.0,0.38647809879413975,0.16692655045343957,FUND_COLD;SHOCK;LS_EXT,True,0.6139691589996112,,0.0,0.0,0.28610519400298956,FUND_COLD;RESID;LS_EXT,1.0,2.0,2026-03-03 12:00:00,2026-03-04 04:00:00
KITE,False,1772668800000,1772787600000,0.49026473313154423,1.375,True,0.20215109498509784,FUND_COLD;SHOCK;LS_EXT,,,,,True,0.11532979136970326,FUND_COLD;SHOCK;LS_EXT,,,,,True,0.6139691589996112,,0.0,0.0,0.49026473313154423,COIL,8.0,14.0,2026-03-05 00:00:00,2026-03-06 09:00:00
KITE,False,1772884800000,1772992800000,0.2912270300583348,1.25,True,0.20215109498509784,OI_FLUSH;FUND_COLD;LS_EXT,4.0,0.3663376832496601,0.17581276380233676,SHORT_COVER;FUND_COLD;LS_EXT,False,0.11532979136970326,,4.0,0.3663376832496601,0.17581276380233676,SHORT_COVER;FUND_COLD;LS_EXT,True,0.6139691589996112,,0.0,0.0,0.2912270300583348,OI_FLUSH;FUND_COLD;LS_EXT,4.0,12.0,2026-03-07 12:00:00,2026-03-08 18:00:00
KITE,False,1773824400000,1774386000000,0.41661301079590995,6.5,True,0.20215109498509784,FUND_COLD;SHORT_CROWD;COIL,12.0,0.21198800047442778,0.31579363499070423,FUND_COLD;SHORT_CROWD,False,0.11532979136970326,,,,,,True,0.6139691589996112,,0.0,0.0,0.41661301079590995,FUND_COLD,32.0,42.0,2026-03-18 09:00:00,2026-03-24 21:00:00
KITE,False,1775188800000,1775347200000,0.32197008602905647,1.8333333333333333,True,0.20215109498509784,FUND_COLD;SHORT_CROWD,,,,,False,0.11532979136970326,,,,,,True,0.6139691589996112,,,,,,5.0,14.0,2026-04-03 04:00:00,2026-04-05 00:00:00
KITE,False,1775455200000,1775530800000,0.24786600711468365,0.875,False,0.20215109498509784,,,,,,False,0.11532979136970326,,,,,,False,0.6139691589996112,,21.0,1.0,0.0,RESID;SHOCK,2.0,8.0,2026-04-06 06:00:00,2026-04-07 03:00:00
KITE,False,1775811600000,1776384000000,0.27384282722135567,6.625,False,0.20215109498509784,,,,,,False,0.11532979136970326,,,,,,False,0.6139691589996112,,,,,,13.0,44.0,2026-04-10 09:00:00,2026-04-17 00:00:00
KITE,False,1778040000000,1778486400000,0.3684981800464055,5.166666666666667,False,0.20215109498509784,,,,,,False,0.11532979136970326,,,,,,False,0.6139691589996112,,88.0,0.7446223943034607,0.0834122050265035,RESID,30.0,72.0,2026-05-06 04:00:00,2026-05-11 08:00:00
KITE,False,1778544000000,1778749200000,0.3200118156220031,2.375,False,0.20215109498509784,,2.0,0.1993972465061753,0.2489209008127476,OI_FLUSH;VOL,False,0.11532979136970326,,,,,,True,0.6139691589996112,,1.0,0.13650569401304224,0.270920133895169,VOL,14.0,19.0,2026-05-12 00:00:00,2026-05-14 09:00:00
KITE,False,1778817600000,1779249600000,0.2585384362360075,5.0,False,0.20215109498509784,,,,,,False,0.11532979136970326,,,,,,True,0.6139691589996112,,10.0,0.13819339002804637,0.21917372858521483,SHOCK,9.0,73.0,2026-05-15 04:00:00,2026-05-20 04:00:00
KITE,False,1779732000000,1780534800000,0.2275544461891141,9.291666666666666,False,0.20215109498509784,,,,,,False,0.11532979136970326,,,,,,True,0.6139691589996112,,37.0,0.4275241260205401,0.12453684370747091,FUND_HOT,12.0,58.0,2026-05-25 18:00:00,2026-06-04 01:00:00
KITE,False,1783479600000,1783944000000,0.3063846102160419,5.375,True,0.20215109498509784,OI_DIV;LS_EXT,118.0,0.517912532279477,0.13751308536961526,OI_TREND;RESID,False,0.11532979136970326,,118.0,0.517912532279477,0.13751308536961526,OI_TREND;RESID,True,0.6139691589996112,,0.0,0.0,0.3063846102160419,LS_EXT,9.0,118.0,2026-07-08 03:00:00,2026-07-13 12:00:00
KITE,False,1787274000000,1788012000000,0.3082771844057296,8.541666666666666,False,0.20215109498509784,,62.0,0.37252212425886366,0.1836587755750774,FUND_HOT;LONG_CROWD,False,0.11532979136970326,,62.0,0.37252212425886366,0.1836587755750774,FUND_HOT;LONG_CROWD,False,0.6139691589996112,,24.0,0.30312971971843533,0.20593694330027137,RESID,24.0,75.0,2026-08-21 01:00:00,2026-08-29 14:00:00
KITE,False,1788195600000,1788368400000,0.2625592761937119,2.0,False,0.20215109498509784,,37.0,0.6504076562579568,0.08491782853752763,OI_TREND;RESID,False,0.11532979136970326,,37.0,0.6504076562579568,0.08491782853752763,OI_TREND;RESID,True,0.6139691589996112,,0.0,0.0,0.2625592761937119,LS_EXT,32.0,36.0,2026-08-31 17:00:00,2026-09-02 17:00:00
KITE,False,1789567200000,1790474400000,0.4469727767426738,10.5,False,0.20215109498509784,,2.0,0.29747437367161,0.29636565074687066,OI_TREND;SHOCK,False,0.11532979136970326,,2.0,0.29747437367161,0.29636565074687066,OI_TREND;SHOCK,False,0.6139691589996112,,2.0,0.29747437367161,0.29636565074687066,OI_TREND;SHOCK,135.0,140.0,2026-09-16 14:00:00,2026-09-27 02:00:00
LDO,False,1746633600000,1746914400000,0.42894957029079905,3.25,False,0.17140804597701148,,49.0,0.6317579839605719,0.14046966099876904,OI_TREND;RESID;VOL,False,0.08936781609195402,,49.0,0.6317579839605719,0.14046966099876904,OI_TREND;RESID;VOL,True,0.6317528735632184,,21.0,0.28345371333785974,0.2914475883826617,RESID,22.0,34.0,2025-05-07 16:00:00,2025-05-10 22:00:00
LDO,False,1749232800000,1749654000000,0.23803540837268836,4.875,True,0.17140804597701148,OI_FLUSH;FUND_COLD;LS_EXT,,,,,False,0.08936781609195402,,,,,,True,0.6317528735632184,,0.0,0.0,0.23803540837268836,OI_FLUSH;LS_EXT,19.0,89.0,2025-06-06 18:00:00,2025-06-11 15:00:00
LDO,False,1750694400000,1753027200000,0.7180480156631401,27.0,False,0.17140804597701148,,576.0,0.4931847086019815,0.31558672530066795,OI_TREND;SHOCK;VOL,False,0.08936781609195402,,576.0,0.4931847086019815,0.31558672530066795,OI_TREND;SHOCK;VOL,True,0.6317528735632184,,128.0,0.1230195505234471,0.6073903644811527,COIL,433.0,577.0,2025-06-23 16:00:00,2025-07-20 16:00:00
LDO,False,1754157600000,1755028800000,0.7234124564487094,10.083333333333334,False,0.17140804597701148,,143.0,0.4458170858951835,0.3520815014553496,FUND_COLD;SHORT_CROWD,False,0.08936781609195402,,170.0,0.7116698377794214,0.16992533101791957,OI_TREND;RESID,True,0.6317528735632184,,22.0,0.08562204539287734,0.6449363523842303,FUND_COLD,125.0,155.0,2025-08-02 18:00:00,2025-08-12 20:00:00
LDO,False,1755568800000,1755910800000,0.2124204318808367,3.9583333333333335,False,0.17140804597701148,,30.0,0.34130754132163355,0.13527679933493575,FUND_COLD;SHORT_CROWD;LS_EXT,False,0.08936781609195402,,,,,,True,0.6317528735632184,,29.0,0.21620478273989321,0.1629659906171776,FUND_COLD,30.0,84.0,2025-08-19 02:00:00,2025-08-23 01:00:00
LDO,False,1760144400000,1760518800000,0.3336061223852861,4.333333333333333,True,0.17140804597701148,OI_FLUSH;FUND_COLD;RESID;VOL,5.0,0.17901918733943437,0.2666168019181687,OI_FLUSH;FUND_COLD;RESID;VOL,False,0.08936781609195402,,,,,,True,0.6317528735632184,,0.0,0.0,0.3336061223852861,OI_FLUSH;FUND_COLD;RESID;SHOCK;VOL,7.0,39.0,2025-10-11 01:00:00,2025-10-15 09:00:00
LDO,False,1762232400000,1762812000000,0.2296112601984425,6.708333333333333,False,0.17140804597701148,,,,,,False,0.08936781609195402,,,,,,True,0.6317528735632184,,,,,,35.0,82.0,2025-11-04 05:00:00,2025-11-10 22:00:00
LDO,False,1766084400000,1767708000000,0.2248577061362174,18.791666666666668,True,0.17140804597701148,FUND_COLD;RESID,,,,,False,0.08936781609195402,,,,,,True,0.6317528735632184,,41.0,0.2786127853823296,0.15756091302233602,SHORT_COVER,19.0,198.0,2025-12-18 19:00:00,2026-01-06 14:00:00
LDO,False,1773129600000,1775044800000,0.22359028816226909,22.166666666666668,False,0.17140804597701148,,415.0,0.3322912396850277,0.14423529305381794,OI_TREND;RESID;SHOCK,False,0.08936781609195402,,415.0,0.3322912396850277,0.14423529305381794,OI_TREND;RESID;SHOCK,False,0.6317528735632184,,6.0,0.07864557154099837,0.204325373043794,SHOCK,67.0,419.0,2026-03-10 08:00:00,2026-04-01 12:00:00
LDO,False,1776060000000,1776366000000,0.39066295225861225,3.5416666666666665,False,0.17140804597701148,,20.0,0.28733572495652066,0.26493765476717596,OI_TREND;RESID,False,0.08936781609195402,,20.0,0.28733572495652066,0.26493765476717596,OI_TREND;RESID,True,0.6317528735632184,,0.0,0.0,0.39066295225861225,LS_EXT,21.0,56.0,2026-04-13 06:00:00,2026-04-16 19:00:00
LDO,False,1777168800000,1777230000000,0.22250436923574035,0.7083333333333334,False,0.17140804597701148,,12.0,0.45947585459868207,0.11470759117333335,OI_TREND;SHOCK,False,0.08936781609195402,,12.0,0.45947585459868207,0.11470759117333335,OI_TREND;SHOCK,False,0.6317528735632184,,11.0,0.2280189708129804,0.16776557669571748,OI_DIV,10.0,13.0,2026-04-26 02:00:00,2026-04-26 19:00:00
LDO,False,1782446400000,1783526400000,0.3533262660743329,12.5,True,0.17140804597701148,OI_FLUSH;SHOCK,274.0,0.4381345993424542,0.18530611366136546,OI_TREND;RESID;SHOCK,False,0.08936781609195402,,274.0,0.4381345993424542,0.18530611366136546,OI_TREND;RESID;SHOCK,True,0.6317528735632184,,52.0,0.06735167294242406,0.3260268928259074,COIL,257.0,275.0,2026-06-26 04:00:00,2026-07-08 16:00:00
LDO,False,1783724400000,1784300400000,0.2915207579373143,6.666666666666667,False,0.17140804597701148,,132.0,0.7312261725636646,0.07117677053541066,OI_TREND;RESID,False,0.08936781609195402,,132.0,0.7312261725636646,0.07117677053541066,OI_TREND;RESID,True,0.6317528735632184,,96.0,0.35409633948936653,0.1796707059426259,LS_EXT,20.0,114.0,2026-07-10 23:00:00,2026-07-17 15:00:00
LDO,False,1787760000000,1788710400000,0.21040949933892275,11.0,False,0.17140804597701148,,264.0,1.0,0.0,OI_TREND;RESID,False,0.08936781609195402,,264.0,1.0,0.0,OI_TREND;RESID,True,0.6317528735632184,,0.0,0.0,0.21040949933892275,OI_FLUSH,46.0,187.0,2026-08-26 16:00:00,2026-09-06 16:00:00
LDO,False,1789570800000,1789948800000,0.2698727142866913,4.375,False,0.17140804597701148,,,,,,False,0.08936781609195402,,,,,,True,0.6317528735632184,,1.0,0.07559594051728265,0.24714325531872447,FUND_COLD,22.0,36.0,2026-09-16 15:00:00,2026-09-21 00:00:00
LDO,False,1790193600000,1790362800000,0.3094341179491342,1.9583333333333333,False,0.17140804597701148,,17.0,0.2583265842776333,0.22134351978787126,OI_FLUSH;SHOCK,False,0.08936781609195402,,17.0,0.2583265842776333,0.22134351978787126,OI_FLUSH;SHOCK,True,0.6317528735632184,,3.0,0.012432379962544883,0.30505262348827333,RESID,19.0,25.0,2026-09-23 20:00:00,2026-09-25 19:00:00
LINK,False,1746630000000,1747170000000,0.2072923059526539,6.25,False,0.13383620689655173,,1.0,0.01146776973418329,0.20468700814138227,SHORT_COVER;FUND_COLD,False,0.09288793103448276,,1.0,0.01146776973418329,0.20468700814138227,SHORT_COVER;FUND_COLD,False,0.700287356321839,,0.0,0.0,0.2072923059526539,SHORT_COVER,18.0,29.0,2025-05-07 15:00:00,2025-05-13 21:00:00
LINK,False,1750626000000,1753092000000,0.5019810541372851,28.541666666666668,False,0.13383620689655173,,394.0,0.33784172311055993,0.30912112433649114,OI_TREND;RESID,False,0.09288793103448276,,394.0,0.33784172311055993,0.30912112433649114,OI_TREND;RESID,True,0.700287356321839,,1.0,0.03733511350725912,0.4793422711577244,SHOCK,43.0,565.0,2025-06-22 21:00:00,2025-07-21 10:00:00
LINK,False,1754157600000,1755054000000,0.48826891528652216,10.375,False,0.13383620689655173,,132.0,0.4462998978951238,0.24627451681907478,OI_TREND;RESID,False,0.09288793103448276,,132.0,0.4462998978951238,0.24627451681907478,OI_TREND;RESID,False,0.700287356321839,,128.0,0.3880552791983811,0.27547361143088306,RESID,121.0,139.0,2025-08-02 18:00:00,2025-08-13 03:00:00
LINK,False,1755342000000,1755878400000,0.29159533618936306,6.208333333333333,False,0.13383620689655173,,17.0,0.45149184197671893,0.15067790602235986,FUND_COLD;SHORT_CROWD,False,0.09288793103448276,,18.0,0.4843087559398873,0.14105596755316296,OI_TREND;FUND_COLD;RESID;SHORT_CROWD,True,0.700287356321839,,12.0,0.21058249830956216,0.22384150843604497,FUND_COLD,16.0,21.0,2025-08-16 11:00:00,2025-08-22 16:00:00
LINK,False,1780718400000,1787371200000,0.35933850784532273,77.0,False,0.13383620689655173,,435.0,0.10442866901627457,0.3164500763586168,OI_DIV;COIL,False,0.09288793103448276,,954.0,0.3724286263534803,0.21247445538952803,OI_TREND;RESID,True,0.700287356321839,,0.0,0.0,0.35933850784532273,SHOCK;LS_EXT,921.0,1601.0,2026-06-06 04:00:00,2026-08-22 04:00:00
LINK,False,1789570800000,1790640000000,0.31517848010936816,12.375,False,0.13383620689655173,,210.0,0.6200033870205925,0.10972093908934771,OI_TREND;RESID,False,0.09288793103448276,,210.0,0.6200033870205925,0.10972093908934771,OI_TREND;RESID,False,0.700287356321839,,6.0,0.07997283431461177,0.2866758534460509,OI_DIV,59.0,209.0,2026-09-16 15:00:00,2026-09-29 00:00:00
LIT,False,1759773600000,1760691600000,0.2057518841966751,10.625,False,0.09714820682702002,,,,,,False,0.05221085985885064,,,,,,False,0.31945844735705026,,,,,,93.0,98.0,2025-10-06 18:00:00,2025-10-17 09:00:00
LIT,False,1761544800000,1763715600000,0.4114933074741428,25.125,False,0.09714820682702002,,,,,,False,0.05221085985885064,,,,,,False,0.31945844735705026,,,,,,191.0,431.0,2025-10-27 06:00:00,2025-11-21 09:00:00
LIT,False,1765296000000,1766509200000,5.822052658443971,14.041666666666666,False,0.09714820682702002,,,,,,False,0.05221085985885064,,,,,,False,0.31945844735705026,,337.0,1.0,0.0,RESID,337.0,337.0,2025-12-09 16:00:00,2025-12-23 17:00:00
LIT,False,1767078000000,1767085200000,0.23953420921204105,0.08333333333333333,False,0.09714820682702002,,,,,,False,0.05221085985885064,,,,,,True,0.31945844735705026,,0.0,0.0,0.23953420921204105,SHOCK,1.0,1.0,2025-12-30 07:00:00,2025-12-30 09:00:00
LIT,False,1767524400000,1767700800000,0.2399201587711249,2.0416666666666665,False,0.09714820682702002,,,,,,False,0.05221085985885064,,,,,,False,0.31945844735705026,,25.0,0.5739450595346296,0.09595029069285185,SHOCK,13.0,25.0,2026-01-04 11:00:00,2026-01-06 12:00:00
LIT,False,1768914000000,1769144400000,0.22584312135838816,2.6666666666666665,False,0.09714820682702002,,,,,,False,0.05221085985885064,,,,,,True,0.31945844735705026,,3.0,0.26837797812520536,0.16064903929254842,FUND_HOT,2.0,9.0,2026-01-20 13:00:00,2026-01-23 05:00:00
LIT,False,1769403600000,1769641200000,0.247845817475311,2.75,False,0.09714820682702002,,,,,,False,0.05221085985885064,,,,,,True,0.31945844735705026,,10.0,0.5094120548462422,0.11474463769037231,FUND_HOT,5.0,7.0,2026-01-26 05:00:00,2026-01-28 23:00:00
LIT,False,1770210000000,1770314400000,0.2398139917830595,1.2083333333333333,False,0.09714820682702002,,,,,,False,0.05221085985885064,,,,,,False,0.31945844735705026,,23.0,0.6470734449557963,0.07881754205897694,RESID,6.0,7.0,2026-02-04 13:00:00,2026-02-05 18:00:00
LIT,False,1770822000000,1771268400000,0.23678873073961954,5.166666666666667,False,0.09714820682702002,,,,,,False,0.05221085985885064,,,,,,False,0.31945844735705026,,,,,,10.0,40.0,2026-02-11 15:00:00,2026-02-16 19:00:00
LIT,False,1774936800000,1775595600000,0.3718765419406112,7.625,False,0.09714820682702002,,72.0,0.6366625457573094,0.12173867456203924,OI_TREND;SHOCK,False,0.05221085985885064,,72.0,0.6366625457573094,0.12173867456203924,OI_TREND;SHOCK,False,0.31945844735705026,,10.0,0.23454390587307153,0.2738216518929099,SHOCK,24.0,54.0,2026-03-31 06:00:00,2026-04-07 21:00:00
LIT,False,1775710800000,1775926800000,0.20834648759924423,2.5,False,0.09714820682702002,,,,,,False,0.05221085985885064,,,,,,True,0.31945844735705026,,0.0,0.0,0.20834648759924423,FUND_COLD,24.0,24.0,2026-04-09 05:00:00,2026-04-11 17:00:00
LIT,False,1777953600000,1778302800000,0.2281497671304802,4.041666666666667,False,0.09714820682702002,,,,,,False,0.05221085985885064,,,,,,True,0.31945844735705026,,7.0,0.34897117056572824,0.14315518111777936,SHOCK,7.0,66.0,2026-05-05 04:00:00,2026-05-09 05:00:00
LIT,False,1778922000000,1779400800000,0.7079382749833104,5.541666666666667,False,0.09714820682702002,,64.0,0.3363235213806094,0.42654774618330094,OI_TREND;RESID,False,0.05221085985885064,,64.0,0.3363235213806094,0.42654774618330094,OI_TREND;RESID,True,0.31945844735705026,,13.0,0.06697226707580137,0.647794249302924,COIL,63.0,85.0,2026-05-16 09:00:00,2026-05-21 22:00:00
LIT,False,1779973200000,1780264800000,0.35833664368229795,3.375,False,0.09714820682702002,,70.0,0.7302044823153332,0.08613749111726397,OI_FLUSH;FUND_COLD,False,0.05221085985885064,,,,,,True,0.31945844735705026,,0.0,0.0,0.35833664368229795,FUND_COLD,7.0,25.0,2026-05-28 13:00:00,2026-05-31 22:00:00
LIT,False,1780322400000,1780527600000,0.6182582683141378,2.375,True,0.09714820682702002,OI_FLUSH;FUND_COLD,17.0,0.2596534869458654,0.42813030651329126,FUND_COLD;SHORT_CROWD,False,0.05221085985885064,,18.0,0.3052319426329056,0.39713945744714335,FUND_COLD;RESID;SHORT_CROWD,True,0.31945844735705026,,17.0,0.2596534869458654,0.42813030651329126,FUND_COLD;SHORT_CROWD,13.0,27.0,2026-06-01 14:00:00,2026-06-03 23:00:00
LIT,False,1780862400000,1781035200000,0.22619541082383868,2.0,False,0.09714820682702002,,,,,,False,0.05221085985885064,,,,,,False,0.31945844735705026,,,,,,9.0,11.0,2026-06-07 20:00:00,2026-06-09 20:00:00
LIT,False,1781136000000,1781715600000,0.2887496750192844,6.708333333333333,False,0.09714820682702002,,127.0,0.7635034398883134,0.06182876823237541,OI_DIV;COIL,False,0.05221085985885064,,,,,,False,0.31945844735705026,,73.0,0.39152734950671747,0.1669024751687471,LS_EXT,17.0,64.0,2026-06-11 00:00:00,2026-06-17 17:00:00
LIT,False,1782198000000,1782831600000,0.4115283302348257,7.333333333333333,False,0.09714820682702002,,,,,,False,0.05221085985885064,,,,,,False,0.31945844735705026,,30.0,0.07607505367079925,0.37499764658480494,COIL,38.0,76.0,2026-06-23 07:00:00,2026-06-30 15:00:00
LIT,False,1782918000000,1783306800000,0.4304045805316401,4.5,False,0.09714820682702002,,4.0,0.32590968126919734,0.2728972088268767,OI_DIV;SHOCK,False,0.05221085985885064,,4.0,0.32590968126919734,0.2728972088268767,OI_DIV;SHOCK,True,0.31945844735705026,,2.0,0.1664855405970844,0.347650368759741,OI_DIV,4.0,5.0,2026-07-01 15:00:00,2026-07-06 03:00:00
LIT,False,1785812400000,1786420800000,0.23354772152358713,7.041666666666667,False,0.09714820682702002,,,,,,False,0.05221085985885064,,,,,,False,0.31945844735705026,,70.0,0.8691176070300448,0.027852294207035982,RESID,43.0,61.0,2026-08-04 03:00:00,2026-08-11 04:00:00
LIT,False,1786672800000,1787209200000,0.20330177132325614,6.208333333333333,True,0.09714820682702002,FUND_COLD;SHORT_CROWD;COIL,117.0,0.2142330001434906,0.15652672725159217,SHORT_COVER;FUND_COLD,False,0.05221085985885064,,117.0,0.2142330001434906,0.15652672725159217,SHORT_COVER;FUND_COLD,True,0.31945844735705026,,34.0,0.13397566112837536,0.17383301904184476,FUND_COLD,61.0,138.0,2026-08-14 02:00:00,2026-08-20 07:00:00
LIT,False,1787302800000,1787544000000,0.38767433022434045,2.7916666666666665,True,0.09714820682702002,OI_DIV;RESID;VOL;LS_EXT,0.0,0.0,0.38767433022434045,OI_DIV;RESID;VOL;LS_EXT,True,0.05221085985885064,OI_TREND;VOL;LS_EXT,9.0,0.3976187382746352,0.218179696124638,OI_TREND;VOL;LS_EXT,True,0.31945844735705026,,0.0,0.0,0.38767433022434045,OI_DIV;RESID;VOL;LS_EXT,8.0,28.0,2026-08-21 09:00:00,2026-08-24 04:00:00
LIT,False,1788314400000,1788544800000,0.38746522607583467,2.6666666666666665,False,0.09714820682702002,,25.0,0.3746530958807947,0.22726445059659167,FUND_COLD;SHORT_CROWD,False,0.05221085985885064,,,,,,True,0.31945844735705026,,25.0,0.3746530958807947,0.22726445059659167,FUND_COLD;SHORT_CROWD,15.0,40.0,2026-09-02 02:00:00,2026-09-04 18:00:00
LIT,False,1788753600000,1788937200000,0.22625111752928972,2.125,False,0.09714820682702002,,,,,,False,0.05221085985885064,,,,,,True,0.31945844735705026,,51.0,1.0,0.0,OI_TREND,14.0,16.0,2026-09-07 04:00:00,2026-09-09 07:00:00
LIT,False,1789513200000,1789714800000,0.24077943548574987,2.3333333333333335,False,0.09714820682702002,,,,,,False,0.05221085985885064,,,,,,False,0.31945844735705026,,28.0,0.8149937627084239,0.04072043685618395,RESID,18.0,19.0,2026-09-15 23:00:00,2026-09-18 07:00:00
LTC,False,1752332400000,1752829200000,0.2046773876120591,5.75,False,0.1593390804597701,,0.0,0.0,0.2046773876120591,OI_FLUSH;RESID,False,0.08031609195402299,,132.0,0.7634935775076204,0.045024455303550294,OI_TREND;RESID;SHOCK;VOL,True,0.5566810344827586,,0.0,0.0,0.2046773876120591,OI_FLUSH;RESID,98.0,117.0,2025-07-12 15:00:00,2025-07-18 09:00:00
LTC,False,1754038800000,1754388000000,0.23543151771955506,4.041666666666667,False,0.1593390804597701,,92.0,0.8585725178762299,0.030352156145277746,OI_TREND;RESID,False,0.08031609195402299,,92.0,0.8585725178762299,0.030352156145277746,OI_TREND;RESID,True,0.5566810344827586,,0.0,0.0,0.23543151771955506,FUND_COLD,48.0,75.0,2025-08-01 09:00:00,2025-08-05 10:00:00
LTC,False,1762200000000,1762718400000,0.3063842159286642,6.0,False,0.1593390804597701,,92.0,0.8442706362964272,0.04249900998838481,OI_TREND;RESID;SHOCK,False,0.08031609195402299,,92.0,0.8442706362964272,0.04249900998838481,OI_TREND;RESID;SHOCK,True,0.5566810344827586,,1.0,0.00986023886492456,0.3029460615379612,OI_FLUSH,83.0,92.0,2025-11-03 20:00:00,2025-11-09 20:00:00
LTC,False,1788192000000,1788782400000,0.207168499747634,6.833333333333333,False,0.1593390804597701,,110.0,0.480419520967187,0.1027701491410188,OI_TREND;RESID,False,0.08031609195402299,,110.0,0.480419520967187,0.1027701491410188,OI_TREND;RESID,False,0.5566810344827586,,24.0,0.21929837890008647,0.15834073051838662,RESID,64.0,117.0,2026-08-31 16:00:00,2026-09-07 12:00:00
LTC,False,1789567200000,1790413200000,0.3304779511245488,9.791666666666666,False,0.1593390804597701,,118.0,0.35686890441444097,0.20158139784538018,OI_TREND;SHOCK;LS_EXT,False,0.08031609195402299,,118.0,0.35686890441444097,0.20158139784538018,OI_TREND;SHOCK;LS_EXT,False,0.5566810344827586,,60.0,0.28901146607292355,0.22509012685102747,LS_EXT,61.0,180.0,2026-09-16 14:00:00,2026-09-26 09:00:00
MON,False,1762171200000,1762300800000,0.6844808946587942,1.5,False,0.22150195694716243,,33.0,0.7034101040109354,0.16725986750947242,SHORT_COVER;RESID;SHOCK,False,0.14713796477495109,,33.0,0.7034101040109354,0.16725986750947242,SHORT_COVER;RESID;SHOCK,False,0.5907534246575342,,33.0,0.7034101040109354,0.16725986750947242,SHORT_COVER;RESID;SHOCK,30.0,33.0,2025-11-03 12:00:00,2025-11-05 00:00:00
MON,False,1762441200000,1762668000000,0.22483612058064523,2.625,True,0.22150195694716243,SHORT_COVER;RESID,,,,,True,0.14713796477495109,SHORT_COVER;RESID,,,,,True,0.5907534246575342,,,,,,2.0,27.0,2025-11-06 15:00:00,2025-11-09 06:00:00
MON,False,1764000000000,1764010800000,0.39641319704945327,0.125,True,0.22150195694716243,OI_DIV;SHOCK;VOL,0.0,0.0,0.39641319704945327,OI_DIV;FUND_COLD;VOL;SHORT_CROWD,True,0.14713796477495109,OI_TREND;VOL,,,,,True,0.5907534246575342,,0.0,0.0,0.39641319704945327,OI_DIV;FUND_COLD;VOL;SHORT_CROWD,2.0,2.0,2025-11-24 16:00:00,2025-11-24 19:00:00
MON,False,1764025200000,1764090000000,0.47130701860807717,0.75,True,0.22150195694716243,OI_DIV;FUND_HOT;VOL;LONG_CROWD,4.0,0.11291061692675161,0.4085355833111951,OI_DIV;VOL,True,0.14713796477495109,OI_DIV;FUND_HOT;VOL;LONG_CROWD,11.0,0.48588569037712176,0.21960352167671388,OI_TREND;SHOCK;VOL,True,0.5907534246575342,,0.0,0.0,0.47130701860807717,OI_DIV;FUND_HOT;VOL,11.0,13.0,2025-11-24 23:00:00,2025-11-25 17:00:00
MON,False,1764586800000,1764630000000,0.3482453781403108,0.5,False,0.22150195694716243,,,,,,False,0.14713796477495109,,,,,,True,0.5907534246575342,,10.0,0.7179436928428475,0.08793299436069148,SHOCK,4.0,10.0,2025-12-01 11:00:00,2025-12-01 23:00:00
MON,False,1766098800000,1766739600000,0.42522025596718543,7.416666666666667,False,0.22150195694716243,,,,,,False,0.14713796477495109,,,,,,False,0.5907534246575342,,147.0,0.7340415842674776,0.09881912376772,LS_EXT,64.0,85.0,2025-12-18 23:00:00,2025-12-26 09:00:00
MON,False,1767078000000,1767448800000,0.37587300327556356,4.291666666666667,False,0.22150195694716243,,38.0,0.26159794159911953,0.26568763786614485,OI_DIV;COIL,False,0.14713796477495109,,71.0,0.8499330636627225,0.04904961401160882,OI_TREND;RESID;SHOCK,True,0.5907534246575342,,27.0,0.3305808678227089,0.2381321426053903,OI_TREND,18.0,69.0,2025-12-30 07:00:00,2026-01-03 14:00:00
MON,False,1769000400000,1769587200000,0.2765181484544904,6.791666666666667,False,0.22150195694716243,,64.0,0.21235913171148638,0.21202392653938723,OI_DIV;COIL,False,0.14713796477495109,,145.0,0.693831651668959,0.07761123224918762,OI_TREND;RESID,True,0.5907534246575342,,6.0,0.2632151606197047,0.19706871680420102,SHOCK,137.0,143.0,2026-01-21 13:00:00,2026-01-28 08:00:00
MON,False,1770130800000,1770310800000,0.21711111232007435,2.0833333333333335,False,0.22150195694716243,,,,,,False,0.14713796477495109,,,,,,True,0.5907534246575342,,30.0,0.7857407036583365,0.04299636421168354,RESID,17.0,26.0,2026-02-03 15:00:00,2026-02-05 17:00:00
MON,False,1770728400000,1771084800000,0.48809682752765177,4.125,False,0.22150195694716243,,7.0,0.5996092194731693,0.1725191303904303,FUND_COLD;RESID;SHORT_CROWD,False,0.14713796477495109,,7.0,0.5996092194731693,0.1725191303904303,FUND_COLD;RESID;SHORT_CROWD,False,0.5907534246575342,,2.0,0.4084466045476696,0.2650875072318715,SHOCK,2.0,3.0,2026-02-10 13:00:00,2026-02-14 16:00:00
MON,False,1774285200000,1774483200000,0.2390476424211443,2.2916666666666665,False,0.22150195694716243,,14.0,0.08585288143548209,0.21645523625453397,SHORT_CROWD;COIL,False,0.14713796477495109,,18.0,0.24393675655163816,0.17592715530261005,OI_TREND;FUND_COLD;SHORT_CROWD,True,0.5907534246575342,,0.0,0.0,0.2390476424211443,OI_DIV,22.0,37.0,2026-03-23 17:00:00,2026-03-26 00:00:00
MON,False,1774681200000,1775473200000,0.2661147683285478,9.166666666666666,True,0.22150195694716243,FUND_COLD;VOL,95.0,0.4219561690689591,0.14613012727664412,OI_TREND;RESID,False,0.14713796477495109,,95.0,0.4219561690689591,0.14613012727664412,OI_TREND;RESID,True,0.5907534246575342,,17.0,0.23138221078022683,0.19884387292593236,SHORT_CROWD,83.0,134.0,2026-03-28 07:00:00,2026-04-06 11:00:00
MON,False,1775566800000,1775800800000,0.33924079144141006,2.7083333333333335,False,0.22150195694716243,,21.0,0.5411690014498405,0.1434223836374688,OI_TREND;RESID,False,0.14713796477495109,,21.0,0.5411690014498405,0.1434223836374688,OI_TREND;RESID,True,0.5907534246575342,,0.0,0.0,0.33924079144141006,OI_FLUSH,9.0,20.0,2026-04-07 13:00:00,2026-04-10 06:00:00
MON,False,1777492800000,1778439600000,0.35242484565831556,10.958333333333334,False,0.22150195694716243,,0.0,0.0,0.35242484565831556,FUND_COLD;RESID;SHORT_CROWD,False,0.14713796477495109,,1.0,0.1669629767617831,0.28594413020576126,OI_DIV;FUND_COLD;SHOCK;SHORT_CROWD;LS_EXT,True,0.5907534246575342,,0.0,0.0,0.35242484565831556,FUND_COLD;RESID;SHORT_CROWD,30.0,46.0,2026-04-29 20:00:00,2026-05-10 19:00:00
MON,False,1780563600000,1780812000000,0.26125322814303314,2.875,False,0.22150195694716243,,5.0,0.2819180431604134,0.1813655610652647,OI_FLUSH;SHOCK,False,0.14713796477495109,,5.0,0.2819180431604134,0.1813655610652647,OI_FLUSH;SHOCK,True,0.5907534246575342,,5.0,0.2819180431604134,0.1813655610652647,OI_FLUSH;SHOCK,7.0,11.0,2026-06-04 09:00:00,2026-06-07 06:00:00
MON,False,1782820800000,1783443600000,0.2978642345725527,7.208333333333333,False,0.22150195694716243,,47.0,0.20219509567918162,0.23121773511454236,OI_DIV;LS_EXT,False,0.14713796477495109,,143.0,0.6398710214751658,0.09844202329629348,OI_TREND;RESID,False,0.5907534246575342,,29.0,0.3459461179832381,0.18592722764837977,LS_EXT,28.0,135.0,2026-06-30 12:00:00,2026-07-07 17:00:00
MON,False,1786957200000,1787594400000,0.28422550722907775,7.375,False,0.22150195694716243,,6.0,0.15903409129388543,0.23413770945329676,FUND_COLD;SHOCK,False,0.14713796477495109,,6.0,0.15903409129388543,0.23413770945329676,FUND_COLD;SHOCK,True,0.5907534246575342,,0.0,0.0,0.28422550722907775,FUND_COLD,14.0,69.0,2026-08-17 09:00:00,2026-08-24 18:00:00
MON,False,1790211600000,1790607600000,0.2585701385386427,4.583333333333333,True,0.22150195694716243,OI_DIV;LS_EXT,103.0,0.8689861181427437,0.03058858762947385,OI_TREND;RESID;VOL,False,0.14713796477495109,,103.0,0.8689861181427437,0.03058858762947385,OI_TREND;RESID;VOL,True,0.5907534246575342,,0.0,0.0,0.2585701385386427,LS_EXT,28.0,51.0,2026-09-24 01:00:00,2026-09-28 15:00:00
MON,False,1790737200000,1790881200000,0.2903303510933259,1.6666666666666667,True,0.22150195694716243,OI_FLUSH;FUND_COLD,20.0,0.688771537988462,0.08256323736032367,OI_TREND;RESID;SHOCK,True,0.14713796477495109,OI_TREND;VOL,20.0,0.688771537988462,0.08256323736032367,OI_TREND;RESID;SHOCK,True,0.5907534246575342,,18.0,0.4469955614079227,0.15137844873908457,RESID,14.0,20.0,2026-09-30 03:00:00,2026-10-01 19:00:00
MORPHO,False,1741701600000,1743091200000,0.27336782454816,16.083333333333332,False,0.20689655172413793,,,,,,False,0.09626436781609195,,,,,,True,0.6380747126436782,,370.0,0.6848531676624412,0.07913525312517458,SHORT_CROWD,21.0,208.0,2025-03-11 14:00:00,2025-03-27 16:00:00
MORPHO,False,1745301600000,1745650800000,0.34402436513190837,4.041666666666667,False,0.20689655172413793,,,,,,False,0.09626436781609195,,,,,,True,0.6380747126436782,,39.0,0.5717901135223034,0.13497215713746225,RESID;SHOCK,21.0,39.0,2025-04-22 06:00:00,2025-04-26 07:00:00
MORPHO,False,1746018000000,1746144000000,0.21053505958157462,1.4583333333333333,False,0.20689655172413793,,,,,,False,0.09626436781609195,,,,,,True,0.6380747126436782,,0.0,0.0,0.21053505958157462,SHOCK,19.0,22.0,2025-04-30 13:00:00,2025-05-02 00:00:00
MORPHO,False,1746637200000,1747202400000,0.32486998958513097,6.541666666666667,False,0.20689655172413793,,,,,,False,0.09626436781609195,,,,,,False,0.6380747126436782,,6.0,0.07790479972284653,0.2961503431790009,FUND_COLD,13.0,27.0,2025-05-07 17:00:00,2025-05-14 06:00:00
MORPHO,False,1749168000000,1749657600000,0.23954113737875643,5.666666666666667,True,0.20689655172413793,FUND_COLD;SHOCK,6.0,0.034482410498149436,0.23039648667308132,OI_DIV;SHORT_CROWD,False,0.09626436781609195,,,,,,True,0.6380747126436782,,2.0,0.056973272795835084,0.22446834806106955,OI_DIV,39.0,93.0,2025-06-06 00:00:00,2025-06-11 16:00:00
MORPHO,False,1750597200000,1750780800000,0.2196994990569152,2.125,True,0.20689655172413793,FUND_COLD;SHORT_CROWD,0.0,0.0,0.2196994990569152,FUND_COLD;SHOCK;SHORT_CROWD,False,0.09626436781609195,,41.0,0.8598719694396302,0.02822093340906415,SHORT_COVER;RESID,True,0.6380747126436782,,0.0,0.0,0.2196994990569152,FUND_COLD;SHOCK;SHORT_CROWD,23.0,30.0,2025-06-22 13:00:00,2025-06-24 16:00:00
MORPHO,False,1751407200000,1752814800000,0.5473897210599523,16.291666666666668,False,0.20689655172413793,,175.0,0.24427475219915856,0.39086598457641986,OI_TREND;RESID,False,0.09626436781609195,,175.0,0.24427475219915856,0.39086598457641986,OI_TREND;RESID,True,0.6380747126436782,,65.0,0.08693804557119163,0.48975989809069803,OI_DIV,189.0,276.0,2025-07-01 22:00:00,2025-07-18 05:00:00
MORPHO,False,1754157600000,1754787600000,0.34754853120335527,7.291666666666667,False,0.20689655172413793,,,,,,False,0.09626436781609195,,,,,,True,0.6380747126436782,,13.0,0.11149914029206089,0.3034678510029678,FUND_COLD,30.0,67.0,2025-08-02 18:00:00,2025-08-10 01:00:00
MORPHO,False,1755284400000,1755964800000,0.47881170341034457,7.875,True,0.20689655172413793,OI_DIV;COIL,129.0,0.5664428638845588,0.18485973515326856,OI_TREND;RESID,False,0.09626436781609195,,129.0,0.5664428638845588,0.18485973515326856,OI_TREND;RESID,True,0.6380747126436782,,124.0,0.4814222864347162,0.2249349672213387,OI_TREND,108.0,125.0,2025-08-15 19:00:00,2025-08-23 16:00:00
MORPHO,False,1758002400000,1758218400000,0.2425279681146385,2.5,False,0.20689655172413793,,58.0,0.7611706533616683,0.0532296622430187,OI_TREND;RESID;SHOCK,False,0.09626436781609195,,58.0,0.7611706533616683,0.0532296622430187,OI_TREND;RESID;SHOCK,False,0.6380747126436782,,42.0,0.2210392570525945,0.18429748400253035,FUND_HOT,57.0,58.0,2025-09-16 06:00:00,2025-09-18 18:00:00
MORPHO,False,1759248000000,1759496400000,0.2008569698715984,2.875,False,0.20689655172413793,,65.0,0.8885008987515899,0.020617960469068542,OI_TREND;RESID;SHOCK;VOL,False,0.09626436781609195,,65.0,0.8885008987515899,0.020617960469068542,OI_TREND;RESID;SHOCK;VOL,False,0.6380747126436782,,16.0,0.3617518056773798,0.12391940065212734,SHOCK,16.0,49.0,2025-09-30 16:00:00,2025-10-03 13:00:00
MORPHO,False,1760130000000,1760281200000,0.6131912813517614,1.75,False,0.20689655172413793,,3.0,0.23741539224722794,0.4400515693037648,OI_FLUSH;FUND_COLD,False,0.09626436781609195,,5.0,0.4177217879557354,0.3210855881050446,OI_FLUSH;FUND_COLD;SHOCK,True,0.6380747126436782,,0.0,0.0,0.6131912813517614,RESID;SHOCK,5.0,7.0,2025-10-10 21:00:00,2025-10-12 15:00:00
MORPHO,False,1760684400000,1760932800000,0.29334100697775345,2.875,False,0.20689655172413793,,,,,,False,0.09626436781609195,,,,,,False,0.6380747126436782,,13.0,0.16488943368438716,0.23963190819695587,FUND_COLD,16.0,27.0,2025-10-17 07:00:00,2025-10-20 04:00:00
MORPHO,False,1762250400000,1763276400000,0.36993873558512,11.875,False,0.20689655172413793,,0.0,0.0,0.36993873558512,OI_DIV;SHORT_CROWD,False,0.09626436781609195,,,,,,True,0.6380747126436782,,0.0,0.0,0.36993873558512,OI_DIV;SHORT_CROWD,69.0,121.0,2025-11-04 10:00:00,2025-11-16 07:00:00
MORPHO,False,1767618000000,1768370400000,0.20348172725010566,8.708333333333334,False,0.20689655172413793,,,,,,False,0.09626436781609195,,,,,,False,0.6380747126436782,,5.0,0.27580198460915606,0.14354728396705513,SHOCK,9.0,25.0,2026-01-05 13:00:00,2026-01-14 06:00:00
MORPHO,False,1768921200000,1770382800000,0.4043590914239777,16.916666666666668,True,0.20689655172413793,OI_DIV;SHOCK,0.0,0.0,0.4043590914239777,OI_DIV;RESID,False,0.09626436781609195,,312.0,0.6761236204892943,0.11625828627762962,OI_TREND;RESID;SHOCK,True,0.6380747126436782,,0.0,0.0,0.4043590914239777,OI_DIV;RESID,141.0,306.0,2026-01-20 15:00:00,2026-02-06 13:00:00
MORPHO,False,1770627600000,1772024400000,0.8154966078774186,16.166666666666668,False,0.20689655172413793,,112.0,0.20667850867498638,0.6049690063540049,OI_TREND;SHOCK;LS_EXT,False,0.09626436781609195,,112.0,0.20667850867498638,0.6049690063540049,OI_TREND;SHOCK;LS_EXT,False,0.6380747126436782,,103.0,0.12098256415198165,0.6891239085546497,SHOCK,124.0,202.0,2026-02-09 09:00:00,2026-02-25 13:00:00
MORPHO,False,1775394000000,1775818800000,0.22154613417497063,4.916666666666667,False,0.20689655172413793,,49.0,0.5272579827132722,0.09922335954051709,OI_TREND;RESID,False,0.09626436781609195,,49.0,0.5272579827132722,0.09922335954051709,OI_TREND;RESID,False,0.6380747126436782,,31.0,0.3780082785530357,0.13254957623725888,OI_TREND,28.0,47.0,2026-04-05 13:00:00,2026-04-10 11:00:00
MORPHO,False,1777125600000,1778076000000,0.22964303806702444,11.0,False,0.20689655172413793,,140.0,0.4410193064322962,0.12249588757633229,OI_DIV;COIL,False,0.09626436781609195,,240.0,0.9496119885325447,0.010470846589487326,OI_TREND;RESID;VOL,True,0.6380747126436782,,118.0,0.5671193982526211,0.09361286736762507,OI_DIV,28.0,84.0,2026-04-25 14:00:00,2026-05-06 14:00:00
MORPHO,False,1779098400000,1779710400000,0.43657896780197325,7.083333333333333,False,0.20689655172413793,,,,,,False,0.09626436781609195,,,,,,True,0.6380747126436782,,0.0,0.0,0.43657896780197325,SHOCK,56.0,81.0,2026-05-18 10:00:00,2026-05-25 12:00:00
MORPHO,False,1780718400000,1781096400000,0.2749961062422236,4.375,True,0.20689655172413793,FUND_COLD;SHORT_CROWD,79.0,0.598536428145282,0.10244761733721698,OI_TREND;SHOCK;VOL,False,0.09626436781609195,,79.0,0.598536428145282,0.10244761733721698,OI_TREND;SHOCK;VOL,True,0.6380747126436782,,0.0,0.0,0.2749961062422236,FUND_COLD,56.0,58.0,2026-06-06 04:00:00,2026-06-10 13:00:00
MORPHO,False,1782259200000,1782968400000,0.4094974138437945,8.208333333333334,True,0.20689655172413793,OI_DIV;SHORT_CROWD,12.0,0.1086161891647604,0.3579178242059009,OI_DIV;FUND_COLD;SHORT_CROWD,False,0.09626436781609195,,180.0,0.9514302765590206,0.016810473652773973,OI_TREND;RESID;SHOCK,True,0.6380747126436782,,0.0,0.0,0.4094974138437945,OI_DIV,19.0,140.0,2026-06-24 00:00:00,2026-07-02 05:00:00
MORPHO,False,1786140000000,1787054400000,0.20509889902145356,10.583333333333334,False,0.20689655172413793,,,,,,False,0.09626436781609195,,,,,,False,0.6380747126436782,,242.0,0.9079544847603833,0.01732045121697121,RESID,20.0,92.0,2026-08-07 22:00:00,2026-08-18 12:00:00
MORPHO,False,1787414400000,1787526000000,0.30739219904416626,1.2916666666666667,True,0.20689655172413793,OI_DIV;SHOCK;LS_EXT,21.0,0.5513079728786383,0.12779559621059206,RESID;SHOCK;LS_EXT,False,0.09626436781609195,,21.0,0.5513079728786383,0.12779559621059206,RESID;SHOCK;LS_EXT,True,0.6380747126436782,,0.0,0.0,0.30739219904416626,RESID;LS_EXT,17.0,21.0,2026-08-22 16:00:00,2026-08-23 23:00:00
MORPHO,False,1789585200000,1789808400000,0.26682759777311954,2.5833333333333335,False,0.20689655172413793,,,,,,False,0.09626436781609195,,,,,,False,0.6380747126436782,,57.0,0.9977990036868241,0.000520705970048585,RESID,29.0,36.0,2026-09-16 19:00:00,2026-09-19 09:00:00
NEAR,False,1741651200000,1743040800000,0.231453627762799,16.083333333333332,False,0.17629310344827587,,94.0,0.4634229591835598,0.11819167965909241,OI_DIV;COIL,False,0.09367816091954023,,,,,,True,0.6888649425287356,,0.0,0.0,0.231453627762799,RESID,7.0,58.0,2025-03-11 00:00:00,2025-03-27 02:00:00
NEAR,False,1744822800000,1745636400000,0.2410811079461623,9.416666666666666,False,0.17629310344827587,,,,,,False,0.09367816091954023,,,,,,True,0.6888649425287356,,0.0,0.0,0.2410811079461623,OI_FLUSH,58.0,80.0,2025-04-16 17:00:00,2025-04-26 03:00:00
NEAR,False,1746640800000,1746928800000,0.38022474408724816,3.3333333333333335,False,0.17629310344827587,,26.0,0.3706894004685602,0.22481895336631558,OI_TREND;RESID,False,0.09367816091954023,,26.0,0.3706894004685602,0.22481895336631558,OI_TREND;RESID,False,0.6888649425287356,,21.0,0.30584476192586857,0.25068198132721575,RESID,21.0,36.0,2025-05-07 18:00:00,2025-05-11 02:00:00
NEAR,False,1751738400000,1753106400000,0.33008755791273076,15.833333333333334,True,0.17629310344827587,OI_FLUSH;FUND_COLD,298.0,0.8736984744814505,0.03668368106027449,OI_TREND;RESID,False,0.09367816091954023,,298.0,0.8736984744814505,0.03668368106027449,OI_TREND;RESID,True,0.6888649425287356,,162.0,0.2928880878318822,0.22348088055244697,LS_EXT,106.0,239.0,2025-07-05 18:00:00,2025-07-21 14:00:00
NEAR,False,1757952000000,1758272400000,0.24418880431284837,3.7083333333333335,False,0.17629310344827587,,68.0,0.46564663890089064,0.12383565762005079,OI_TREND;RESID,False,0.09367816091954023,,68.0,0.46564663890089064,0.12383565762005079,OI_TREND;RESID,True,0.6888649425287356,,51.0,0.28127358086056514,0.17003076893187696,SHOCK,54.0,70.0,2025-09-15 16:00:00,2025-09-19 09:00:00
NEAR,False,1762232400000,1762603200000,0.6815515152106062,4.291666666666667,False,0.17629310344827587,,75.0,0.4738242565091262,0.31450795913853097,FUND_COLD;RESID,False,0.09367816091954023,,75.0,0.4738242565091262,0.31450795913853097,FUND_COLD;RESID,True,0.6888649425287356,,0.0,0.0,0.6815515152106062,SHOCK,65.0,76.0,2025-11-04 05:00:00,2025-11-08 12:00:00
NEAR,False,1770901200000,1772506800000,0.4748491128636938,18.583333333333332,False,0.17629310344827587,,25.0,0.12098038399250767,0.40712423472451714,FUND_COLD;SHORT_CROWD,False,0.09367816091954023,,211.0,0.3289607135811618,0.2978851495509934,SHORT_COVER;RESID,True,0.6888649425287356,,19.0,0.13739138077564053,0.3981801325446381,FUND_COLD,211.0,318.0,2026-02-12 13:00:00,2026-03-03 03:00:00
NEAR,False,1777996800000,1779789600000,1.3950974379984749,20.75,False,0.17629310344827587,,22.0,0.16535611421337496,1.0730022720766,SHORT_COVER;RESID,False,0.09367816091954023,,22.0,0.16535611421337496,1.0730022720766,SHORT_COVER;RESID,True,0.6888649425287356,,15.0,0.07734627116359105,1.2386384160411887,RESID;SHOCK,177.0,387.0,2026-05-05 16:00:00,2026-05-26 10:00:00
NEAR,False,1780185600000,1780491600000,0.5036676744249599,3.5416666666666665,False,0.17629310344827587,,,,,,False,0.09367816091954023,,,,,,True,0.6888649425287356,,42.0,0.4225671468842995,0.2655907906983635,RESID,41.0,44.0,2026-05-31 00:00:00,2026-06-03 13:00:00
NEAR,False,1781298000000,1781532000000,0.21074891457479272,2.7083333333333335,False,0.17629310344827587,,,,,,False,0.09367816091954023,,,,,,False,0.6888649425287356,,,,,,18.0,53.0,2026-06-12 21:00:00,2026-06-15 14:00:00
NEAR,False,1787990400000,1789135200000,0.475343919733062,13.25,False,0.17629310344827587,,155.0,0.43164915151926114,0.24735661338686413,OI_TREND;RESID;SHOCK,False,0.09367816091954023,,155.0,0.43164915151926114,0.24735661338686413,OI_TREND;RESID;SHOCK,True,0.6888649425287356,,39.0,0.0491439251014127,0.44741541285181813,SHOCK,77.0,160.0,2026-08-29 08:00:00,2026-09-11 14:00:00
NEAR,False,1789311600000,1789963200000,0.831241723682289,7.541666666666667,True,0.17629310344827587,OI_FLUSH;FUND_COLD,84.0,0.28838992352805554,0.5380571388434134,OI_TREND;RESID,False,0.09367816091954023,,84.0,0.28838992352805554,0.5380571388434134,OI_TREND;RESID,True,0.6888649425287356,,26.0,0.16164187247387357,0.6606380017802419,SHOCK,88.0,103.0,2026-09-13 15:00:00,2026-09-21 04:00:00
NEAR,False,1790010000000,1790164800000,0.20668834698494104,1.7916666666666667,False,0.17629310344827587,,,,,,False,0.09367816091954023,,,,,,True,0.6888649425287356,,,,,,5.0,8.0,2026-09-21 17:00:00,2026-09-23 12:00:00
NEAR,False,1790244000000,1790542800000,0.3066281185803459,3.4583333333333335,False,0.17629310344827587,,,,,,False,0.09367816091954023,,,,,,True,0.6888649425287356,,2.0,0.191705381068906,0.24132366939882932,OI_FLUSH,6.0,23.0,2026-09-24 10:00:00,2026-09-27 21:00:00
NIGHT,False,1769857200000,1770501600000,0.38564556214733386,7.458333333333333,False,0.1894752534287418,,,,,,False,0.10673822301729279,,,,,,True,0.6544424567680381,,4.0,0.10810808963593935,0.3376374254384302,LS_EXT,58.0,104.0,2026-01-31 11:00:00,2026-02-07 22:00:00
NIGHT,False,1770768000000,1771552800000,0.37895995434734703,9.083333333333334,False,0.1894752534287418,,164.0,0.5543895974675663,0.1539464855727871,SHORT_CROWD;COIL,False,0.10673822301729279,,,,,,False,0.6544424567680381,,62.0,0.4144729309951033,0.20701111966964622,SHOCK,41.0,64.0,2026-02-11 00:00:00,2026-02-20 02:00:00
NIGHT,False,1774432800000,1774706400000,0.29534341438231315,3.1666666666666665,False,0.1894752534287418,,,,,,False,0.10673822301729279,,,,,,True,0.6544424567680381,,1.0,0.0013685435033536928,0.2948847549128136,RESID,28.0,30.0,2026-03-25 10:00:00,2026-03-28 14:00:00
NIGHT,False,1779350400000,1780228800000,0.4498404174385546,10.166666666666666,True,0.1894752534287418,OI_DIV;COIL,30.0,0.3091788172301653,0.29253827702312984,OI_TREND;RESID,False,0.10673822301729279,,30.0,0.3091788172301653,0.29253827702312984,OI_TREND;RESID,True,0.6544424567680381,,28.0,0.23535750647759282,0.32847162252203527,RESID;SHOCK,29.0,154.0,2026-05-21 08:00:00,2026-05-31 12:00:00
NIGHT,False,1780268400000,1780549200000,0.22552097797374582,3.25,False,0.1894752534287418,,,,,,False,0.10673822301729279,,,,,,True,0.6544424567680381,,13.0,0.24545042592109903,0.16584921358312005,OI_FLUSH,7.0,22.0,2026-05-31 23:00:00,2026-06-04 05:00:00
NIGHT,False,1784606400000,1784678400000,0.3980787157090298,0.8333333333333334,True,0.1894752534287418,OI_DIV;FUND_COLD;RESID;VOL;SHORT_CROWD,1.0,0.25687776461115674,0.2827670204103522,OI_DIV;FUND_COLD;RESID;SHOCK;VOL;SHORT_CROWD,False,0.10673822301729279,,1.0,0.25687776461115674,0.2827670204103522,OI_DIV;FUND_COLD;RESID;SHOCK;VOL;SHORT_CROWD,True,0.6544424567680381,,0.0,0.0,0.3980787157090298,OI_DIV;FUND_COLD;RESID;VOL;SHORT_CROWD,3.0,11.0,2026-07-21 04:00:00,2026-07-22 00:00:00
NIGHT,False,1788195600000,1788742800000,0.32925030618783724,6.333333333333333,False,0.1894752534287418,,56.0,0.44121536581810694,0.17238313722968934,OI_TREND;RESID,False,0.10673822301729279,,56.0,0.44121536581810694,0.17238313722968934,OI_TREND;RESID,True,0.6544424567680381,,4.0,0.09904938062399297,0.29230074624797026,OI_DIV,53.0,60.0,2026-08-31 17:00:00,2026-09-07 01:00:00
NIGHT,False,1789336800000,1789855200000,0.2115605036554901,6.0,False,0.1894752534287418,,,,,,False,0.10673822301729279,,,,,,True,0.6544424567680381,,0.0,0.0,0.2115605036554901,LS_EXT,73.0,91.0,2026-09-13 22:00:00,2026-09-19 22:00:00
NIGHT,False,1790096400000,1790848800000,0.9661503052031379,8.708333333333334,False,0.1894752534287418,,162.0,0.47901549844766184,0.4222297467916463,OI_TREND;RESID;SHOCK;VOL;LS_EXT,False,0.10673822301729279,,162.0,0.47901549844766184,0.4222297467916463,OI_TREND;RESID;SHOCK;VOL;LS_EXT,True,0.6544424567680381,,136.0,0.1993279845751456,0.7182671488115118,SHOCK,142.0,165.0,2026-09-22 17:00:00,2026-10-01 10:00:00
ONDO,False,1741093200000,1741230000000,0.20959428090526364,1.5833333333333333,False,0.19375,,,,,,False,0.1173132183908046,,,,,,True,0.6468390804597701,,7.0,0.10781293254499079,0.18503204291196748,OI_FLUSH,19.0,26.0,2025-03-04 13:00:00,2025-03-06 03:00:00
ONDO,False,1744005600000,1744372800000,0.22147984868589418,4.25,False,0.19375,,0.0,0.0,0.22147984868589418,FUND_COLD;SHOCK,False,0.1173132183908046,,14.0,0.3946769303867816,0.1287409618768418,FUND_COLD;RESID,True,0.6468390804597701,,0.0,0.0,0.22147984868589418,FUND_COLD;SHOCK,8.0,59.0,2025-04-07 06:00:00,2025-04-11 12:00:00
ONDO,False,1750604400000,1753225200000,0.4786647362421286,30.333333333333332,False,0.19375,,7.0,0.06471643177988623,0.44170483157237883,OI_FLUSH;SHOCK,False,0.1173132183908046,,7.0,0.06471643177988623,0.44170483157237883,OI_FLUSH;SHOCK,True,0.6468390804597701,,5.0,0.01332030421496821,0.47098078427790924,OI_FLUSH,38.0,453.0,2025-06-22 15:00:00,2025-07-22 23:00:00
ONDO,False,1756764000000,1757642400000,0.21593293705160535,10.166666666666666,False,0.19375,,62.0,0.2047022044048737,0.1682302181950691,FUND_COLD;SHORT_CROWD,False,0.1173132183908046,,195.0,0.750845433826907,0.04991857731269817,OI_TREND;RESID;SHOCK,False,0.6468390804597701,,22.0,0.2899106957708202,0.14892959093774177,FUND_COLD,23.0,195.0,2025-09-01 22:00:00,2025-09-12 02:00:00
ONDO,False,1760130000000,1760385600000,0.318526215475276,2.9583333333333335,False,0.19375,,0.0,0.0,0.318526215475276,OI_FLUSH;RESID;SHOCK;LS_EXT,False,0.1173132183908046,,1.0,0.22922849532031594,0.23754500387313654,OI_FLUSH;RESID;SHOCK;VOL;LS_EXT,True,0.6468390804597701,,0.0,0.0,0.318526215475276,OI_FLUSH;RESID;SHOCK;LS_EXT,2.0,3.0,2025-10-10 21:00:00,2025-10-13 20:00:00
ONDO,False,1767240000000,1767708000000,0.21258819981879715,5.416666666666667,False,0.19375,,,,,,False,0.1173132183908046,,,,,,True,0.6468390804597701,,0.0,0.0,0.21258819981879715,SHORT_CROWD,15.0,29.0,2026-01-01 04:00:00,2026-01-06 14:00:00
ONDO,False,1769878800000,1771110000000,0.21268396203152906,14.25,False,0.19375,,70.0,0.447278392291285,0.11247209718446176,OI_TREND;SHOCK,False,0.1173132183908046,,70.0,0.447278392291285,0.11247209718446176,OI_TREND;SHOCK,True,0.6468390804597701,,0.0,0.0,0.21268396203152906,SHOCK,13.0,315.0,2026-01-31 17:00:00,2026-02-14 23:00:00
ONDO,False,1776913200000,1778284800000,0.7763053677047754,15.875,False,0.19375,,227.0,0.16761546996938403,0.6132237743709629,OI_TREND;RESID,False,0.1173132183908046,,227.0,0.16761546996938403,0.6132237743709629,OI_TREND;RESID,False,0.6468390804597701,,81.0,0.08139296493947601,0.6951520087211839,OI_TREND,269.0,345.0,2026-04-23 03:00:00,2026-05-09 00:00:00
ONDO,False,1779098400000,1779458400000,0.3711213472058576,4.166666666666667,False,0.19375,,17.0,0.5314278871020134,0.15939104223431289,OI_TREND;RESID,False,0.1173132183908046,,17.0,0.5314278871020134,0.15939104223431289,OI_TREND;RESID,True,0.6468390804597701,,11.0,0.41255278877211743,0.20371826580098723,SHOCK,11.0,17.0,2026-05-18 10:00:00,2026-05-22 14:00:00
ONDO,False,1780153200000,1780531200000,0.4068056654695078,4.375,True,0.19375,SHORT_COVER;FUND_COLD,8.0,0.2714440086301195,0.28232127576968913,FUND_COLD;SHORT_CROWD,True,0.1173132183908046,SHORT_COVER;FUND_COLD,77.0,0.6972112512400725,0.10887762483231143,OI_TREND;RESID,True,0.6468390804597701,,0.0,0.0,0.4068056654695078,SHORT_CROWD,67.0,74.0,2026-05-30 15:00:00,2026-06-04 00:00:00
ONDO,False,1784070000000,1784206800000,0.2539170663945052,1.5833333333333333,True,0.19375,OI_DIV;SHORT_CROWD,21.0,0.5859098204662958,0.09822708572815952,OI_TREND;RESID;SHOCK,False,0.1173132183908046,,21.0,0.5859098204662958,0.09822708572815952,OI_TREND;RESID;SHOCK,True,0.6468390804597701,,21.0,0.5859098204662958,0.09822708572815952,OI_TREND;RESID;SHOCK,21.0,21.0,2026-07-14 23:00:00,2026-07-16 13:00:00
ONDO,False,1784422800000,1785412800000,0.23160334754225667,11.458333333333334,True,0.19375,OI_FLUSH;RESID,0.0,0.0,0.23160334754225667,OI_FLUSH;RESID,False,0.1173132183908046,,56.0,0.627832203817394,0.0806133805533162,OI_TREND;RESID,True,0.6468390804597701,,0.0,0.0,0.23160334754225667,OI_FLUSH;RESID,53.0,54.0,2026-07-19 01:00:00,2026-07-30 12:00:00
ONDO,False,1789520400000,1789948800000,0.26774490195193756,4.958333333333333,False,0.19375,,23.0,0.3037252277189501,0.17961013086021177,OI_TREND;RESID,False,0.1173132183908046,,23.0,0.3037252277189501,0.17961013086021177,OI_TREND;RESID,True,0.6468390804597701,,0.0,0.0,0.26774490195193756,FUND_COLD,23.0,36.0,2026-09-16 01:00:00,2026-09-21 00:00:00
ONDO,False,1790208000000,1790568000000,0.4685386769312846,4.166666666666667,False,0.19375,,12.0,0.3064655726942475,0.30539144658184486,OI_TREND;RESID;SHOCK;VOL,False,0.1173132183908046,,12.0,0.3064655726942475,0.30539144658184486,OI_TREND;RESID;SHOCK;VOL,True,0.6468390804597701,,0.0,0.0,0.4685386769312846,OI_FLUSH,12.0,14.0,2026-09-24 00:00:00,2026-09-28 04:00:00
OP,True,1744822800000,1745712000000,0.20661902502887838,10.291666666666666,False,0.6151580459770115,,25.0,0.1540399491315235,0.17220914178991434,COIL,False,0.25804597701149423,,84.0,0.641229336212677,0.06970735907391634,RESID,False,0.6576867816091954,,25.0,0.1540399491315235,0.17220914178991434,COIL,48.0,73.0,2025-04-16 17:00:00,2025-04-27 00:00:00
OP,True,1746633600000,1746928800000,0.47852514465905993,3.4166666666666665,True,0.6151580459770115,OI_DIV,0.0,0.0,0.47852514465905993,OI_DIV;FUND_COLD;SHORT_CROWD,False,0.25804597701149423,,28.0,0.2881315366451559,0.3209783693752969,RESID;VOL,True,0.6576867816091954,,0.0,0.0,0.47852514465905993,OI_DIV;FUND_COLD;SHORT_CROWD,32.0,49.0,2025-05-07 16:00:00,2025-05-11 02:00:00
OP,True,1749232800000,1749657600000,0.20105701157416547,4.916666666666667,True,0.6151580459770115,FUND_COLD,89.0,0.687048508622506,0.059008764614259315,RESID;SHOCK,False,0.25804597701149423,,89.0,0.687048508622506,0.059008764614259315,RESID;SHOCK,True,0.6576867816091954,,89.0,0.687048508622506,0.059008764614259315,RESID;SHOCK,11.0,89.0,2025-06-06 18:00:00,2025-06-11 16:00:00
OP,True,1751738400000,1753138800000,0.42912243543611217,16.208333333333332,True,0.6151580459770115,COIL,14.0,0.06840961040186583,0.3946370463551457,COIL,False,0.25804597701149423,,123.0,0.3993856817705152,0.23918721564447928,SHOCK,True,0.6576867816091954,,14.0,0.06840961040186583,0.3946370463551457,COIL,114.0,127.0,2025-07-05 18:00:00,2025-07-21 23:00:00
OP,True,1753336800000,1753696800000,0.24292233616797992,4.166666666666667,True,0.6151580459770115,RESID,8.0,0.3658176447056085,0.14787530760780562,SHOCK,True,0.25804597701149423,SHOCK;LS_EXT,8.0,0.3658176447056085,0.14787530760780562,SHOCK,True,0.6576867816091954,,0.0,0.0,0.24292233616797992,RESID,8.0,94.0,2025-07-24 06:00:00,2025-07-28 10:00:00
OP,True,1754157600000,1754784000000,0.26281651503281983,7.25,False,0.6151580459770115,,,,,,False,0.25804597701149423,,,,,,False,0.6576867816091954,,,,,,44.0,129.0,2025-08-02 18:00:00,2025-08-10 00:00:00
OP,True,1762200000000,1762812000000,0.3130053549370783,7.083333333333333,True,0.6151580459770115,SHOCK,91.0,0.7405073263335684,0.07322131520982969,RESID,False,0.25804597701149423,,91.0,0.7405073263335684,0.07322131520982969,RESID,True,0.6576867816091954,,91.0,0.7405073263335684,0.07322131520982969,RESID,44.0,82.0,2025-11-03 20:00:00,2025-11-10 22:00:00
OP,True,1766703600000,1768341600000,0.3411102609718586,18.958333333333332,True,0.6151580459770115,OI_DIV;COIL,3.0,0.10570035764085059,0.30014396275488014,SHOCK,False,0.25804597701149423,,3.0,0.10570035764085059,0.30014396275488014,SHOCK,True,0.6576867816091954,,3.0,0.10570035764085059,0.30014396275488014,SHOCK,46.0,170.0,2025-12-25 23:00:00,2026-01-13 22:00:00
OP,True,1777698000000,1778274000000,0.42360540779430006,6.666666666666667,False,0.6151580459770115,,2.0,0.007946555398285239,0.4196154260068817,COIL,False,0.25804597701149423,,56.0,0.022695005999825064,0.4122398124306122,SHORT_COVER,False,0.6576867816091954,,2.0,0.007946555398285239,0.4196154260068817,COIL,111.0,120.0,2026-05-02 05:00:00,2026-05-08 21:00:00
OP,True,1780254000000,1780480800000,0.2554978992785221,2.625,False,0.6151580459770115,,22.0,0.39633644743799445,0.14723294948794272,RESID,False,0.25804597701149423,,22.0,0.39633644743799445,0.14723294948794272,RESID,False,0.6576867816091954,,22.0,0.39633644743799445,0.14723294948794272,RESID,22.0,36.0,2026-05-31 19:00:00,2026-06-03 10:00:00
OP,True,1787151600000,1787371200000,0.2557014396268393,2.5416666666666665,True,0.6151580459770115,OI_DIV,5.0,0.16787273501521413,0.2086096654527806,SHOCK,False,0.25804597701149423,,5.0,0.16787273501521413,0.2086096654527806,SHOCK,True,0.6576867816091954,,5.0,0.16787273501521413,0.2086096654527806,SHOCK,31.0,57.0,2026-08-19 15:00:00,2026-08-22 04:00:00
OP,True,1788188400000,1788789600000,0.2997922997941638,6.958333333333333,True,0.6151580459770115,FUND_COLD;SHORT_CROWD,9.0,0.44914203401362973,0.15538939744534822,OI_TREND;RESID;SHOCK,False,0.25804597701149423,,9.0,0.44914203401362973,0.15538939744534822,OI_TREND;RESID;SHOCK,True,0.6576867816091954,,9.0,0.44914203401362973,0.15538939744534822,OI_TREND;RESID;SHOCK,8.0,20.0,2026-08-31 15:00:00,2026-09-07 14:00:00
OP,True,1789578000000,1789923600000,0.34038056553654655,4.0,True,0.6151580459770115,SHORT_COVER,34.0,0.6354983681134474,0.11269172486279702,RESID;SHOCK,True,0.25804597701149423,SHORT_COVER,34.0,0.6354983681134474,0.11269172486279702,RESID;SHOCK,True,0.6576867816091954,,34.0,0.6354983681134474,0.11269172486279702,RESID;SHOCK,24.0,34.0,2026-09-16 17:00:00,2026-09-20 17:00:00
OP,True,1790200800000,1790427600000,0.22704138971445048,2.625,True,0.6151580459770115,SHOCK,,,,,True,0.25804597701149423,SHORT_COVER,,,,,True,0.6576867816091954,,0.0,0.0,0.22704138971445048,LS_EXT,16.0,37.0,2026-09-23 22:00:00,2026-09-26 13:00:00
PENDLE,False,1741629600000,1743048000000,0.42473920700368484,16.416666666666668,False,0.17011494252873563,,240.0,0.5978257543020383,0.1529976144935114,OI_DIV;SHORT_CROWD,False,0.09540229885057472,,,,,,False,0.6651580459770114,,24.0,0.17937836360858245,0.33708364179548467,SHOCK,164.0,193.0,2025-03-10 18:00:00,2025-03-27 04:00:00
PENDLE,False,1743278400000,1743616800000,0.25523577418874815,3.9166666666666665,False,0.17011494252873563,,58.0,0.6366966718197058,0.08609354617333748,OI_TREND;RESID,False,0.09540229885057472,,58.0,0.6366966718197058,0.08609354617333748,OI_TREND;RESID,False,0.6651580459770114,,27.0,0.09295874783761945,0.2289888056983638,FUND_COLD,46.0,54.0,2025-03-29 20:00:00,2025-04-02 18:00:00
PENDLE,False,1744005600000,1744480800000,0.3091956627774275,5.5,False,0.17011494252873563,,59.0,0.9574226691328603,0.011536927220016709,OI_TREND;SHOCK,False,0.09540229885057472,,59.0,0.9574226691328603,0.011536927220016709,OI_TREND;SHOCK,False,0.6651580459770114,,0.0,0.0,0.3091956627774275,SHOCK,6.0,29.0,2025-04-07 06:00:00,2025-04-12 18:00:00
PENDLE,False,1746630000000,1747213200000,0.2810011583081017,6.75,False,0.17011494252873563,,138.0,0.6011154984984102,0.10382401302538917,OI_DIV;LS_EXT,False,0.09540229885057472,,150.0,0.8834899322615375,0.029273051379847353,OI_TREND;RESID,True,0.6651580459770114,,24.0,0.4815488340358549,0.13699662436213203,RESID,18.0,40.0,2025-05-07 15:00:00,2025-05-14 09:00:00
PENDLE,False,1752332400000,1753027200000,0.28501900407400027,8.041666666666666,False,0.17011494252873563,,136.0,0.6385752634736844,0.09487012490350889,OI_TREND;FUND_HOT;LONG_CROWD,False,0.09540229885057472,,136.0,0.6385752634736844,0.09487012490350889,OI_TREND;FUND_HOT;LONG_CROWD,True,0.6651580459770114,,32.0,0.12261107139278028,0.24610900312307832,COIL,80.0,114.0,2025-07-12 15:00:00,2025-07-20 16:00:00
PENDLE,False,1754157600000,1754773200000,0.4975872825334819,7.125,False,0.17011494252873563,,123.0,0.6201106486213769,0.16581491599504103,OI_TREND;RESID;SHOCK,False,0.09540229885057472,,123.0,0.6201106486213769,0.16581491599504103,OI_TREND;RESID;SHOCK,True,0.6651580459770114,,114.0,0.35585061098099563,0.2971157777655551,RESID,112.0,123.0,2025-08-02 18:00:00,2025-08-09 21:00:00
PENDLE,False,1755158400000,1756058400000,0.24605019896226818,10.416666666666666,False,0.17011494252873563,,,,,,False,0.09540229885057472,,,,,,False,0.6651580459770114,,7.0,0.4098757942952376,0.13861744643050586,SHOCK,7.0,81.0,2025-08-14 08:00:00,2025-08-24 18:00:00
PENDLE,False,1763161200000,1764324000000,0.4041011001245628,13.458333333333334,True,0.17011494252873563,OI_DIV;RESID,,,,,False,0.09540229885057472,,,,,,True,0.6651580459770114,,0.0,0.0,0.4041011001245628,OI_DIV;RESID,20.0,106.0,2025-11-14 23:00:00,2025-11-28 10:00:00
PENDLE,False,1766552400000,1767672000000,0.3056226002898053,12.958333333333334,False,0.17011494252873563,,,,,,False,0.09540229885057472,,,,,,True,0.6651580459770114,,66.0,0.3462905497267858,0.19044983253916178,RESID,62.0,192.0,2025-12-24 05:00:00,2026-01-06 04:00:00
PENDLE,False,1768802400000,1769072400000,0.2213116744724055,3.125,False,0.17011494252873563,,20.0,0.4992384870299918,0.10529797351201174,OI_TREND;RESID;SHOCK,False,0.09540229885057472,,20.0,0.4992384870299918,0.10529797351201174,OI_TREND;RESID;SHOCK,True,0.6651580459770114,,0.0,0.0,0.2213116744724055,SHORT_CROWD,19.0,53.0,2026-01-19 06:00:00,2026-01-22 09:00:00
PENDLE,False,1770631200000,1772326800000,0.2558590231071645,19.625,False,0.17011494252873563,,,,,,False,0.09540229885057472,,,,,,False,0.6651580459770114,,118.0,0.6295521531711233,0.08805898531972119,FUND_COLD,68.0,111.0,2026-02-09 10:00:00,2026-03-01 01:00:00
PENDLE,False,1776189600000,1776477600000,0.3631666255919667,3.3333333333333335,False,0.17011494252873563,,21.0,0.1416158017506091,0.304652011029806,FUND_HOT;LONG_CROWD,False,0.09540229885057472,,21.0,0.1416158017506091,0.304652011029806,FUND_HOT;LONG_CROWD,False,0.6651580459770114,,4.0,0.027597728690513433,0.3515611492556495,OI_DIV,35.0,47.0,2026-04-14 18:00:00,2026-04-18 02:00:00
PENDLE,False,1777136400000,1778025600000,0.5493036008456388,10.291666666666666,False,0.17011494252873563,,126.0,0.3000799989085799,0.3585648078178175,OI_TREND;SHOCK,False,0.09540229885057472,,126.0,0.3000799989085799,0.3585648078178175,OI_TREND;SHOCK,True,0.6651580459770114,,46.0,0.0662952198092214,0.5049822824490616,SHOCK,126.0,169.0,2026-04-25 17:00:00,2026-05-06 00:00:00
PENDLE,False,1780153200000,1780574400000,0.2145085893766031,4.875,False,0.17011494252873563,,,,,,False,0.09540229885057472,,,,,,True,0.6651580459770114,,60.0,0.685209502495241,0.06308625711117663,RESID,47.0,51.0,2026-05-30 15:00:00,2026-06-04 12:00:00
PENDLE,False,1781125200000,1781679600000,0.23778289295035843,6.416666666666667,False,0.17011494252873563,,,,,,False,0.09540229885057472,,,,,,True,0.6651580459770114,,96.0,0.5192863625879982,0.10798903655004564,SHOCK,58.0,82.0,2026-06-10 21:00:00,2026-06-17 07:00:00
PENDLE,False,1782320400000,1783040400000,0.2485412792357903,8.333333333333334,False,0.17011494252873563,,,,,,False,0.09540229885057472,,,,,,True,0.6651580459770114,,20.0,0.14125186917464208,0.2100012388140487,SHOCK,106.0,116.0,2026-06-24 17:00:00,2026-07-03 01:00:00
PENDLE,False,1787158800000,1787504400000,0.2742239262086323,4.0,True,0.17011494252873563,OI_DIV;RESID,3.0,0.15451672602767572,0.22739267191186263,OI_DIV;SHOCK,False,0.09540229885057472,,3.0,0.15451672602767572,0.22739267191186263,OI_DIV;SHOCK,True,0.6651580459770114,,0.0,0.0,0.2742239262086323,OI_DIV;RESID,8.0,59.0,2026-08-19 17:00:00,2026-08-23 17:00:00
PENDLE,False,1788001200000,1788876000000,0.3373689954755611,10.125,False,0.17011494252873563,,186.0,0.7231950171576593,0.08379458116764024,RESID;SHOCK;LS_EXT,False,0.09540229885057472,,186.0,0.7231950171576593,0.08379458116764024,RESID;SHOCK;LS_EXT,True,0.6651580459770114,,131.0,0.4215244236778069,0.18313217477122604,SHORT_CROWD,84.0,176.0,2026-08-29 11:00:00,2026-09-08 14:00:00
PENDLE,False,1789041600000,1789819200000,0.3627749551362498,9.0,False,0.17011494252873563,,,,,,False,0.09540229885057472,,,,,,True,0.6651580459770114,,24.0,0.23123009534318426,0.2686482830436492,SHOCK,43.0,93.0,2026-09-10 12:00:00,2026-09-19 12:00:00
PENGU,False,1741536000000,1741878000000,0.2381066759621336,3.9583333333333335,True,0.20423850574712643,OI_FLUSH;FUND_COLD,,,,,False,0.10991379310344827,,,,,,True,0.680316091954023,,0.0,0.0,0.2381066759621336,OI_FLUSH;FUND_COLD,8.0,27.0,2025-03-09 16:00:00,2025-03-13 15:00:00
PENGU,False,1744156800000,1744466400000,0.3392858381470783,3.5833333333333335,False,0.20423850574712643,,65.0,0.6635323223753933,0.10328764979835828,RESID;SHOCK;LS_EXT,False,0.10991379310344827,,65.0,0.6635323223753933,0.10328764979835828,RESID;SHOCK;LS_EXT,False,0.680316091954023,,14.0,0.15527213686817282,0.2798921982900189,LS_EXT,63.0,65.0,2025-04-09 00:00:00,2025-04-12 14:00:00
PENGU,False,1744808400000,1745373600000,0.47767540870253405,6.541666666666667,False,0.20423850574712643,,27.0,0.34445780891772976,0.29171356186443176,FUND_COLD;RESID,False,0.10991379310344827,,27.0,0.34445780891772976,0.29171356186443176,FUND_COLD;RESID,False,0.680316091954023,,18.0,0.17069558955770903,0.38239657993873266,SHORT_COVER,26.0,145.0,2025-04-16 13:00:00,2025-04-23 02:00:00
PENGU,False,1745481600000,1745816400000,1.1858256105132403,3.875,True,0.20423850574712643,SHORT_COVER;VOL,32.0,0.4483314560678206,0.5394131566996795,FUND_COLD;RESID;VOL;SHORT_CROWD,True,0.10991379310344827,SHORT_COVER;VOL,32.0,0.4483314560678206,0.5394131566996795,FUND_COLD;RESID;VOL;SHORT_CROWD,True,0.680316091954023,,17.0,0.26151814018155833,0.781557703941426,RESID,20.0,63.0,2025-04-24 08:00:00,2025-04-28 05:00:00
PENGU,False,1746349200000,1746511200000,0.22540366729911665,1.875,False,0.20423850574712643,,25.0,0.5125142021461777,0.10416720613633186,FUND_COLD;SHORT_CROWD;LS_EXT,False,0.10991379310344827,,,,,,True,0.680316091954023,,0.0,0.0,0.22540366729911665,FUND_COLD,2.0,21.0,2025-05-04 09:00:00,2025-05-06 06:00:00
PENGU,False,1746630000000,1746770400000,0.38751975258372373,1.625,True,0.20423850574712643,OI_DIV;FUND_COLD;SHORT_CROWD,1.0,0.05540648154922809,0.36256805311027723,OI_DIV;FUND_COLD;SHORT_CROWD;LS_EXT,False,0.10991379310344827,,15.0,0.6654105330597592,0.11581380316435858,OI_TREND;SHOCK,True,0.680316091954023,,0.0,0.0,0.38751975258372373,SHORT_CROWD;LS_EXT,11.0,15.0,2025-05-07 15:00:00,2025-05-09 06:00:00
PENGU,False,1747072800000,1747249200000,0.2729902712317927,2.0416666666666665,False,0.20423850574712643,,47.0,0.7877322888699685,0.05256998311792067,OI_TREND;SHOCK,False,0.10991379310344827,,47.0,0.7877322888699685,0.05256998311792067,OI_TREND;SHOCK,False,0.680316091954023,,47.0,0.7877322888699685,0.05256998311792067,OI_TREND;SHOCK,12.0,45.0,2025-05-12 18:00:00,2025-05-14 19:00:00
PENGU,False,1749153600000,1749592800000,0.28031193597411297,5.083333333333333,False,0.20423850574712643,,121.0,0.9581041627973469,0.010406392167795977,OI_TREND;RESID,False,0.10991379310344827,,121.0,0.9581041627973469,0.010406392167795977,OI_TREND;RESID,True,0.680316091954023,,26.0,0.07428697795189179,0.25702416972432435,COIL,30.0,106.0,2025-06-05 20:00:00,2025-06-10 22:00:00
PENGU,False,1750597200000,1750744800000,0.2123018473198596,1.7083333333333333,False,0.20423850574712643,,,,,,False,0.10991379310344827,,,,,,False,0.680316091954023,,9.0,0.2222662724486704,0.1615205916059713,SHOCK,11.0,31.0,2025-06-22 13:00:00,2025-06-24 06:00:00
PENGU,False,1750982400000,1751263200000,0.6693095408001021,3.25,False,0.20423850574712643,,16.0,0.2812603680208487,0.4452602962732238,OI_TREND;RESID,False,0.10991379310344827,,16.0,0.2812603680208487,0.4452602962732238,OI_TREND;RESID,True,0.680316091954023,,0.0,0.0,0.6693095408001021,OI_FLUSH,21.0,34.0,2025-06-27 00:00:00,2025-06-30 06:00:00
PENGU,False,1751284800000,1751432400000,0.21977897767167115,1.7083333333333333,True,0.20423850574712643,FUND_COLD;VOL;SHORT_CROWD,,,,,True,0.10991379310344827,OI_TREND;VOL;SHORT_CROWD,,,,,True,0.680316091954023,,0.0,0.0,0.21977897767167115,VOL,4.0,12.0,2025-06-30 12:00:00,2025-07-02 05:00:00
PENGU,False,1752073200000,1752289200000,0.5512596397356032,2.5,False,0.20423850574712643,,,,,,False,0.10991379310344827,,,,,,False,0.680316091954023,,15.0,0.5498232544236397,0.21854542820280942,RESID,12.0,15.0,2025-07-09 15:00:00,2025-07-12 03:00:00
PENGU,False,1752332400000,1752433200000,0.40927728209637443,1.1666666666666667,False,0.20423850574712643,,20.0,0.7869029385132749,0.07584747741239199,RESID;SHOCK;LS_EXT,False,0.10991379310344827,,20.0,0.7869029385132749,0.07584747741239199,RESID;SHOCK;LS_EXT,True,0.680316091954023,,0.0,0.0,0.40927728209637443,LS_EXT,18.0,19.0,2025-07-12 15:00:00,2025-07-13 19:00:00
PENGU,False,1752501600000,1752580800000,0.27498428817812914,0.9166666666666666,True,0.20423850574712643,OI_TREND;RESID;LS_EXT,,,,,True,0.10991379310344827,OI_TREND;RESID;LS_EXT,,,,,True,0.680316091954023,,0.0,0.0,0.27498428817812914,LS_EXT,8.0,11.0,2025-07-14 14:00:00,2025-07-15 12:00:00
PENGU,False,1752847200000,1753239600000,0.5397209703226131,4.541666666666667,False,0.20423850574712643,,,,,,False,0.10991379310344827,,,,,,False,0.680316091954023,,62.0,0.3467979192573762,0.32567638663759585,SHOCK,62.0,64.0,2025-07-18 14:00:00,2025-07-23 03:00:00
PENGU,False,1753452000000,1753639200000,0.20905193078732703,2.1666666666666665,False,0.20423850574712643,,,,,,False,0.10991379310344827,,,,,,False,0.680316091954023,,,,,,7.0,12.0,2025-07-25 14:00:00,2025-07-27 18:00:00
PENGU,False,1755694800000,1755990000000,0.22317336374246405,3.4166666666666665,False,0.20423850574712643,,70.0,0.9300744677973113,0.01418608137066252,OI_TREND;RESID,False,0.10991379310344827,,70.0,0.9300744677973113,0.01418608137066252,OI_TREND;RESID,False,0.680316091954023,,49.0,0.41464258862086545,0.12515345493169233,SHOCK,6.0,11.0,2025-08-20 13:00:00,2025-08-23 23:00:00
PENGU,False,1757026800000,1757656800000,0.2704725265453123,7.291666666666667,False,0.20423850574712643,,82.0,0.5097223164687739,0.12453209666983357,OI_TREND;RESID,False,0.10991379310344827,,82.0,0.5097223164687739,0.12453209666983357,OI_TREND;RESID,False,0.680316091954023,,15.0,0.07513255505405414,0.24782620289839025,SHOCK,75.0,81.0,2025-09-04 23:00:00,2025-09-12 06:00:00
PENGU,False,1760130000000,1760169600000,0.23075765400356313,0.4583333333333333,False,0.20423850574712643,,0.0,0.0,0.23075765400356313,OI_FLUSH;RESID;SHOCK,False,0.10991379310344827,,,,,,True,0.680316091954023,,0.0,0.0,0.23075765400356313,OI_FLUSH;RESID;SHOCK,1.0,1.0,2025-10-10 21:00:00,2025-10-11 08:00:00
PENGU,False,1764608400000,1764691200000,0.2276788896491659,0.9583333333333334,False,0.20423850574712643,,,,,,False,0.10991379310344827,,,,,,True,0.680316091954023,,0.0,0.0,0.2276788896491659,LS_EXT,21.0,22.0,2025-12-01 17:00:00,2025-12-02 16:00:00
PENGU,False,1767204000000,1767668400000,0.48007579700365605,5.375,False,0.20423850574712643,,45.0,0.4337243600089275,0.24861243751617912,OI_TREND;RESID,False,0.10991379310344827,,45.0,0.4337243600089275,0.24861243751617912,OI_TREND;RESID,False,0.680316091954023,,34.0,0.27067414058457456,0.33104424857829035,RESID,35.0,52.0,2025-12-31 18:00:00,2026-01-06 03:00:00
PENGU,False,1770746400000,1771106400000,0.3074550103500834,4.166666666666667,False,0.20423850574712643,,,,,,False,0.10991379310344827,,,,,,False,0.680316091954023,,46.0,0.21278986390396534,0.23495837761814095,FUND_COLD,40.0,81.0,2026-02-10 18:00:00,2026-02-14 22:00:00
PENGU,False,1776564000000,1777413600000,0.4500610840193309,9.833333333333334,False,0.20423850574712643,,80.0,0.5034176440218407,0.20265645818203715,OI_TREND;RESID;SHOCK,False,0.10991379310344827,,80.0,0.5034176440218407,0.20265645818203715,OI_TREND;RESID;SHOCK,True,0.680316091954023,,17.0,0.03152219980649227,0.43317441393196643,LS_EXT,78.0,80.0,2026-04-19 02:00:00,2026-04-28 22:00:00
PENGU,False,1787151600000,1787371200000,0.2873763439883594,2.5416666666666665,False,0.20423850574712643,,26.0,0.34527923383608233,0.17984915296436785,OI_TREND;RESID;VOL,False,0.10991379310344827,,26.0,0.34527923383608233,0.17984915296436785,OI_TREND;RESID;VOL,False,0.680316091954023,,17.0,0.1322983838085232,0.24506395676107331,SHOCK,20.0,46.0,2026-08-19 15:00:00,2026-08-22 04:00:00
PENGU,False,1787457600000,1787515200000,0.23878698945196186,0.6666666666666666,True,0.20423850574712643,OI_FLUSH;SHOCK;VOL,15.0,0.9374752652814772,0.013478616651426332,OI_TREND;RESID;VOL,True,0.10991379310344827,SHORT_COVER;VOL,15.0,0.9374752652814772,0.013478616651426332,OI_TREND;RESID;VOL,True,0.680316091954023,,0.0,0.0,0.23878698945196186,RESID;VOL,11.0,12.0,2026-08-23 04:00:00,2026-08-23 20:00:00
PENGU,False,1789570800000,1790154000000,0.43895538400193906,6.75,False,0.20423850574712643,,148.0,0.7819574119630656,0.08258261495447039,SHORT_COVER;RESID;SHOCK,False,0.10991379310344827,,148.0,0.7819574119630656,0.08258261495447039,SHORT_COVER;RESID;SHOCK,False,0.680316091954023,,83.0,0.18709225284396142,0.3442433532615313,SHOCK,74.0,136.0,2026-09-16 15:00:00,2026-09-23 09:00:00
PEPE,False,1741651200000,1741856400000,0.2683089255012446,2.375,False,0.21580459770114943,,0.0,0.0,0.2683089255012446,OI_FLUSH;SHOCK,False,0.08570402298850574,,15.0,0.2442836631618894,0.19676493429501604,OI_FLUSH;SHOCK,True,0.7211206896551724,,0.0,0.0,0.2683089255012446,OI_FLUSH;SHOCK,18.0,36.0,2025-03-11 00:00:00,2025-03-13 09:00:00
PEPE,False,1742151600000,1742986800000,0.30585452545723646,9.666666666666666,False,0.21580459770114943,,,,,,False,0.08570402298850574,,,,,,True,0.7211206896551724,,36.0,0.24641503226224246,0.2227469211450171,OI_DIV,22.0,94.0,2025-03-16 19:00:00,2025-03-26 11:00:00
PEPE,False,1744005600000,1745629200000,0.32700958211137626,18.791666666666668,False,0.21580459770114943,,451.0,1.0,0.0,RESID;SHOCK;LS_EXT,False,0.08570402298850574,,451.0,1.0,0.0,RESID;SHOCK;LS_EXT,False,0.7211206896551724,,0.0,0.0,0.32700958211137626,SHOCK,59.0,156.0,2025-04-07 06:00:00,2025-04-26 01:00:00
PEPE,False,1746529200000,1746777600000,0.5962798195366434,2.875,True,0.21580459770114943,FUND_COLD;SHORT_CROWD,52.0,0.3967187152041491,0.32596442557971356,RESID;SHOCK;VOL,False,0.08570402298850574,,52.0,0.3967187152041491,0.32596442557971356,RESID;SHOCK;VOL,True,0.7211206896551724,,29.0,0.07280890317734674,0.5428399576842388,FUND_COLD,50.0,55.0,2025-05-06 11:00:00,2025-05-09 08:00:00
PEPE,False,1746806400000,1747036800000,0.23745890141161216,2.6666666666666665,True,0.21580459770114943,RESID;SHOCK;VOL,0.0,0.0,0.23745890141161216,RESID;SHOCK;VOL,True,0.08570402298850574,RESID;SHOCK;VOL,0.0,0.0,0.23745890141161216,RESID;SHOCK;VOL,True,0.7211206896551724,,0.0,0.0,0.23745890141161216,RESID;SHOCK;VOL,15.0,31.0,2025-05-09 16:00:00,2025-05-12 08:00:00
PEPE,False,1751738400000,1753146000000,0.39489571386173894,16.291666666666668,False,0.21580459770114943,,357.0,0.913985910569894,0.029040875522560777,FUND_HOT;LONG_CROWD,False,0.08570402298850574,,357.0,0.913985910569894,0.029040875522560777,FUND_HOT;LONG_CROWD,True,0.7211206896551724,,97.0,0.28783044114595613,0.2674715711483949,SHOCK,98.0,123.0,2025-07-05 18:00:00,2025-07-22 01:00:00
PEPE,False,1754449200000,1754784000000,0.2208633437019485,3.875,False,0.21580459770114943,,74.0,0.9143312250097364,0.017242883745078066,OI_TREND;RESID;SHOCK,False,0.08570402298850574,,74.0,0.9143312250097364,0.017242883745078066,OI_TREND;RESID;SHOCK,True,0.7211206896551724,,62.0,0.6774138120731459,0.06649198183841822,RESID;SHOCK,42.0,62.0,2025-08-06 03:00:00,2025-08-10 00:00:00
PEPE,False,1757052000000,1757764800000,0.25436827584742,8.25,False,0.21580459770114943,,179.0,0.5876464887866074,0.09795848634005636,OI_TREND;SHOCK,False,0.08570402298850574,,179.0,0.5876464887866074,0.09795848634005636,OI_TREND;SHOCK,True,0.7211206896551724,,0.0,0.0,0.25436827584742,COIL,81.0,98.0,2025-09-05 06:00:00,2025-09-13 12:00:00
PEPE,False,1766109600000,1767567600000,0.817613336151346,16.875,False,0.21580459770114943,,330.0,0.37988956884990044,0.44850362828160584,OI_TREND;RESID,False,0.08570402298850574,,330.0,0.37988956884990044,0.44850362828160584,OI_TREND;RESID,True,0.7211206896551724,,0.0,0.0,0.817613336151346,OI_FLUSH,328.0,339.0,2025-12-19 02:00:00,2026-01-04 23:00:00
PEPE,False,1770735600000,1771124400000,0.3444547802627344,4.5,False,0.21580459770114943,,97.0,0.6192929477976482,0.11927922979685676,OI_TREND;RESID;SHOCK,False,0.08570402298850574,,97.0,0.6192929477976482,0.11927922979685676,OI_TREND;RESID;SHOCK,False,0.7211206896551724,,0.0,0.0,0.3444547802627344,FUND_COLD,95.0,97.0,2026-02-10 15:00:00,2026-02-15 03:00:00
PEPE,False,1787151600000,1787371200000,0.41632694539089654,2.5416666666666665,False,0.21580459770114943,,17.0,0.3656544593616994,0.24706733385593677,RESID;SHOCK;VOL,False,0.08570402298850574,,17.0,0.3656544593616994,0.24706733385593677,RESID;SHOCK;VOL,True,0.7211206896551724,,6.0,0.1820714158221306,0.32935496497153266,SHOCK,17.0,45.0,2026-08-19 15:00:00,2026-08-22 04:00:00
PEPE,False,1789081200000,1790046000000,0.4549681366362127,11.166666666666666,False,0.21580459770114943,,214.0,0.4609926406268209,0.22399382148974986,OI_TREND;SHOCK,False,0.08570402298850574,,214.0,0.4609926406268209,0.22399382148974986,OI_TREND;SHOCK,False,0.7211206896551724,,14.0,0.1353291937563877,0.3829760271928366,SHOCK,160.0,210.0,2026-09-10 23:00:00,2026-09-22 03:00:00
PIEVERSE,False,1764507600000,1764532800000,0.5302263255868542,0.2916666666666667,False,0.1853518821603928,,,,,,False,0.13066012002182215,,,,,,False,0.5110474631751227,,,,,,5.0,5.0,2025-11-30 13:00:00,2025-11-30 20:00:00
PIEVERSE,False,1764612000000,1764655200000,0.26290175437891533,0.5,False,0.1853518821603928,,,,,,False,0.13066012002182215,,,,,,False,0.5110474631751227,,,,,,10.0,11.0,2025-12-01 18:00:00,2025-12-02 06:00:00
PIEVERSE,False,1764666000000,1764691200000,0.3348489454207135,0.2916666666666667,False,0.1853518821603928,,,,,,False,0.13066012002182215,,,,,,False,0.5110474631751227,,,,,,5.0,6.0,2025-12-02 09:00:00,2025-12-02 16:00:00
PIEVERSE,False,1764694800000,1764720000000,0.3189281160246793,0.2916666666666667,False,0.1853518821603928,,,,,,False,0.13066012002182215,,,,,,False,0.5110474631751227,,3.0,0.5813834114586922,0.12286244764156729,RESID,2.0,3.0,2025-12-02 17:00:00,2025-12-03 00:00:00
PIEVERSE,False,1764864000000,1764950400000,0.3766247922710751,1.0,False,0.1853518821603928,,,,,,False,0.13066012002182215,,,,,,True,0.5110474631751227,,,,,,7.0,13.0,2025-12-04 16:00:00,2025-12-05 16:00:00
PIEVERSE,False,1764982800000,1765036800000,0.40644913416622014,0.625,False,0.1853518821603928,,,,,,False,0.13066012002182215,,,,,,True,0.5110474631751227,,2.0,0.11552091154534673,0.35211181284650883,FUND_COLD,9.0,10.0,2025-12-06 01:00:00,2025-12-06 16:00:00
PIEVERSE,False,1765065600000,1765126800000,0.6311659788918251,0.7083333333333334,False,0.1853518821603928,,,,,,False,0.13066012002182215,,,,,,True,0.5110474631751227,,3.0,0.06390612469950359,0.5809503142459906,FUND_COLD,13.0,16.0,2025-12-07 00:00:00,2025-12-07 17:00:00
PIEVERSE,False,1765252800000,1765353600000,0.3301404738827806,1.1666666666666667,True,0.1853518821603928,FUND_COLD;RESID,,,,,False,0.13066012002182215,,,,,,True,0.5110474631751227,,0.0,0.0,0.3301404738827806,FUND_COLD,3.0,23.0,2025-12-09 04:00:00,2025-12-10 08:00:00
PIEVERSE,False,1765674000000,1765753200000,0.25615775432652915,0.9166666666666666,True,0.1853518821603928,FUND_COLD;SHORT_CROWD,,,,,False,0.13066012002182215,,,,,,True,0.5110474631751227,,0.0,0.0,0.25615775432652915,FUND_COLD,2.0,21.0,2025-12-14 01:00:00,2025-12-14 23:00:00
PIEVERSE,False,1766257200000,1766422800000,0.3154231764034044,1.9166666666666667,False,0.1853518821603928,,,,,,False,0.13066012002182215,,,,,,True,0.5110474631751227,,,,,,25.0,38.0,2025-12-20 19:00:00,2025-12-22 17:00:00
PIEVERSE,False,1766725200000,1767045600000,0.5666331891203181,3.7083333333333335,False,0.1853518821603928,,,,,,False,0.13066012002182215,,,,,,False,0.5110474631751227,,,,,,35.0,77.0,2025-12-26 05:00:00,2025-12-29 22:00:00
PIEVERSE,False,1767258000000,1767391200000,0.7599141028394847,1.5416666666666667,False,0.1853518821603928,,,,,,False,0.13066012002182215,,,,,,True,0.5110474631751227,,31.0,0.541853605271863,0.2956002781873487,SHOCK,22.0,31.0,2026-01-01 09:00:00,2026-01-02 22:00:00
PIEVERSE,False,1767542400000,1767625200000,0.23618032347176762,0.9583333333333334,False,0.1853518821603928,,,,,,False,0.13066012002182215,,,,,,True,0.5110474631751227,,,,,,2.0,9.0,2026-01-04 16:00:00,2026-01-05 15:00:00
PIEVERSE,False,1767751200000,1767801600000,0.20320057197603636,0.5833333333333334,False,0.1853518821603928,,,,,,False,0.13066012002182215,,,,,,False,0.5110474631751227,,,,,,3.0,9.0,2026-01-07 02:00:00,2026-01-07 16:00:00
PIEVERSE,False,1767848400000,1767884400000,0.24835016468649151,0.4166666666666667,False,0.1853518821603928,,,,,,False,0.13066012002182215,,,,,,True,0.5110474631751227,,0.0,0.0,0.24835016468649151,SHOCK,1.0,1.0,2026-01-08 05:00:00,2026-01-08 15:00:00
PIEVERSE,False,1768248000000,1769018400000,0.40202133507041576,8.916666666666666,True,0.1853518821603928,FUND_COLD;SHORT_CROWD,,,,,False,0.13066012002182215,,,,,,True,0.5110474631751227,,4.0,0.10389887519625056,0.3536518535898043,FUND_COLD,23.0,197.0,2026-01-12 20:00:00,2026-01-21 18:00:00
PIEVERSE,False,1769090400000,1769140800000,0.2017428053706521,0.5833333333333334,False,0.1853518821603928,,,,,,False,0.13066012002182215,,,,,,True,0.5110474631751227,,,,,,5.0,7.0,2026-01-22 14:00:00,2026-01-23 04:00:00
PIEVERSE,False,1769950800000,1770411600000,0.3878136686169289,5.333333333333333,False,0.1853518821603928,,,,,,False,0.13066012002182215,,,,,,False,0.5110474631751227,,128.0,1.0,0.0,RESID,20.0,98.0,2026-02-01 13:00:00,2026-02-06 21:00:00
PIEVERSE,False,1771344000000,1771995600000,0.42208106028237413,7.541666666666667,False,0.1853518821603928,,168.0,0.6962905561860884,0.11287034557186247,FUND_HOT;RESID,False,0.13066012002182215,,168.0,0.6962905561860884,0.11287034557186247,FUND_HOT;RESID,True,0.5110474631751227,,123.0,0.1390376817168039,0.354135441568299,FUND_HOT,158.0,165.0,2026-02-17 16:00:00,2026-02-25 05:00:00
PIEVERSE,False,1772258400000,1772467200000,0.2132007093071529,2.4166666666666665,False,0.1853518821603928,,,,,,False,0.13066012002182215,,,,,,True,0.5110474631751227,,0.0,0.0,0.2132007093071529,SHOCK,7.0,25.0,2026-02-28 06:00:00,2026-03-02 16:00:00
PIEVERSE,False,1773248400000,1773957600000,0.26446247644186227,8.208333333333334,False,0.1853518821603928,,40.0,0.4958163460867432,0.12558763143928856,OI_TREND;LONG_CROWD;LS_EXT,False,0.13066012002182215,,40.0,0.4958163460867432,0.12558763143928856,OI_TREND;LONG_CROWD;LS_EXT,False,0.5110474631751227,,39.0,0.5612492263134669,0.10843776156552115,LONG_CROWD,11.0,21.0,2026-03-11 17:00:00,2026-03-19 22:00:00
PIEVERSE,False,1776124800000,1776549600000,0.6088805986013031,4.916666666666667,True,0.1853518821603928,OI_DIV;RESID;VOL,73.0,0.3408802613125797,0.36811915252872407,FUND_HOT;RESID;LONG_CROWD,False,0.13066012002182215,,73.0,0.3408802613125797,0.36811915252872407,FUND_HOT;RESID;LONG_CROWD,True,0.5110474631751227,,0.0,0.0,0.6088805986013031,OI_FLUSH,73.0,105.0,2026-04-14 00:00:00,2026-04-18 22:00:00
PIEVERSE,False,1776567600000,1776628800000,1.3445351099132181,0.7083333333333334,True,0.1853518821603928,OI_TREND;FUND_HOT;RESID;VOL;LONG_CROWD,0.0,0.0,1.3445351099132181,OI_TREND;RESID;SHOCK;VOL;LONG_CROWD,True,0.13066012002182215,OI_TREND;FUND_HOT;RESID;VOL;LONG_CROWD,0.0,0.0,1.3445351099132181,OI_TREND;RESID;SHOCK;VOL;LONG_CROWD,True,0.5110474631751227,,0.0,0.0,1.3445351099132181,OI_TREND;RESID;SHOCK;VOL;LONG_CROWD,14.0,15.0,2026-04-19 03:00:00,2026-04-19 20:00:00
PIEVERSE,False,1776643200000,1776650400000,0.388664936371007,0.08333333333333333,True,0.1853518821603928,OI_TREND;FUND_HOT;RESID;SHOCK;VOL;LONG_CROWD;LS_EXT,0.0,0.0,0.388664936371007,OI_TREND;FUND_HOT;RESID;SHOCK;VOL;LONG_CROWD;LS_EXT,True,0.13066012002182215,OI_TREND;FUND_HOT;RESID;SHOCK;VOL;LONG_CROWD;LS_EXT,0.0,0.0,0.388664936371007,OI_TREND;FUND_HOT;RESID;SHOCK;VOL;LONG_CROWD;LS_EXT,True,0.5110474631751227,,0.0,0.0,0.388664936371007,OI_TREND;FUND_HOT;RESID;SHOCK;VOL;LONG_CROWD;LS_EXT,1.0,2.0,2026-04-20 00:00:00,2026-04-20 02:00:00
PIEVERSE,False,1776654000000,1776661200000,0.2832583441016141,0.08333333333333333,True,0.1853518821603928,OI_TREND;FUND_HOT;RESID;SHOCK;VOL;LONG_CROWD;LS_EXT,,,,,True,0.13066012002182215,OI_TREND;FUND_HOT;RESID;SHOCK;VOL;LONG_CROWD;LS_EXT,,,,,True,0.5110474631751227,,0.0,0.0,0.2832583441016141,OI_TREND;FUND_HOT;RESID;SHOCK;VOL;LONG_CROWD;LS_EXT,1.0,1.0,2026-04-20 03:00:00,2026-04-20 05:00:00
PIEVERSE,False,1776708000000,1776751200000,0.5222590536637599,0.5,True,0.1853518821603928,SHORT_COVER;FUND_COLD;VOL;LS_EXT,0.0,0.0,0.5222590536637599,OI_FLUSH;FUND_COLD;RESID;SHOCK;VOL;LS_EXT,True,0.13066012002182215,SHORT_COVER;FUND_COLD;VOL;LS_EXT,6.0,0.8026788696532517,0.08644776304411364,SHORT_COVER;VOL;LS_EXT,True,0.5110474631751227,,0.0,0.0,0.5222590536637599,OI_FLUSH;FUND_COLD;RESID;SHOCK;VOL;LS_EXT,1.0,2.0,2026-04-20 18:00:00,2026-04-21 06:00:00
PIEVERSE,False,1776819600000,1776859200000,0.2332194419159231,0.4583333333333333,True,0.1853518821603928,SHORT_COVER;VOL;LS_EXT,,,,,True,0.13066012002182215,SHORT_COVER;VOL;LS_EXT,,,,,True,0.5110474631751227,,0.0,0.0,0.2332194419159231,OI_FLUSH;LS_EXT,4.0,10.0,2026-04-22 01:00:00,2026-04-22 12:00:00
PIEVERSE,False,1777993200000,1778590800000,0.4057475528413643,6.916666666666667,False,0.1853518821603928,,,,,,False,0.13066012002182215,,,,,,False,0.5110474631751227,,,,,,61.0,130.0,2026-05-05 15:00:00,2026-05-12 13:00:00
PIEVERSE,False,1778655600000,1778731200000,0.2483173718938456,0.875,False,0.1853518821603928,,,,,,False,0.13066012002182215,,,,,,False,0.5110474631751227,,,,,,6.0,17.0,2026-05-13 07:00:00,2026-05-14 04:00:00
PIEVERSE,False,1779879600000,1780419600000,0.9539702392018865,6.25,False,0.1853518821603928,,124.0,0.4197429311804418,0.47505153504835745,OI_TREND;RESID;SHOCK;LS_EXT,False,0.13066012002182215,,124.0,0.4197429311804418,0.47505153504835745,OI_TREND;RESID;SHOCK;LS_EXT,False,0.5110474631751227,,123.0,0.3301929128170839,0.5662421277759214,RESID,123.0,125.0,2026-05-27 11:00:00,2026-06-02 17:00:00
PIEVERSE,False,1781179200000,1781294400000,0.20601443593704105,1.3333333333333333,False,0.1853518821603928,,23.0,0.47918277286976374,0.10247763166180013,FUND_HOT;LONG_CROWD,False,0.13066012002182215,,23.0,0.47918277286976374,0.10247763166180013,FUND_HOT;LONG_CROWD,False,0.5110474631751227,,3.0,0.3466707169840943,0.13018613372056284,SHOCK,3.0,25.0,2026-06-11 12:00:00,2026-06-12 20:00:00
PIEVERSE,False,1782392400000,1782615600000,0.4160834703757122,2.5833333333333335,False,0.1853518821603928,,48.0,0.7037409464999035,0.10856570941982294,FUND_HOT;LONG_CROWD;LS_EXT,False,0.13066012002182215,,48.0,0.7037409464999035,0.10856570941982294,FUND_HOT;LONG_CROWD;LS_EXT,False,0.5110474631751227,,0.0,0.0,0.4160834703757122,SHOCK,36.0,45.0,2026-06-25 13:00:00,2026-06-28 03:00:00
PIEVERSE,False,1784509200000,1785049200000,0.5835440629669466,6.25,False,0.1853518821603928,,51.0,0.17466461542399614,0.46137552171962437,FUND_HOT;LONG_CROWD,False,0.13066012002182215,,51.0,0.17466461542399614,0.46137552171962437,FUND_HOT;LONG_CROWD,True,0.5110474631751227,,10.0,0.060658217992670696,0.5400007879817357,FUND_HOT,147.0,148.0,2026-07-20 01:00:00,2026-07-26 07:00:00
PIEVERSE,False,1785466800000,1785736800000,0.3029878617341229,3.125,False,0.1853518821603928,,54.0,0.5313625338117446,0.13204936058325104,FUND_HOT;SHOCK,False,0.13066012002182215,,55.0,0.5775002988857437,0.11831016364661302,FUND_HOT;LONG_CROWD,True,0.5110474631751227,,0.0,0.0,0.3029878617341229,LS_EXT,21.0,46.0,2026-07-31 03:00:00,2026-08-03 06:00:00
PIEVERSE,False,1786546800000,1787018400000,0.33799989301646477,5.458333333333333,False,0.1853518821603928,,,,,,False,0.13066012002182215,,,,,,True,0.5110474631751227,,12.0,0.18868111133015686,0.2664737866694958,FUND_HOT,35.0,59.0,2026-08-12 15:00:00,2026-08-18 02:00:00
PIEVERSE,False,1787295600000,1787317200000,0.2014247991952114,0.25,False,0.1853518821603928,,,,,,False,0.13066012002182215,,,,,,False,0.5110474631751227,,1.0,0.28937292296529743,0.13929071074649393,SHOCK,2.0,2.0,2026-08-21 07:00:00,2026-08-21 13:00:00
PIEVERSE,False,1787529600000,1788030000000,0.2123311294568938,5.791666666666667,True,0.1853518821603928,FUND_HOT;SHOCK,,,,,False,0.13066012002182215,,,,,,True,0.5110474631751227,,136.0,0.9108758281997813,0.017308504806582106,FUND_HOT,10.0,12.0,2026-08-24 00:00:00,2026-08-29 19:00:00
PIEVERSE,False,1788548400000,1788840000000,0.29903902870747695,3.375,False,0.1853518821603928,,64.0,0.5090983585249697,0.13704413962626705,FUND_HOT;LONG_CROWD,False,0.13066012002182215,,64.0,0.5090983585249697,0.13704413962626705,FUND_HOT;LONG_CROWD,True,0.5110474631751227,,53.0,0.36226054638366695,0.18157517905747014,SHOCK,53.0,64.0,2026-09-04 19:00:00,2026-09-08 04:00:00
PIEVERSE,False,1789419600000,1789794000000,0.49008824102231197,4.333333333333333,False,0.1853518821603928,,95.0,0.8128707932759313,0.07748943824648315,FUND_HOT;RESID;VOL,False,0.13066012002182215,,95.0,0.8128707932759313,0.07748943824648315,FUND_HOT;RESID;VOL,True,0.5110474631751227,,52.0,0.03286451369311877,0.47068431203489336,SHOCK,70.0,90.0,2026-09-14 21:00:00,2026-09-19 05:00:00
PIEVERSE,False,1789830000000,1789905600000,0.28504528202925167,0.875,True,0.1853518821603928,RESID;SHOCK;VOL,2.0,0.28261719375707434,0.1971159300857115,OI_DIV;LS_EXT,True,0.13066012002182215,RESID;SHOCK;VOL,19.0,0.6520201992979602,0.09119260490658691,SHORT_COVER;SHOCK;LS_EXT,True,0.5110474631751227,,0.0,0.0,0.28504528202925167,VOL;LS_EXT,7.0,7.0,2026-09-19 15:00:00,2026-09-20 12:00:00
POL,False,1744005600000,1745499600000,0.37051066261249554,17.291666666666668,False,0.1935344827586207,,77.0,0.21049665120751096,0.2825347113326373,FUND_COLD;SHORT_CROWD;LS_EXT,False,0.05179597701149425,,361.0,0.5863128072275104,0.13926958587043042,OI_TREND;RESID;SHOCK,True,0.6549568965517242,,0.0,0.0,0.37051066261249554,SHOCK,59.0,361.0,2025-04-07 06:00:00,2025-04-24 13:00:00
POL,False,1750953600000,1753106400000,0.3840179609556945,24.916666666666668,True,0.1935344827586207,FUND_COLD;SHORT_CROWD,388.0,0.5152621065442434,0.1706221651935784,OI_FLUSH;SHOCK,False,0.05179597701149425,,,,,,True,0.6549568965517242,,96.0,0.2887833228065057,0.2600342480168487,RESID,99.0,305.0,2025-06-26 16:00:00,2025-07-21 14:00:00
POL,False,1754157600000,1755561600000,0.3388733150991112,16.25,True,0.1935344827586207,FUND_COLD;SHORT_CROWD,15.0,0.10912166760191229,0.29690887355986,FUND_COLD;SHORT_CROWD,False,0.05179597701149425,,65.0,0.44547212535550434,0.17565684744279905,FUND_COLD;RESID;SHORT_CROWD,True,0.6549568965517242,,13.0,0.09447533039671928,0.30246400814524405,FUND_COLD,58.0,103.0,2025-08-02 18:00:00,2025-08-19 00:00:00
POL,False,1755644400000,1756864800000,0.28703353243353213,14.125,True,0.1935344827586207,OI_TREND;VOL,269.0,0.751178408472825,0.06480069007325613,OI_TREND;RESID,True,0.05179597701149425,OI_TREND;VOL,269.0,0.751178408472825,0.06480069007325613,OI_TREND;RESID,True,0.6549568965517242,,63.0,0.15298297597222563,0.2382960253187377,SHOCK,115.0,256.0,2025-08-19 23:00:00,2025-09-03 02:00:00
POL,False,1767240000000,1768104000000,0.7983460254959817,10.0,True,0.1935344827586207,OI_DIV;COIL,183.0,0.49765015472543095,0.3428748568268279,OI_TREND;RESID,False,0.05179597701149425,,183.0,0.49765015472543095,0.3428748568268279,OI_TREND;RESID,True,0.6549568965517242,,18.0,0.10940530663952752,0.6865094240333808,RESID,84.0,188.0,2026-01-01 04:00:00,2026-01-11 04:00:00
POL,False,1769882400000,1770354000000,0.22301551211515327,5.458333333333333,False,0.1935344827586207,,125.0,0.7155643627904322,0.05893369290114716,FUND_COLD;SHORT_CROWD,False,0.05179597701149425,,127.0,0.6823059438021842,0.06604764657542664,FUND_COLD;SHOCK;SHORT_CROWD,True,0.6549568965517242,,2.0,0.08561032965407045,0.2021174074310296,FUND_COLD,7.0,45.0,2026-01-31 18:00:00,2026-02-06 05:00:00
POL,False,1770746400000,1771084800000,0.28868840634025994,3.9166666666666665,False,0.1935344827586207,,,,,,False,0.05179597701149425,,,,,,True,0.6549568965517242,,49.0,0.3670680100489647,0.17412988728981596,RESID,48.0,89.0,2026-02-10 18:00:00,2026-02-14 16:00:00
POL,False,1778918400000,1780531200000,0.28528463718170965,18.666666666666668,True,0.1935344827586207,OI_DIV;RESID,284.0,0.2017507344290885,0.22182392328454278,OI_DIV;LS_EXT,False,0.05179597701149425,,,,,,True,0.6549568965517242,,75.0,0.13697315241585206,0.24185055722867965,FUND_COLD,327.0,390.0,2026-05-16 08:00:00,2026-06-04 00:00:00
POL,False,1787274000000,1787385600000,0.4279528478791845,1.2916666666666667,True,0.1935344827586207,OI_FLUSH;VOL,1.0,0.03499556620668134,0.41026123270819326,SHORT_COVER;VOL,False,0.05179597701149425,,1.0,0.03499556620668134,0.41026123270819326,SHORT_COVER;VOL,True,0.6549568965517242,,0.0,0.0,0.4279528478791845,OI_FLUSH;VOL,21.0,26.0,2026-08-21 01:00:00,2026-08-22 08:00:00
POL,False,1787457600000,1787673600000,0.20202554628457697,2.5,True,0.1935344827586207,OI_TREND;VOL,4.0,0.2463364882093553,0.1487566488610951,OI_FLUSH;RESID;VOL,True,0.05179597701149425,OI_TREND;VOL,,,,,True,0.6549568965517242,,0.0,0.0,0.20202554628457697,VOL,5.0,29.0,2026-08-23 04:00:00,2026-08-25 16:00:00
POL,False,1788184800000,1789758000000,0.20613866557621915,18.208333333333332,False,0.1935344827586207,,0.0,0.0,0.20613866557621915,OI_FLUSH;RESID,False,0.05179597701149425,,,,,,True,0.6549568965517242,,0.0,0.0,0.20613866557621915,OI_FLUSH;RESID,14.0,129.0,2026-08-31 14:00:00,2026-09-18 19:00:00
POL,False,1790200800000,1790686800000,0.2395863663893082,5.625,False,0.1935344827586207,,,,,,False,0.05179597701149425,,,,,,True,0.6549568965517242,,2.0,0.041762306651297064,0.22851747099490974,FUND_COLD,18.0,38.0,2026-09-23 22:00:00,2026-09-29 13:00:00
PUMP,True,1749247200000,1749560400000,0.25128598220778925,3.625,True,0.5915673253860309,SHOCK,72.0,0.6026085427694889,0.0931724369229635,SHOCK,False,0.3111448915913273,,72.0,0.6026085427694889,0.0931724369229635,SHOCK,True,0.6942955436434914,,29.0,0.0879412325551284,0.22685975871665648,LS_EXT,64.0,72.0,2025-06-06 22:00:00,2025-06-10 13:00:00
PUMP,True,1752192000000,1752361200000,0.3641749329126238,1.9583333333333333,True,0.5915673253860309,RESID,0.0,0.0,0.3641749329126238,SHOCK,True,0.3111448915913273,RESID;SHOCK,34.0,0.3799790545935204,0.2123339442986753,SHOCK,True,0.6942955436434914,,0.0,0.0,0.3641749329126238,SHOCK,34.0,40.0,2025-07-11 00:00:00,2025-07-12 23:00:00
PUMP,True,1752573600000,1752620400000,0.22949961731660068,0.5416666666666666,True,0.5915673253860309,SHOCK,5.0,0.19327432949136544,0.1813707178039063,FUND_HOT,True,0.3111448915913273,SHOCK,7.0,0.4141988672908543,0.1286596447820722,FUND_HOT;SHOCK,True,0.6942955436434914,,5.0,0.19327432949136544,0.1813707178039063,FUND_HOT,7.0,10.0,2025-07-15 10:00:00,2025-07-15 23:00:00
PUMP,True,1753783200000,1753819200000,0.2888407215223493,0.4166666666666667,False,0.5915673253860309,,,,,,False,0.3111448915913273,,,,,,False,0.6942955436434914,,,,,,3.0,4.0,2025-07-29 10:00:00,2025-07-29 20:00:00
PUMP,True,1753862400000,1753948800000,0.3025819634593045,1.0,False,0.5915673253860309,,18.0,0.7672445347563336,0.06346084683421575,SHOCK,False,0.3111448915913273,,18.0,0.7672445347563336,0.06346084683421575,SHOCK,False,0.6942955436434914,,18.0,0.7672445347563336,0.06346084683421575,SHOCK,11.0,11.0,2025-07-30 08:00:00,2025-07-31 08:00:00
PUMP,True,1754085600000,1754607600000,0.36862498322679543,6.041666666666667,True,0.5915673253860309,SHOCK,,,,,True,0.3111448915913273,SHOCK,,,,,True,0.6942955436434914,,,,,,25.0,42.0,2025-08-01 22:00:00,2025-08-07 23:00:00
PUMP,True,1754841600000,1755032400000,0.3188267123374066,2.2083333333333335,False,0.5915673253860309,,45.0,0.6152505435858684,0.11235180973882533,OI_FLUSH,False,0.3111448915913273,,,,,,False,0.6942955436434914,,45.0,0.6152505435858684,0.11235180973882533,OI_FLUSH,15.0,16.0,2025-08-10 16:00:00,2025-08-12 21:00:00
PUMP,True,1756162800000,1756537200000,0.4104359773690374,4.333333333333333,False,0.5915673253860309,,87.0,0.8666246911927111,0.04693580497095329,RESID,False,0.3111448915913273,,87.0,0.8666246911927111,0.04693580497095329,RESID,True,0.6942955436434914,,87.0,0.8666246911927111,0.04693580497095329,RESID,20.0,55.0,2025-08-25 23:00:00,2025-08-30 07:00:00
PUMP,True,1756746000000,1757145600000,0.47187530599792704,4.625,False,0.5915673253860309,,,,,,False,0.3111448915913273,,,,,,True,0.6942955436434914,,,,,,13.0,52.0,2025-09-01 17:00:00,2025-09-06 08:00:00
PUMP,True,1757203200000,1757559600000,0.2895900337266518,4.125,False,0.5915673253860309,,,,,,False,0.3111448915913273,,,,,,False,0.6942955436434914,,20.0,0.329581563482774,0.18590209057956483,LS_EXT,20.0,77.0,2025-09-07 00:00:00,2025-09-11 03:00:00
PUMP,True,1757606400000,1757869200000,0.6166749252520222,3.0416666666666665,True,0.5915673253860309,VOL,3.0,0.056610640425927714,0.5733032421864617,VOL,False,0.3111448915913273,,53.0,0.6625313137737523,0.1759900015199506,RESID;SHOCK,True,0.6942955436434914,,0.0,0.0,0.6166749252520222,VOL,11.0,52.0,2025-09-11 16:00:00,2025-09-14 17:00:00
PUMP,True,1759222800000,1759431600000,0.309080775766852,2.4166666666666665,True,0.5915673253860309,COIL,46.0,0.761882188668816,0.06623219982402993,SHORT_COVER,False,0.3111448915913273,,46.0,0.761882188668816,0.06623219982402993,SHORT_COVER,True,0.6942955436434914,,46.0,0.761882188668816,0.06623219982402993,SHORT_COVER,9.0,10.0,2025-09-30 09:00:00,2025-10-02 19:00:00
PUMP,True,1760688000000,1760842800000,0.22063018167087622,1.7916666666666667,True,0.5915673253860309,OI_DIV,1.0,0.2056343350560475,0.17160020647335314,OI_TREND,False,0.3111448915913273,,1.0,0.2056343350560475,0.17160020647335314,OI_TREND,True,0.6942955436434914,,0.0,0.0,0.22063018167087622,OI_DIV,5.0,31.0,2025-10-17 08:00:00,2025-10-19 03:00:00
PUMP,True,1761170400000,1761768000000,0.525989361688414,6.916666666666667,False,0.5915673253860309,,165.0,0.9063103592630746,0.04039168997084404,RESID,False,0.3111448915913273,,165.0,0.9063103592630746,0.04039168997084404,RESID,True,0.6942955436434914,,0.0,0.0,0.525989361688414,LS_EXT,34.0,79.0,2025-10-22 22:00:00,2025-10-29 20:00:00
PUMP,True,1762614000000,1762830000000,0.24719855108851618,2.5,True,0.5915673253860309,SHOCK,59.0,0.9427916008715205,0.012717516799515308,SHOCK,True,0.3111448915913273,SHOCK,59.0,0.9427916008715205,0.012717516799515308,SHOCK,True,0.6942955436434914,,59.0,0.9427916008715205,0.012717516799515308,SHOCK,27.0,34.0,2025-11-08 15:00:00,2025-11-11 03:00:00
PUMP,True,1766541600000,1767740400000,0.4623516089312868,13.875,True,0.5915673253860309,OI_FLUSH,185.0,0.3501489743964454,0.2801447699379404,RESID,False,0.3111448915913273,,185.0,0.3501489743964454,0.2801447699379404,RESID,True,0.6942955436434914,,5.0,0.010139291470664471,0.4567274329375772,LS_EXT,177.0,209.0,2025-12-24 02:00:00,2026-01-06 23:00:00
PUMP,True,1768014000000,1768413600000,0.24226246566827866,4.625,True,0.5915673253860309,OI_TREND,5.0,0.10018121383468863,0.21555595234762515,OI_TREND,True,0.3111448915913273,OI_TREND,5.0,0.10018121383468863,0.21555595234762515,OI_TREND,True,0.6942955436434914,,5.0,0.10018121383468863,0.21555595234762515,OI_TREND,9.0,38.0,2026-01-10 03:00:00,2026-01-14 18:00:00
PUMP,True,1769367600000,1769590800000,0.3682275654118292,2.5833333333333335,True,0.5915673253860309,OI_TREND,1.0,0.015676737462813575,0.36151934811085734,FUND_COLD,True,0.3111448915913273,OI_TREND,33.0,0.6345393681335846,0.12139989589154665,RESID,True,0.6942955436434914,,1.0,0.015676737462813575,0.36151934811085734,FUND_COLD,21.0,32.0,2026-01-25 19:00:00,2026-01-28 09:00:00
PUMP,True,1770847200000,1771113600000,0.22939013082125492,3.0833333333333335,False,0.5915673253860309,,,,,,False,0.3111448915913273,,,,,,False,0.6942955436434914,,,,,,16.0,43.0,2026-02-11 22:00:00,2026-02-15 00:00:00
PUMP,True,1778004000000,1778295600000,0.2321335164712937,3.375,False,0.5915673253860309,,2.0,0.056847238404831586,0.21759856463623398,COIL,False,0.3111448915913273,,16.0,0.4009698180547549,0.13320045780090725,OI_TREND;LS_EXT,True,0.6942955436434914,,2.0,0.056847238404831586,0.21759856463623398,COIL,15.0,35.0,2026-05-05 18:00:00,2026-05-09 03:00:00
PUMP,True,1779966000000,1780542000000,0.23833311396145734,6.666666666666667,True,0.5915673253860309,SHOCK;LS_EXT,4.0,0.07121808959383118,0.21962348356969258,OI_DIV;LS_EXT,False,0.3111448915913273,,103.0,0.6071127726718855,0.08761368284529246,RESID,True,0.6942955436434914,,0.0,0.0,0.23833311396145734,LS_EXT,30.0,102.0,2026-05-28 11:00:00,2026-06-04 03:00:00
PUMP,True,1782403200000,1783407600000,0.3558248142486132,11.625,True,0.5915673253860309,OI_DIV;SHOCK,33.0,0.3744951066352677,0.20974541563616755,SHORT_COVER,False,0.3111448915913273,,33.0,0.3744951066352677,0.20974541563616755,SHORT_COVER,True,0.6942955436434914,,33.0,0.3744951066352677,0.20974541563616755,SHORT_COVER,24.0,47.0,2026-06-25 16:00:00,2026-07-07 07:00:00
PUMP,True,1784052000000,1784574000000,0.47965828677681877,6.041666666666667,True,0.5915673253860309,RESID,7.0,0.4035364933249455,0.26326680322153667,SHOCK,True,0.3111448915913273,RESID,7.0,0.4035364933249455,0.26326680322153667,SHOCK,True,0.6942955436434914,,7.0,0.4035364933249455,0.26326680322153667,SHOCK,7.0,45.0,2026-07-14 18:00:00,2026-07-20 19:00:00
PUMP,True,1785009600000,1785186000000,0.21572151813695353,2.0416666666666665,False,0.5915673253860309,,25.0,0.5135900400095329,0.09967449631796883,SHOCK,False,0.3111448915913273,,25.0,0.5135900400095329,0.09967449631796883,SHOCK,False,0.6942955436434914,,25.0,0.5135900400095329,0.09967449631796883,SHOCK,25.0,25.0,2026-07-25 20:00:00,2026-07-27 21:00:00
PUMP,True,1785355200000,1785934800000,0.394125749429365,6.708333333333333,True,0.5915673253860309,OI_FLUSH,2.0,0.0759044876931057,0.35940475028680124,OI_FLUSH,False,0.3111448915913273,,42.0,0.4849819673153293,0.18663760100558738,SHOCK,True,0.6942955436434914,,0.0,0.0,0.394125749429365,OI_FLUSH,40.0,44.0,2026-07-29 20:00:00,2026-08-05 13:00:00
PUMP,True,1786136400000,1786669200000,0.3521237097827519,6.166666666666667,False,0.5915673253860309,,51.0,0.6578070634482995,0.1087481197198947,FUND_COLD;SHORT_CROWD,False,0.3111448915913273,,59.0,0.7413218549152033,0.08116278085476336,OI_TREND,False,0.6942955436434914,,51.0,0.6578070634482995,0.1087481197198947,FUND_COLD;SHORT_CROWD,29.0,40.0,2026-08-07 21:00:00,2026-08-14 01:00:00
PUMP,True,1787176800000,1787486400000,0.5962106551903046,3.5833333333333335,False,0.5915673253860309,,4.0,0.21129459496811445,0.4460334617506099,SHOCK,False,0.3111448915913273,,4.0,0.21129459496811445,0.4460334617506099,SHOCK,False,0.6942955436434914,,4.0,0.21129459496811445,0.4460334617506099,SHOCK,15.0,40.0,2026-08-19 22:00:00,2026-08-23 12:00:00
PUMP,True,1788714000000,1788969600000,0.2619806935054443,2.9583333333333335,False,0.5915673253860309,,17.0,0.6353676073521646,0.08854676567723833,SHOCK,False,0.3111448915913273,,17.0,0.6353676073521646,0.08854676567723833,SHOCK,False,0.6942955436434914,,17.0,0.6353676073521646,0.08854676567723833,SHOCK,15.0,17.0,2026-09-06 17:00:00,2026-09-09 16:00:00
PUMP,True,1789520400000,1789707600000,0.22034576564310307,2.1666666666666665,False,0.5915673253860309,,,,,,False,0.3111448915913273,,,,,,False,0.6942955436434914,,,,,,12.0,26.0,2026-09-16 01:00:00,2026-09-18 05:00:00
PUMP,True,1790247600000,1790611200000,0.4173622935820534,4.208333333333333,True,0.5915673253860309,OI_DIV,4.0,0.03141782037173995,0.40191497887506694,COIL,False,0.3111448915913273,,41.0,0.4742102321209084,0.20128787626526223,RESID;LS_EXT,True,0.6942955436434914,,3.0,0.02557349455880065,0.40477567887433474,OI_DIV,38.0,42.0,2026-09-24 11:00:00,2026-09-28 16:00:00
PUMP,True,1790647200000,1790809200000,0.25160964312043493,1.875,True,0.5915673253860309,VOL,0.0,0.0,0.25160964312043493,VOL,True,0.3111448915913273,OI_TREND;RESID;SHOCK;VOL,9.0,0.7167493614198386,0.06563414653896708,SHOCK;VOL,True,0.6942955436434914,,0.0,0.0,0.25160964312043493,VOL,9.0,9.0,2026-09-29 02:00:00,2026-09-30 23:00:00
PYTH,False,1741748400000,1742986800000,0.21010648876689209,14.333333333333334,False,0.16760057471264367,,,,,,False,0.08706896551724137,,,,,,False,0.6118534482758621,,265.0,0.819761183700119,0.03497063010265214,OI_TREND,31.0,132.0,2025-03-12 03:00:00,2025-03-26 11:00:00
PYTH,False,1746594000000,1746810000000,0.456896627587717,2.5,False,0.16760057471264367,,55.0,0.7357972887504961,0.10453203332617106,RESID;SHOCK;VOL,False,0.08706896551724137,,55.0,0.7357972887504961,0.10453203332617106,RESID;SHOCK;VOL,False,0.6118534482758621,,0.0,0.0,0.456896627587717,RESID,49.0,54.0,2025-05-07 05:00:00,2025-05-09 17:00:00
PYTH,False,1750942800000,1751238000000,0.22564575696784428,3.4166666666666665,False,0.16760057471264367,,81.0,0.8340724213401253,0.03433729638162617,SHORT_COVER;SHOCK,False,0.08706896551724137,,81.0,0.8340724213401253,0.03433729638162617,SHORT_COVER;SHOCK,True,0.6118534482758621,,37.0,0.19539963808631325,0.177873046069667,LS_EXT,8.0,57.0,2025-06-26 13:00:00,2025-06-29 23:00:00
PYTH,False,1751961600000,1753106400000,0.45828286304638366,13.25,False,0.16760057471264367,,,,,,False,0.08706896551724137,,,,,,False,0.6118534482758621,,34.0,0.18163720295340918,0.361701798272117,COIL,62.0,200.0,2025-07-08 08:00:00,2025-07-21 14:00:00
PYTH,False,1756155600000,1756425600000,1.129136768281009,3.125,True,0.16760057471264367,OI_FLUSH;FUND_COLD,34.0,0.057788405297509275,1.0381549572380704,OI_DIV;COIL,False,0.08706896551724137,,64.0,0.4763799761884229,0.4854360372006114,OI_TREND;RESID;SHOCK;VOL;LS_EXT,True,0.6118534482758621,,0.0,0.0,1.129136768281009,FUND_COLD,64.0,65.0,2025-08-25 21:00:00,2025-08-29 00:00:00
PYTH,False,1760133600000,1760364000000,0.3044438721341419,2.6666666666666665,True,0.16760057471264367,OI_FLUSH;RESID;SHOCK,0.0,0.0,0.3044438721341419,OI_FLUSH;RESID;LS_EXT,False,0.08706896551724137,,1.0,0.3316800855612334,0.19437606431270357,OI_FLUSH;FUND_COLD;RESID;SHOCK;LS_EXT,True,0.6118534482758621,,0.0,0.0,0.3044438721341419,OI_FLUSH;RESID;LS_EXT,1.0,10.0,2025-10-10 22:00:00,2025-10-13 14:00:00
PYTH,False,1762200000000,1762545600000,0.2993744138414885,4.0,False,0.16760057471264367,,,,,,False,0.08706896551724137,,,,,,True,0.6118534482758621,,91.0,0.4836039134911744,0.14480614776666068,RESID,83.0,92.0,2025-11-03 20:00:00,2025-11-07 20:00:00
PYTH,False,1767204000000,1767700800000,0.2461378758609865,5.75,False,0.16760057471264367,,2.0,0.11333950433094499,0.2154432397136041,OI_DIV;FUND_COLD;SHORT_CROWD,False,0.08706896551724137,,,,,,True,0.6118534482758621,,1.0,0.06609386660279247,0.22814533685937363,OI_DIV,20.0,25.0,2025-12-31 18:00:00,2026-01-06 12:00:00
PYTH,False,1770343200000,1771088400000,0.42056041452981574,8.625,False,0.16760057471264367,,13.0,0.1762897458968793,0.3353116103772084,FUND_COLD;SHORT_CROWD;LS_EXT,False,0.08706896551724137,,202.0,0.7957422126229107,0.07433835977523542,FUND_COLD;RESID;SHORT_CROWD,True,0.6118534482758621,,10.0,0.12630721921505622,0.35894833726368036,OI_DIV,158.0,192.0,2026-02-06 02:00:00,2026-02-14 17:00:00
PYTH,False,1774785600000,1775772000000,0.24367836770578594,11.416666666666666,False,0.16760057471264367,,97.0,0.25847254743650755,0.17551626218847444,OI_DIV;VOL,False,0.08706896551724137,,98.0,0.3409850279297674,0.15455344886353725,OI_TREND;SHOCK;VOL,False,0.6118534482758621,,41.0,0.14925407567187005,0.203850377744923,COIL,98.0,114.0,2026-03-29 12:00:00,2026-04-09 22:00:00
PYTH,False,1777698000000,1778299200000,0.31869483557480593,6.958333333333333,False,0.16760057471264367,,165.0,0.9014227598632011,0.02764590039498185,OI_TREND;RESID;VOL,False,0.08706896551724137,,165.0,0.9014227598632011,0.02764590039498185,OI_TREND;RESID;VOL,True,0.6118534482758621,,156.0,0.7035814380348699,0.08545794604534122,RESID;SHOCK,100.0,147.0,2026-05-02 05:00:00,2026-05-09 04:00:00
PYTH,False,1780970400000,1781532000000,0.2802301231209711,6.5,False,0.16760057471264367,,53.0,0.4863852612259923,0.13528452880998457,OI_TREND;SHOCK,False,0.08706896551724137,,53.0,0.4863852612259923,0.13528452880998457,OI_TREND;SHOCK,False,0.6118534482758621,,35.0,0.23362181679973032,0.2084347751248053,SHOCK,49.0,51.0,2026-06-09 02:00:00,2026-06-15 14:00:00
PYTH,False,1782446400000,1782828000000,0.31570995112742484,4.416666666666667,False,0.16760057471264367,,105.0,0.8551990596958802,0.040529753356972884,OI_TREND;SHOCK;VOL,False,0.08706896551724137,,105.0,0.8551990596958802,0.040529753356972884,OI_TREND;SHOCK;VOL,True,0.6118534482758621,,81.0,0.5729290414300431,0.1243197600368047,RESID,69.0,77.0,2026-06-26 04:00:00,2026-06-30 14:00:00
PYTH,False,1783159200000,1783940400000,0.3055055748226223,9.041666666666666,False,0.16760057471264367,,,,,,False,0.08706896551724137,,,,,,True,0.6118534482758621,,47.0,0.534376898953906,0.13216376627134607,RESID,27.0,47.0,2026-07-04 10:00:00,2026-07-13 11:00:00
PYTH,False,1787151600000,1787371200000,0.20265172937237438,2.5416666666666665,False,0.16760057471264367,,61.0,1.0,0.0,RESID;VOL;LS_EXT,False,0.08706896551724137,,61.0,1.0,0.0,RESID;VOL;LS_EXT,True,0.6118534482758621,,32.0,0.25380091439984526,0.14762580560223534,SHORT_COVER,10.0,39.0,2026-08-19 15:00:00,2026-08-22 04:00:00
PYTH,False,1788148800000,1788361200000,0.2804668581029598,2.4583333333333335,False,0.16760057471264367,,48.0,0.7847792873412187,0.05464886870865932,OI_TREND;RESID,False,0.08706896551724137,,48.0,0.7847792873412187,0.05464886870865932,OI_TREND;RESID,True,0.6118534482758621,,0.0,0.0,0.2804668581029598,FUND_COLD,22.0,44.0,2026-08-31 04:00:00,2026-09-02 15:00:00
PYTH,False,1789160400000,1790492400000,0.5795440065737667,15.416666666666666,False,0.16760057471264367,,136.0,0.1865613782692373,0.45041865458373176,FUND_COLD;SHORT_CROWD,False,0.08706896551724137,,263.0,0.35385257823988225,0.34363332105841377,OI_TREND;FUND_COLD;VOL;SHORT_CROWD,True,0.6118534482758621,,0.0,0.0,0.5795440065737667,FUND_COLD,150.0,306.0,2026-09-11 21:00:00,2026-09-27 07:00:00
QNT,False,1745334000000,1746399600000,0.31076148280208676,12.333333333333334,False,0.21508620689655172,,30.0,0.20567826205582498,0.23979992743611175,SHORT_COVER;RESID,False,0.12895114942528735,,30.0,0.20567826205582498,0.23979992743611175,SHORT_COVER;RESID,True,0.6441091954022988,,0.0,0.0,0.31076148280208676,LS_EXT,47.0,221.0,2025-04-22 15:00:00,2025-05-04 23:00:00
QNT,False,1748268000000,1748426400000,0.2822415976540209,1.8333333333333333,False,0.21508620689655172,,8.0,0.4637900559599987,0.14260077315478845,OI_TREND;RESID;LS_EXT,False,0.12895114942528735,,8.0,0.4637900559599987,0.14260077315478845,OI_TREND;RESID;LS_EXT,False,0.6441091954022988,,7.0,0.3944043462231061,0.162481577458471,RESID,6.0,12.0,2025-05-26 14:00:00,2025-05-28 10:00:00
QNT,False,1752548400000,1753146000000,0.21827547427089944,6.916666666666667,False,0.21508620689655172,,166.0,1.0,0.0,RESID;SHOCK;VOL,False,0.12895114942528735,,166.0,1.0,0.0,RESID;SHOCK;VOL,True,0.6441091954022988,,42.0,0.24321122329548128,0.16115777103008708,OI_DIV,81.0,153.0,2025-07-15 03:00:00,2025-07-22 01:00:00
QNT,False,1762200000000,1762545600000,0.2916291190345744,4.0,False,0.21508620689655172,,44.0,0.6772788376428392,0.08609178512088847,FUND_COLD;RESID;VOL;SHORT_CROWD,False,0.12895114942528735,,44.0,0.6772788376428392,0.08609178512088847,FUND_COLD;RESID;VOL;SHORT_CROWD,True,0.6441091954022988,,9.0,0.07260775446079216,0.26785141388208933,SHOCK,39.0,42.0,2025-11-03 20:00:00,2025-11-07 20:00:00
QNT,False,1763622000000,1764115200000,0.21883016481080228,5.708333333333333,False,0.21508620689655172,,,,,,False,0.12895114942528735,,,,,,False,0.6441091954022988,,134.0,0.8820188495258022,0.02362215461950869,RESID,56.0,121.0,2025-11-20 07:00:00,2025-11-26 00:00:00
QNT,False,1764280800000,1764630000000,0.28854534570072055,4.041666666666667,False,0.21508620689655172,,62.0,0.9277378978006139,0.01848828098427392,OI_TREND;VOL,False,0.12895114942528735,,62.0,0.9277378978006139,0.01848828098427392,OI_TREND;VOL,True,0.6441091954022988,,17.0,0.6372151255432265,0.0963330543039741,RESID;SHOCK,16.0,17.0,2025-11-27 22:00:00,2025-12-01 23:00:00
QNT,False,1768446000000,1768842000000,0.2246753615835353,4.583333333333333,False,0.21508620689655172,,43.0,0.3853885997129124,0.13265774285614895,RESID;SHOCK;LS_EXT,False,0.12895114942528735,,43.0,0.3853885997129124,0.13265774285614895,RESID;SHOCK;LS_EXT,True,0.6441091954022988,,36.0,0.04354150710813146,0.21391538179500694,LS_EXT,43.0,49.0,2026-01-15 03:00:00,2026-01-19 17:00:00
QNT,False,1769871600000,1771102800000,0.3305877456210947,14.25,False,0.21508620689655172,,11.0,0.3483209113797601,0.20458255033961173,SHORT_COVER;RESID,False,0.12895114942528735,,11.0,0.3483209113797601,0.20458255033961173,SHORT_COVER;RESID,True,0.6441091954022988,,9.0,0.2907229507615396,0.22456324885187004,OI_FLUSH,10.0,135.0,2026-01-31 15:00:00,2026-02-14 21:00:00
QNT,False,1773248400000,1774008000000,0.3135875994781081,8.791666666666666,True,0.21508620689655172,OI_DIV;COIL,174.0,0.597304660427381,0.11609947366110482,RESID;SHOCK;VOL;LS_EXT,False,0.12895114942528735,,174.0,0.597304660427381,0.11609947366110482,RESID;SHOCK;VOL;LS_EXT,True,0.6441091954022988,,0.0,0.0,0.3135875994781081,COIL,157.0,173.0,2026-03-11 17:00:00,2026-03-20 12:00:00
QNT,False,1777953600000,1778940000000,0.30632487662499236,11.416666666666666,True,0.21508620689655172,OI_DIV;COIL,37.0,0.170108207066359,0.24827403276877366,SHORT_COVER;RESID;LS_EXT,False,0.12895114942528735,,37.0,0.170108207066359,0.24827403276877366,SHORT_COVER;RESID;LS_EXT,True,0.6441091954022988,,0.0,0.0,0.30632487662499236,RESID,66.0,102.0,2026-05-05 04:00:00,2026-05-16 14:00:00
QNT,False,1779962400000,1780786800000,0.2080939264045535,9.541666666666666,False,0.21508620689655172,,19.0,0.21327655441384163,0.16035411391140533,SHORT_COVER;FUND_COLD,False,0.12895114942528735,,19.0,0.21327655441384163,0.16035411391140533,SHORT_COVER;FUND_COLD,False,0.6441091954022988,,6.0,0.06054619076681682,0.1943450563312145,FUND_COLD,111.0,119.0,2026-05-28 10:00:00,2026-06-06 23:00:00
QNT,False,1790010000000,1790481600000,1.9114002556660457,5.458333333333333,False,0.21508620689655172,,19.0,0.0937137232066678,1.6339601331912996,OI_TREND;RESID;SHOCK;VOL,False,0.12895114942528735,,19.0,0.0937137232066678,1.6339601331912996,OI_TREND;RESID;SHOCK;VOL,False,0.6441091954022988,,14.0,0.025820745665583327,1.8321643923436288,VOL,77.0,117.0,2026-09-21 17:00:00,2026-09-27 04:00:00
QNT,False,1790510400000,1790546400000,1.160130036770736,0.4166666666666667,True,0.21508620689655172,OI_TREND;RESID;SHOCK;VOL;LS_EXT,3.0,0.14017871675623317,0.9390675263408872,OI_TREND;RESID;SHOCK;VOL;LS_EXT,True,0.12895114942528735,OI_TREND;RESID;SHOCK;VOL;LS_EXT,3.0,0.14017871675623317,0.9390675263408872,OI_TREND;RESID;SHOCK;VOL;LS_EXT,True,0.6441091954022988,,0.0,0.0,1.160130036770736,OI_TREND;RESID;VOL;LS_EXT,9.0,10.0,2026-09-27 12:00:00,2026-09-27 22:00:00
QNT,False,1790643600000,1790665200000,0.25881433111896296,0.25,True,0.21508620689655172,OI_FLUSH;FUND_COLD;RESID;VOL,,,,,True,0.12895114942528735,SHORT_COVER;FUND_COLD;SHOCK;VOL,,,,,True,0.6441091954022988,,0.0,0.0,0.25881433111896296,VOL,1.0,2.0,2026-09-29 01:00:00,2026-09-29 07:00:00
QNT,False,1790690400000,1790766000000,0.323568174871195,0.875,True,0.21508620689655172,OI_FLUSH;FUND_COLD;RESID;VOL,,,,,True,0.12895114942528735,SHORT_COVER;FUND_COLD;SHOCK;VOL,,,,,True,0.6441091954022988,,0.0,0.0,0.323568174871195,VOL,4.0,11.0,2026-09-29 14:00:00,2026-09-30 11:00:00
RENDER,False,1741651200000,1742950800000,0.4235056132750936,15.041666666666666,True,0.20222701149425287,OI_DIV;SHOCK,0.0,0.0,0.4235056132750936,FUND_COLD;SHOCK;SHORT_CROWD,True,0.09446839080459771,OI_DIV;SHOCK,18.0,0.2118501361885823,0.3209002427946785,SHORT_COVER;SHOCK,True,0.6978448275862069,,0.0,0.0,0.4235056132750936,FUND_COLD;SHOCK;SHORT_CROWD,36.0,284.0,2025-03-11 00:00:00,2025-03-26 01:00:00
RENDER,False,1744005600000,1744513200000,0.4012404437115883,5.875,False,0.20222701149425287,,12.0,0.2671896761436438,0.2804599304266652,SHORT_COVER;FUND_COLD,False,0.09446839080459771,,12.0,0.2671896761436438,0.2804599304266652,SHORT_COVER;FUND_COLD,True,0.6978448275862069,,0.0,0.0,0.4012404437115883,SHOCK,18.0,59.0,2025-04-07 06:00:00,2025-04-13 03:00:00
RENDER,False,1744822800000,1745197200000,0.23242464693531945,4.333333333333333,False,0.20222701149425287,,,,,,False,0.09446839080459771,,,,,,True,0.6978448275862069,,0.0,0.0,0.23242464693531945,LS_EXT,14.0,23.0,2025-04-16 17:00:00,2025-04-21 01:00:00
RENDER,False,1746633600000,1746914400000,0.25198438699729914,3.25,False,0.20222701149425287,,,,,,False,0.09446839080459771,,,,,,True,0.6978448275862069,,4.0,0.0695016108635179,0.23258146102953184,OI_FLUSH,16.0,39.0,2025-05-07 16:00:00,2025-05-10 22:00:00
RENDER,False,1750953600000,1753106400000,0.43020705116011754,24.916666666666668,False,0.20222701149425287,,279.0,0.15136729524695708,0.3548044093434337,OI_DIV;COIL,False,0.09446839080459771,,,,,,True,0.6978448275862069,,24.0,0.21564870571962924,0.32399803331149096,RESID,78.0,457.0,2025-06-26 16:00:00,2025-07-21 14:00:00
RENDER,False,1760130000000,1760169600000,0.3523886423601857,0.4583333333333333,True,0.20222701149425287,OI_DIV;FUND_COLD;SHOCK;VOL;SHORT_CROWD,0.0,0.0,0.3523886423601857,OI_DIV;FUND_COLD;RESID;SHOCK;VOL;SHORT_CROWD,False,0.09446839080459771,,,,,,True,0.6978448275862069,,0.0,0.0,0.3523886423601857,OI_DIV;FUND_COLD;RESID;SHOCK;VOL;SHORT_CROWD,1.0,2.0,2025-10-10 21:00:00,2025-10-11 08:00:00
RENDER,False,1760212800000,1760392800000,0.2661484958913855,2.0833333333333335,True,0.20222701149425287,OI_FLUSH;RESID;VOL;LS_EXT,0.0,0.0,0.2661484958913855,OI_FLUSH;RESID;VOL;LS_EXT,False,0.09446839080459771,,1.0,0.056633504094586326,0.24933981006375946,SHORT_COVER;RESID;VOL;LS_EXT,True,0.6978448275862069,,0.0,0.0,0.2661484958913855,OI_FLUSH;RESID;VOL;LS_EXT,19.0,21.0,2025-10-11 20:00:00,2025-10-13 22:00:00
RENDER,False,1762304400000,1762538400000,0.4574559577464673,2.7083333333333335,False,0.20222701149425287,,,,,,False,0.09446839080459771,,,,,,True,0.6978448275862069,,9.0,0.028667313359669794,0.4418019153627758,OI_DIV,53.0,62.0,2025-11-05 01:00:00,2025-11-07 18:00:00
RENDER,False,1766106000000,1767697200000,0.9609059044793947,18.416666666666668,False,0.20222701149425287,,344.0,0.3128598621961912,0.5883959622377067,RESID;SHOCK;LS_EXT,False,0.09446839080459771,,344.0,0.3128598621961912,0.5883959622377067,RESID;SHOCK;LS_EXT,True,0.6978448275862069,,18.0,0.1430511232918081,0.7808218966213762,RESID,344.0,381.0,2025-12-19 01:00:00,2026-01-06 11:00:00
RENDER,False,1767873600000,1768158000000,0.2626809694723261,3.2916666666666665,True,0.20222701149425287,OI_DIV;VOL,79.0,1.0,0.0,OI_TREND;RESID,True,0.09446839080459771,OI_TREND;RESID;VOL,79.0,1.0,0.0,OI_TREND;RESID,True,0.6978448275862069,,3.0,0.41099238002674543,0.14726230093168924,SHOCK,3.0,34.0,2026-01-08 12:00:00,2026-01-11 19:00:00
RENDER,False,1772730000000,1773536400000,0.4274788762094298,9.333333333333334,True,0.20222701149425287,FUND_COLD;SHORT_CROWD,45.0,0.2142339607843146,0.32268251751729277,OI_TREND;COIL;LS_EXT,True,0.09446839080459771,SHOCK;SHORT_CROWD,45.0,0.2142339607843146,0.32268251751729277,OI_TREND;COIL;LS_EXT,True,0.6978448275862069,,26.0,0.14573112823812134,0.3553269524619173,OI_FLUSH,112.0,161.0,2026-03-05 17:00:00,2026-03-15 01:00:00
RENDER,False,1774260000000,1775638800000,0.27263551575578604,15.958333333333334,False,0.20222701149425287,,257.0,0.8632331888459136,0.033522742227751874,OI_TREND;RESID,False,0.09446839080459771,,257.0,0.8632331888459136,0.033522742227751874,OI_TREND;RESID,False,0.6978448275862069,,24.0,0.24872790397935865,0.19856398276345297,SHORT_COVER,20.0,48.0,2026-03-23 10:00:00,2026-04-08 09:00:00
RENDER,False,1779519600000,1779811200000,0.3104553129075047,3.375,True,0.20222701149425287,OI_DIV;VOL,54.0,0.5178136132369979,0.13925093585707496,OI_TREND;RESID,True,0.09446839080459771,OI_TREND;VOL,54.0,0.5178136132369979,0.13925093585707496,OI_TREND;RESID,True,0.6978448275862069,,0.0,0.0,0.3104553129075047,RESID;VOL,18.0,54.0,2026-05-23 07:00:00,2026-05-26 16:00:00
RENDER,False,1780099200000,1780531200000,0.28967684365439733,5.0,False,0.20222701149425287,,,,,,False,0.09446839080459771,,,,,,True,0.6978448275862069,,0.0,0.0,0.28967684365439733,OI_FLUSH,30.0,74.0,2026-05-30 00:00:00,2026-06-04 00:00:00
RENDER,False,1789570800000,1790496000000,0.4512299943753011,10.708333333333334,True,0.20222701149425287,FUND_COLD;SHORT_CROWD,3.0,0.05918307493648538,0.4195941387371919,FUND_COLD;SHORT_CROWD,False,0.09446839080459771,,104.0,0.6180191486782101,0.15286949772612363,OI_TREND;RESID,True,0.6978448275862069,,1.0,0.0194251709882415,0.44076945175662213,FUND_COLD,33.0,97.0,2026-09-16 15:00:00,2026-09-27 08:00:00
SEI,False,1744005600000,1744624800000,0.2385395756373275,7.166666666666667,False,0.22665229885057472,,0.0,0.0,0.2385395756373275,SHOCK;SHORT_CROWD,False,0.09403735632183909,,59.0,0.337626285875988,0.15223501252484983,OI_DIV;SHOCK,False,0.6209770114942529,,0.0,0.0,0.2385395756373275,SHOCK;SHORT_CROWD,11.0,120.0,2025-04-07 06:00:00,2025-04-14 10:00:00
SEI,False,1744934400000,1746093600000,0.20624232463561723,13.416666666666666,True,0.22665229885057472,OI_DIV;SHORT_CROWD,,,,,False,0.09403735632183909,,,,,,True,0.6209770114942529,,150.0,0.3101884124919631,0.1380844910092436,OI_FLUSH,84.0,159.0,2025-04-18 00:00:00,2025-05-01 10:00:00
SEI,False,1746594000000,1746914400000,0.3051969139277107,3.7083333333333335,False,0.22665229885057472,,,,,,False,0.09403735632183909,,,,,,True,0.6209770114942529,,11.0,0.010654298776259515,0.3014982580476796,FUND_COLD,37.0,56.0,2025-05-07 05:00:00,2025-05-10 22:00:00
SEI,False,1750172400000,1750521600000,0.42323605287495386,4.041666666666667,False,0.22665229885057472,,9.0,0.12094225749033194,0.36376417555504376,OI_DIV;SHORT_CROWD,False,0.09403735632183909,,13.0,0.17790290057088978,0.33662175351513046,OI_TREND;SHORT_CROWD,True,0.6209770114942529,,0.0,0.0,0.42323605287495386,RESID,31.0,53.0,2025-06-17 15:00:00,2025-06-21 16:00:00
SEI,False,1750579200000,1750816800000,0.6065133710501283,2.75,True,0.22665229885057472,VOL;SHORT_CROWD,1.0,0.005241172775878785,0.6025266815910192,OI_FLUSH;VOL,True,0.09403735632183909,OI_TREND;RESID;VOL;SHORT_CROWD,45.0,0.6933749301156503,0.1564565001753726,RESID;SHOCK;VOL,True,0.6209770114942529,,0.0,0.0,0.6065133710501283,RESID;VOL,37.0,41.0,2025-06-22 08:00:00,2025-06-25 02:00:00
SEI,False,1750960800000,1751184000000,0.23547307894428754,2.5833333333333335,True,0.22665229885057472,VOL;SHORT_CROWD,,,,,True,0.09403735632183909,OI_TREND;VOL;SHORT_CROWD,,,,,True,0.6209770114942529,,8.0,0.421519463173536,0.13011793928995774,SHOCK,8.0,10.0,2025-06-26 18:00:00,2025-06-29 08:00:00
SEI,False,1751954400000,1752228000000,0.2869919457809588,3.1666666666666665,False,0.22665229885057472,,74.0,0.853488695312245,0.0376576630696897,OI_TREND;SHOCK;LS_EXT,False,0.09403735632183909,,74.0,0.853488695312245,0.0376576630696897,OI_TREND;SHOCK;LS_EXT,False,0.6209770114942529,,58.0,0.3328491396175443,0.1833238248257993,LS_EXT,56.0,64.0,2025-07-08 06:00:00,2025-07-11 10:00:00
SEI,False,1752447600000,1752598800000,0.22658138272311568,1.75,False,0.22665229885057472,,,,,,False,0.09403735632183909,,,,,,True,0.6209770114942529,,,,,,3.0,29.0,2025-07-13 23:00:00,2025-07-15 17:00:00
SEI,False,1754157600000,1754740800000,0.22262481540956536,6.75,False,0.22665229885057472,,65.0,0.6337910599953905,0.07638479071060676,FUND_COLD;SHORT_CROWD,False,0.09403735632183909,,,,,,False,0.6209770114942529,,58.0,0.48547580485977276,0.1089563874337176,SHORT_CROWD,43.0,46.0,2025-08-02 18:00:00,2025-08-09 12:00:00
SEI,False,1756764000000,1757764800000,0.22733798220914206,11.583333333333334,False,0.22665229885057472,,,,,,False,0.09403735632183909,,,,,,False,0.6209770114942529,,15.0,0.13429470035419636,0.19403417553749996,SHOCK,125.0,167.0,2025-09-01 22:00:00,2025-09-13 12:00:00
SEI,False,1762239600000,1762603200000,0.25959644054789727,4.208333333333333,True,0.22665229885057472,OI_DIV;RESID;SHORT_CROWD,,,,,False,0.09403735632183909,,,,,,True,0.6209770114942529,,0.0,0.0,0.25959644054789727,RESID,32.0,81.0,2025-11-04 07:00:00,2025-11-08 12:00:00
SEI,False,1778004000000,1778436000000,0.3109538565797858,5.0,False,0.22665229885057472,,70.0,0.3648776918555375,0.18763334959304245,OI_TREND;RESID,False,0.09403735632183909,,70.0,0.3648776918555375,0.18763334959304245,OI_TREND;RESID,False,0.6209770114942529,,70.0,0.3648776918555375,0.18763334959304245,OI_TREND;RESID,70.0,78.0,2026-05-05 18:00:00,2026-05-10 18:00:00
SEI,False,1779235200000,1779987600000,0.23915470747797285,8.708333333333334,False,0.22665229885057472,,166.0,0.5226241706562986,0.10778601357788828,OI_TREND;RESID,False,0.09403735632183909,,166.0,0.5226241706562986,0.10778601357788828,OI_TREND;RESID,False,0.6209770114942529,,80.0,0.05954080309254277,0.2234346099670202,FUND_COLD,44.0,165.0,2026-05-20 00:00:00,2026-05-28 17:00:00
SEI,False,1781125200000,1782406800000,0.29247135749776676,14.833333333333334,False,0.22665229885057472,,347.0,0.9485820158355855,0.013278993941268741,OI_TREND;RESID,False,0.09403735632183909,,347.0,0.9485820158355855,0.013278993941268741,OI_TREND;RESID,False,0.6209770114942529,,321.0,0.47172750273881503,0.1451453438650266,COIL,37.0,57.0,2026-06-10 21:00:00,2026-06-25 17:00:00
SEI,False,1789570800000,1789984800000,0.37535192648803006,4.791666666666667,False,0.22665229885057472,,4.0,0.05121112419346639,0.3530863464944392,SHORT_CROWD;COIL,False,0.09403735632183909,,102.0,0.6172569888769058,0.12973590064558593,OI_TREND;RESID,True,0.6209770114942529,,4.0,0.05121112419346639,0.3530863464944392,SHORT_CROWD;COIL,37.0,101.0,2026-09-16 15:00:00,2026-09-21 10:00:00
SEI,False,1790024400000,1790557200000,0.47092707942675616,6.166666666666667,True,0.22665229885057472,OI_TREND;RESID;VOL,95.0,0.6381910111022019,0.14983621270321548,OI_TREND;RESID,True,0.09403735632183909,OI_TREND;RESID;VOL,95.0,0.6381910111022019,0.14983621270321548,OI_TREND;RESID,True,0.6209770114942529,,0.0,0.0,0.47092707942675616,VOL,83.0,92.0,2026-09-21 21:00:00,2026-09-28 01:00:00
SHIB,False,1746648000000,1747044000000,0.2666023104821845,4.583333333333333,False,0.16630747126436782,,36.0,0.46927790000051045,0.13363556607970367,OI_TREND;RESID;VOL,False,0.0757183908045977,,36.0,0.46927790000051045,0.13363556607970367,OI_TREND;RESID;VOL,False,0.6890086206896552,,24.0,0.28892910816222167,0.18299936778151663,RESID,35.0,38.0,2025-05-07 20:00:00,2025-05-12 10:00:00
SHIB,False,1750626000000,1753110000000,0.29301260881713853,28.75,False,0.16630747126436782,,149.0,0.14238196542743872,0.24655814180567437,OI_TREND;COIL,False,0.0757183908045977,,149.0,0.14238196542743872,0.24655814180567437,OI_TREND;COIL,True,0.6890086206896552,,1.0,0.02665258761964307,0.2841869657208165,SHOCK,32.0,569.0,2025-06-22 21:00:00,2025-07-21 15:00:00
SHIB,False,1767204000000,1767628800000,0.319954750050258,4.916666666666667,True,0.16630747126436782,SHORT_CROWD;COIL,42.0,0.3792823190064872,0.18804565338839405,SHORT_COVER;RESID;SHOCK,False,0.0757183908045977,,42.0,0.3792823190064872,0.18804565338839405,SHORT_COVER;RESID;SHOCK,True,0.6890086206896552,,23.0,0.19333299401863427,0.25098183187104783,RESID,39.0,46.0,2025-12-31 18:00:00,2026-01-05 16:00:00
SHIB,False,1769882400000,1771106400000,0.24124975181816283,14.166666666666666,False,0.16630747126436782,,70.0,0.32200100778130364,0.15780767952507538,SHOCK;SHORT_CROWD,False,0.0757183908045977,,71.0,0.2968434311244857,0.1641198514586231,OI_TREND;SHORT_CROWD,True,0.6890086206896552,,0.0,0.0,0.24124975181816283,FUND_COLD,45.0,107.0,2026-01-31 18:00:00,2026-02-14 22:00:00
SHIB,False,1784858400000,1785045600000,0.4056183867481201,2.1666666666666665,False,0.16630747126436782,,37.0,0.46019964785374656,0.20176317080659942,OI_TREND;RESID;SHOCK;VOL,False,0.0757183908045977,,37.0,0.46019964785374656,0.20176317080659942,OI_TREND;RESID;SHOCK;VOL,False,0.6890086206896552,,22.0,0.09690050044862883,0.36000029185102916,RESID,37.0,38.0,2026-07-24 02:00:00,2026-07-26 06:00:00
SKY,False,1762254000000,1762945200000,0.20970518841230706,8.0,True,0.22847533632286995,OI_DIV;SHORT_CROWD,0.0,0.0,0.20970518841230706,OI_DIV;FUND_COLD;SHORT_CROWD,True,0.08576233183856502,OI_TREND;SHOCK;SHORT_CROWD,191.0,0.8075052097000636,0.03732628178631527,OI_TREND;RESID;SHOCK,True,0.712780269058296,,0.0,0.0,0.20970518841230706,OI_DIV;FUND_COLD;SHORT_CROWD,6.0,87.0,2025-11-04 11:00:00,2025-11-12 11:00:00
SKY,False,1764172800000,1764684000000,0.3099561183128094,5.916666666666667,False,0.22847533632286995,,104.0,0.7901727885329831,0.05828747541704165,FUND_COLD;SHOCK,False,0.08576233183856502,,,,,,False,0.712780269058296,,45.0,0.6498547723202925,0.09914981362711889,RESID;SHOCK,25.0,44.0,2025-11-26 16:00:00,2025-12-02 14:00:00
SKY,False,1765188000000,1766696400000,0.3518453372404727,17.458333333333332,False,0.22847533632286995,,187.0,0.47826185550575046,0.17033343888128827,FUND_COLD;SHORT_CROWD,False,0.08576233183856502,,,,,,False,0.712780269058296,,34.0,0.027382616324495967,0.34073171706872063,FUND_COLD,110.0,152.0,2025-12-08 10:00:00,2025-12-25 21:00:00
SKY,False,1768248000000,1771009200000,0.6878332926459324,31.958333333333332,False,0.22847533632286995,,202.0,0.2698721622701933,0.46547911028739475,OI_DIV;COIL,False,0.08576233183856502,,587.0,0.7778344192447567,0.1233233884087935,OI_TREND;VOL,False,0.712780269058296,,27.0,0.056646671601164364,0.6385212827750545,SHOCK,158.0,413.0,2026-01-12 20:00:00,2026-02-13 19:00:00
SKY,False,1771376400000,1773367200000,0.27830671630654363,23.041666666666668,True,0.22847533632286995,OI_FLUSH;FUND_COLD;RESID,498.0,0.7562354108492314,0.06168053302778877,OI_DIV;SHOCK,False,0.08576233183856502,,,,,,True,0.712780269058296,,0.0,0.0,0.27830671630654363,OI_FLUSH;FUND_COLD;RESID,10.0,194.0,2026-02-18 01:00:00,2026-03-13 02:00:00
SKY,False,1780196400000,1780534800000,0.23157674094054612,3.9166666666666665,True,0.22847533632286995,OI_DIV;COIL,16.0,0.2286007962233607,0.17430771034478187,OI_TREND;RESID,False,0.08576233183856502,,16.0,0.2286007962233607,0.17430771034478187,OI_TREND;RESID,True,0.712780269058296,,13.0,0.1714939747484597,0.18835960271417,OI_TREND,20.0,27.0,2026-05-31 03:00:00,2026-06-04 01:00:00
SKY,False,1782568800000,1783044000000,0.22373267303597588,5.5,True,0.22847533632286995,FUND_COLD;SHORT_CROWD,3.0,0.07628248926756383,0.2050293002414316,FUND_COLD;SHORT_CROWD,False,0.08576233183856502,,126.0,0.8471039919507444,0.03135202187061447,OI_TREND;RESID,True,0.712780269058296,,2.0,0.022476186243188756,0.21819186861724846,FUND_COLD,47.0,61.0,2026-06-27 14:00:00,2026-07-03 02:00:00
SKY,False,1790071200000,1790564400000,0.30511643169907415,5.708333333333333,False,0.22847533632286995,,27.0,0.44579818296583523,0.15902560033260743,OI_TREND;RESID,False,0.08576233183856502,,27.0,0.44579818296583523,0.15902560033260743,OI_TREND;RESID,True,0.712780269058296,,23.0,0.4149894404710608,0.1685735091056683,RESID,21.0,54.0,2026-09-22 10:00:00,2026-09-28 03:00:00
SOL,True,1744009200000,1745110800000,0.2854799766831365,12.75,True,0.5991379310344828,SHOCK,0.0,0.0,0.2854799766831365,RESID,False,0.3367097701149425,,1.0,0.0751338500252268,0.261452259840104,SHOCK;VOL,True,0.6397988505747126,,0.0,0.0,0.2854799766831365,RESID,28.0,117.0,2025-04-07 07:00:00,2025-04-20 01:00:00
SOL,True,1750597200000,1753149600000,0.35312087334299186,29.541666666666668,True,0.5991379310344828,OI_FLUSH,0.0,0.0,0.35312087334299186,SHOCK,False,0.3367097701149425,,28.0,0.14831315137675993,0.2937717069536999,SHOCK,True,0.6397988505747126,,0.0,0.0,0.35312087334299186,SHOCK,148.0,596.0,2025-06-22 13:00:00,2025-07-22 02:00:00
SOL,True,1754157600000,1756087200000,0.34563224527373027,22.333333333333332,False,0.5991379310344828,,5.0,0.033302851702903515,0.3323943096246005,FUND_COLD,False,0.3367097701149425,,243.0,0.4768657025668402,0.1680079912182385,RESID,False,0.6397988505747126,,5.0,0.033302851702903515,0.3323943096246005,FUND_COLD,139.0,246.0,2025-08-02 18:00:00,2025-08-25 02:00:00
SOL,True,1756155600000,1757815200000,0.2658185198249417,19.208333333333332,True,0.5991379310344828,OI_FLUSH,3.0,0.029024035451796736,0.2571879594294377,OI_FLUSH,True,0.3367097701149425,OI_TREND,42.0,0.39901033262670393,0.15219021044137634,OI_TREND,True,0.6397988505747126,,0.0,0.0,0.2658185198249417,OI_FLUSH,31.0,75.0,2025-08-25 21:00:00,2025-09-14 02:00:00
SOL,True,1780718400000,1782990000000,0.3267595772557211,26.291666666666668,True,0.5991379310344828,FUND_COLD;SHOCK,0.0,0.0,0.3267595772557211,RESID;SHOCK,True,0.3367097701149425,SHOCK,21.0,0.07978187238820235,0.29716623981686946,SHOCK,True,0.6397988505747126,,0.0,0.0,0.3267595772557211,RESID;SHOCK,225.0,483.0,2026-06-06 04:00:00,2026-07-02 11:00:00
SOL,True,1786068000000,1790499600000,0.29773037235656064,51.291666666666664,True,0.5991379310344828,COIL,33.0,0.11688538590931484,0.25879456384429717,RESID,False,0.3367097701149425,,33.0,0.11688538590931484,0.25879456384429717,RESID,True,0.6397988505747126,,33.0,0.11688538590931484,0.25879456384429717,RESID,300.0,477.0,2026-08-07 02:00:00,2026-09-27 09:00:00
SPX,False,1741104000000,1741413600000,0.21793639054579372,3.5833333333333335,False,0.14669540229885059,,,,,,False,0.08283045977011494,,,,,,True,0.6857758620689656,,0.0,0.0,0.21793639054579372,OI_DIV,30.0,71.0,2025-03-04 16:00:00,2025-03-08 06:00:00
SPX,False,1741701600000,1741741200000,0.22696588286725736,0.4583333333333333,True,0.14669540229885059,OI_DIV;RESID;VOL,9.0,0.673433418332207,0.0690788100206525,FUND_COLD;VOL,True,0.08283045977011494,OI_DIV;SHOCK,,,,,True,0.6857758620689656,,0.0,0.0,0.22696588286725736,OI_DIV;RESID;VOL,4.0,5.0,2025-03-11 14:00:00,2025-03-12 01:00:00
SPX,False,1741770000000,1742158800000,0.4107364657666932,4.5,True,0.14669540229885059,FUND_COLD;VOL,3.0,0.2904398700626543,0.27655886785726413,FUND_COLD;SHOCK,True,0.08283045977011494,OI_DIV;SHOCK,3.0,0.2904398700626543,0.27655886785726413,FUND_COLD;SHOCK,True,0.6857758620689656,,2.0,0.07491531950111016,0.3748334993847171,FUND_COLD,6.0,24.0,2025-03-12 09:00:00,2025-03-16 21:00:00
SPX,False,1742281200000,1742983200000,0.7503318267804427,8.125,False,0.14669540229885059,,,,,,False,0.08283045977011494,,,,,,True,0.6857758620689656,,141.0,0.9091676894366177,0.05216339070024484,SHOCK,31.0,85.0,2025-03-18 07:00:00,2025-03-26 10:00:00
SPX,False,1743418800000,1743498000000,0.32846313284611195,0.9166666666666666,False,0.14669540229885059,,,,,,False,0.08283045977011494,,,,,,True,0.6857758620689656,,,,,,15.0,17.0,2025-03-31 11:00:00,2025-04-01 09:00:00
SPX,False,1743681600000,1743800400000,0.3049775665031551,1.375,False,0.14669540229885059,,,,,,False,0.08283045977011494,,,,,,True,0.6857758620689656,,22.0,0.37723605950330175,0.18030272121668506,SHOCK,8.0,19.0,2025-04-03 12:00:00,2025-04-04 21:00:00
SPX,False,1743962400000,1744034400000,0.2878884127222084,0.8333333333333334,False,0.14669540229885059,,,,,,False,0.08283045977011494,,,,,,True,0.6857758620689656,,12.0,0.18534464917370816,0.2288896676598286,SHOCK,7.0,14.0,2025-04-06 18:00:00,2025-04-07 14:00:00
SPX,False,1744149600000,1744340400000,0.25435566349471395,2.2083333333333335,False,0.14669540229885059,,,,,,False,0.08283045977011494,,,,,,True,0.6857758620689656,,1.0,0.005144233341504889,0.2528941920094331,FUND_COLD,7.0,19.0,2025-04-08 22:00:00,2025-04-11 03:00:00
SPX,False,1744426800000,1744488000000,0.21772409369830148,0.7083333333333334,False,0.14669540229885059,,,,,,False,0.08283045977011494,,,,,,True,0.6857758620689656,,0.0,0.0,0.21772409369830148,FUND_COLD,2.0,10.0,2025-04-12 03:00:00,2025-04-12 20:00:00
SPX,False,1745280000000,1745380800000,0.2677743013930636,1.1666666666666667,False,0.14669540229885059,,,,,,False,0.08283045977011494,,,,,,False,0.6857758620689656,,21.0,0.6259641943962349,0.09280173681027669,SHOCK,10.0,21.0,2025-04-22 00:00:00,2025-04-23 04:00:00
SPX,False,1745485200000,1745589600000,0.2655546793712082,1.2083333333333333,False,0.14669540229885059,,,,,,False,0.08283045977011494,,,,,,True,0.6857758620689656,,19.0,0.3372617289212967,0.16892184825736753,SHORT_COVER,14.0,22.0,2025-04-24 09:00:00,2025-04-25 14:00:00
SPX,False,1746633600000,1747029600000,0.6359218675883449,4.583333333333333,False,0.14669540229885059,,,,,,False,0.08283045977011494,,,,,,False,0.6857758620689656,,85.0,0.8021229486482121,0.10229720093583193,SHORT_COVER,16.0,38.0,2025-05-07 16:00:00,2025-05-12 06:00:00
SPX,False,1747656000000,1748008800000,0.3800214391404844,4.083333333333333,False,0.14669540229885059,,63.0,0.7005267056994212,0.10126559461615671,FUND_COLD;SHORT_CROWD,False,0.08283045977011494,,,,,,True,0.6857758620689656,,53.0,0.3765695332904003,0.2223880352967216,SHOCK,16.0,52.0,2025-05-19 12:00:00,2025-05-23 14:00:00
SPX,False,1748304000000,1748509200000,0.46808059186720974,2.375,False,0.14669540229885059,,28.0,0.44910165399718444,0.23555545544413384,OI_TREND;RESID,False,0.08283045977011494,,28.0,0.44910165399718444,0.23555545544413384,OI_TREND;RESID,True,0.6857758620689656,,25.0,0.28148482540046443,0.31768721318690585,OI_TREND,26.0,29.0,2025-05-27 00:00:00,2025-05-29 09:00:00
SPX,False,1748768400000,1749052800000,0.2932491409840257,3.2916666666666665,False,0.14669540229885059,,,,,,False,0.08283045977011494,,,,,,True,0.6857758620689656,,27.0,0.3211141359276918,0.19074691745175273,FUND_COLD,10.0,37.0,2025-06-01 09:00:00,2025-06-04 16:00:00
SPX,False,1749236400000,1749715200000,0.5643587711026488,5.541666666666667,False,0.14669540229885059,,,,,,False,0.08283045977011494,,,,,,True,0.6857758620689656,,0.0,0.0,0.5643587711026488,FUND_COLD,45.0,69.0,2025-06-06 19:00:00,2025-06-12 08:00:00
SPX,False,1749924000000,1750057200000,0.20916177394931512,1.5416666666666667,True,0.14669540229885059,OI_FLUSH;RESID,,,,,False,0.08283045977011494,,,,,,True,0.6857758620689656,,,,,,11.0,31.0,2025-06-14 18:00:00,2025-06-16 07:00:00
SPX,False,1750532400000,1750780800000,0.4169340266368909,2.875,True,0.14669540229885059,FUND_COLD;RESID;SHOCK;SHORT_CROWD,,,,,False,0.08283045977011494,,,,,,True,0.6857758620689656,,1.0,0.22177457387241326,0.31154782043882195,SHOCK,21.0,47.0,2025-06-21 19:00:00,2025-06-24 16:00:00
SPX,False,1751047200000,1751259600000,0.2063806487062668,2.4583333333333335,False,0.14669540229885059,,,,,,False,0.08283045977011494,,,,,,True,0.6857758620689656,,2.0,0.14629177916316202,0.17371828355653854,FUND_COLD,9.0,11.0,2025-06-27 18:00:00,2025-06-30 05:00:00
SPX,False,1751950800000,1752256800000,0.27324370075758914,3.5416666666666665,False,0.14669540229885059,,,,,,False,0.08283045977011494,,,,,,False,0.6857758620689656,,,,,,8.0,24.0,2025-07-08 05:00:00,2025-07-11 18:00:00
SPX,False,1752544800000,1752829200000,0.3073159977229199,3.2916666666666665,False,0.14669540229885059,,29.0,0.6268844145538656,0.10515554394465683,OI_TREND;LONG_CROWD,False,0.08283045977011494,,29.0,0.6268844145538656,0.10515554394465683,OI_TREND;LONG_CROWD,True,0.6857758620689656,,0.0,0.0,0.3073159977229199,OI_FLUSH,11.0,29.0,2025-07-15 02:00:00,2025-07-18 09:00:00
SPX,False,1753408800000,1753700400000,0.3335770920322967,3.375,False,0.14669540229885059,,,,,,False,0.08283045977011494,,,,,,True,0.6857758620689656,,22.0,0.5683713207947418,0.13229974336112707,RESID,19.0,22.0,2025-07-25 02:00:00,2025-07-28 11:00:00
SPX,False,1754449200000,1754769600000,0.23836894450048884,3.7083333333333335,False,0.14669540229885059,,,,,,False,0.08283045977011494,,,,,,False,0.6857758620689656,,66.0,0.511604441148106,0.1100628107864541,COIL,6.0,31.0,2025-08-06 03:00:00,2025-08-09 20:00:00
SPX,False,1756825200000,1757473200000,0.36931335155327644,7.5,False,0.14669540229885059,,128.0,0.6116611340381064,0.12982026235430696,OI_TREND;RESID,False,0.08283045977011494,,128.0,0.6116611340381064,0.12982026235430696,OI_TREND;RESID,True,0.6857758620689656,,64.0,0.2603858842055584,0.26170966354118846,SHOCK,113.0,126.0,2025-09-02 15:00:00,2025-09-10 03:00:00
SPX,False,1759244400000,1759780800000,0.6489848820608387,6.208333333333333,False,0.14669540229885059,,57.0,0.5830957394578054,0.23185206782752393,SHORT_COVER;FUND_COLD,False,0.08283045977011494,,57.0,0.5830957394578054,0.23185206782752393,SHORT_COVER;FUND_COLD,True,0.6857758620689656,,17.0,0.19418532266194108,0.49636101221823486,SHOCK,23.0,38.0,2025-09-30 15:00:00,2025-10-06 20:00:00
SPX,False,1760238000000,1760392800000,0.2632418175779243,1.7916666666666667,True,0.14669540229885059,OI_FLUSH;FUND_COLD;LS_EXT,,,,,False,0.08283045977011494,,,,,,True,0.6857758620689656,,11.0,0.35339547222862744,0.16311224104350866,SHOCK,11.0,12.0,2025-10-12 03:00:00,2025-10-13 22:00:00
SPX,False,1761170400000,1761544800000,0.22531272064344987,4.333333333333333,False,0.14669540229885059,,,,,,False,0.08283045977011494,,,,,,True,0.6857758620689656,,,,,,9.0,30.0,2025-10-22 22:00:00,2025-10-27 06:00:00
SPX,False,1763413200000,1763539200000,0.2272445050367129,1.4583333333333333,False,0.14669540229885059,,,,,,False,0.08283045977011494,,,,,,False,0.6857758620689656,,8.0,0.5042619337816978,0.10684429180664055,RESID,7.0,8.0,2025-11-17 21:00:00,2025-11-19 08:00:00
SPX,False,1763823600000,1764223200000,0.5691699751817487,4.625,False,0.14669540229885059,,93.0,0.7394775916685282,0.12454390733293834,FUND_COLD;SHORT_CROWD,False,0.08283045977011494,,94.0,0.8020558445361279,0.09328082437318697,FUND_COLD;RESID;SHORT_CROWD,True,0.6857758620689656,,76.0,0.6362068129120759,0.17810339943490316,RESID,35.0,56.0,2025-11-22 15:00:00,2025-11-27 06:00:00
SPX,False,1767240000000,1767546000000,0.3676983120431941,3.5416666666666665,False,0.14669540229885059,,75.0,0.7116235523522947,0.09450160504696702,FUND_COLD;RESID,False,0.08283045977011494,,75.0,0.7116235523522947,0.09450160504696702,FUND_COLD;RESID,False,0.6857758620689656,,12.0,0.11229550870456492,0.3204416353771755,COIL,29.0,33.0,2026-01-01 04:00:00,2026-01-04 17:00:00
SPX,False,1769878800000,1770267600000,0.25411502674161085,4.5,True,0.14669540229885059,OI_DIV;RESID;SHOCK,15.0,0.5101719066329874,0.11729642001653483,FUND_COLD;RESID;SHORT_CROWD,False,0.08283045977011494,,15.0,0.5101719066329874,0.11729642001653483,FUND_COLD;RESID;SHORT_CROWD,True,0.6857758620689656,,0.0,0.0,0.25411502674161085,OI_DIV,2.0,9.0,2026-01-31 17:00:00,2026-02-05 05:00:00
SPX,False,1770343200000,1771092000000,0.3238158918092928,8.666666666666666,False,0.14669540229885059,,,,,,False,0.08283045977011494,,,,,,True,0.6857758620689656,,0.0,0.0,0.3238158918092928,VOL,12.0,199.0,2026-02-06 02:00:00,2026-02-14 18:00:00
SPX,False,1772280000000,1772636400000,0.2131368923080966,4.125,True,0.14669540229885059,FUND_COLD;SHOCK,24.0,0.8171829533179862,0.03595321768809696,OI_TREND;RESID,False,0.08283045977011494,,24.0,0.8171829533179862,0.03595321768809696,OI_TREND;RESID,True,0.6857758620689656,,22.0,0.84343731723532,0.030711555386295816,RESID,7.0,13.0,2026-02-28 12:00:00,2026-03-04 15:00:00
SPX,False,1775404800000,1775934000000,0.20124401894668917,6.125,False,0.14669540229885059,,13.0,0.4149097868802546,0.11324680706543838,OI_TREND;RESID,False,0.08283045977011494,,13.0,0.4149097868802546,0.11324680706543838,OI_TREND;RESID,True,0.6857758620689656,,8.0,0.2894741642892154,0.13914773807545713,SHOCK,9.0,15.0,2026-04-05 16:00:00,2026-04-11 19:00:00
SPX,False,1776650400000,1777258800000,0.2748424666320786,7.041666666666667,True,0.14669540229885059,OI_DIV;FUND_COLD;SHORT_CROWD,2.0,0.023179517921780808,0.2676871573338164,OI_DIV;FUND_COLD;SHORT_CROWD,False,0.08283045977011494,,31.0,0.5482986433712486,0.11592460651812574,OI_TREND;RESID,True,0.6857758620689656,,0.0,0.0,0.2748424666320786,OI_DIV;SHORT_CROWD,26.0,31.0,2026-04-20 02:00:00,2026-04-27 03:00:00
SPX,False,1777586400000,1778526000000,0.2715202757722981,10.875,False,0.14669540229885059,,,,,,False,0.08283045977011494,,,,,,True,0.6857758620689656,,121.0,0.18450546160599104,0.2163962514394964,OI_DIV,106.0,141.0,2026-04-30 22:00:00,2026-05-11 19:00:00
SPX,False,1780056000000,1780491600000,0.24366906923584064,5.041666666666667,True,0.14669540229885059,FUND_COLD;SHORT_CROWD,94.0,0.4143455517993626,0.13622491157821126,SHORT_COVER;RESID,False,0.08283045977011494,,94.0,0.4143455517993626,0.13622491157821126,SHORT_COVER;RESID,True,0.6857758620689656,,4.0,0.15828632911539653,0.20147393311535483,FUND_COLD,77.0,114.0,2026-05-29 12:00:00,2026-06-03 13:00:00
SPX,False,1780646400000,1781672400000,0.6479475123567146,11.875,True,0.14669540229885059,RESID;SHOCK;LS_EXT,258.0,0.521561829844586,0.26997154846563776,OI_TREND;SHOCK;VOL,True,0.08283045977011494,RESID;SHOCK;LS_EXT,258.0,0.521561829844586,0.26997154846563776,OI_TREND;SHOCK;VOL,True,0.6857758620689656,,0.0,0.0,0.6479475123567146,FUND_COLD,158.0,258.0,2026-06-05 08:00:00,2026-06-17 05:00:00
SPX,False,1782435600000,1783170000000,0.2967373688340941,8.5,False,0.14669540229885059,,,,,,False,0.08283045977011494,,,,,,True,0.6857758620689656,,,,,,38.0,124.0,2026-06-26 01:00:00,2026-07-04 13:00:00
SPX,False,1786395600000,1787371200000,0.2973363491319393,11.291666666666666,False,0.14669540229885059,,217.0,0.3456818272730611,0.18569328902003354,OI_TREND;VOL,False,0.08283045977011494,,217.0,0.3456818272730611,0.18569328902003354,OI_TREND;VOL,True,0.6857758620689656,,0.0,0.0,0.2973363491319393,OI_DIV,217.0,245.0,2026-08-10 21:00:00,2026-08-22 04:00:00
SPX,False,1787457600000,1787806800000,0.41786506936024304,4.041666666666667,True,0.14669540229885059,OI_DIV;VOL;LS_EXT,59.0,0.4422398319969041,0.2149989682909622,RESID;SHOCK;VOL,True,0.08283045977011494,OI_TREND;VOL;LS_EXT,59.0,0.4422398319969041,0.2149989682909622,RESID;SHOCK;VOL,True,0.6857758620689656,,0.0,0.0,0.41786506936024304,RESID;LS_EXT,58.0,62.0,2026-08-23 04:00:00,2026-08-27 05:00:00
SPX,False,1788426000000,1788512400000,0.22098669032795581,1.0,False,0.14669540229885059,,,,,,False,0.08283045977011494,,,,,,False,0.6857758620689656,,23.0,0.778303271652467,0.04525807051750542,SHOCK,6.0,14.0,2026-09-03 09:00:00,2026-09-04 09:00:00
STABLE,False,1764039600000,1764079200000,0.3175557466766931,0.4583333333333333,False,0.2606672869865745,,,,,,False,0.14967433204838496,,,,,,True,0.6200983650139572,,11.0,1.0,0.0,RESID,2.0,5.0,2025-11-25 03:00:00,2025-11-25 14:00:00
STABLE,False,1764100800000,1764183600000,0.3331147394537416,0.9583333333333334,False,0.2606672869865745,,,,,,False,0.14967433204838496,,,,,,True,0.6200983650139572,,3.0,0.17302099736744433,0.26841925337106065,OI_TREND,14.0,21.0,2025-11-25 20:00:00,2025-11-26 19:00:00
STABLE,False,1764230400000,1764273600000,0.2787502037406228,0.5,False,0.2606672869865745,,,,,,False,0.14967433204838496,,,,,,True,0.6200983650139572,,,,,,9.0,9.0,2025-11-27 08:00:00,2025-11-27 20:00:00
STABLE,False,1764644400000,1764698400000,0.3406648660168458,0.625,False,0.2606672869865745,,,,,,False,0.14967433204838496,,,,,,False,0.6200983650139572,,,,,,8.0,10.0,2025-12-02 03:00:00,2025-12-02 18:00:00
STABLE,False,1764932400000,1765008000000,0.3615178824134615,0.875,False,0.2606672869865745,,,,,,False,0.14967433204838496,,,,,,False,0.6200983650139572,,,,,,5.0,8.0,2025-12-05 11:00:00,2025-12-06 08:00:00
STABLE,False,1765119600000,1765177200000,0.3043204094224734,0.6666666666666666,False,0.2606672869865745,,,,,,False,0.14967433204838496,,,,,,True,0.6200983650139572,,6.0,0.634807491736977,0.10188806297498265,OI_TREND,1.0,4.0,2025-12-07 15:00:00,2025-12-08 07:00:00
STABLE,False,1765202400000,1765209600000,0.25008069395106564,0.08333333333333333,True,0.2606672869865745,OI_DIV;RESID;SHOCK;VOL,,,,,False,0.14967433204838496,,,,,,True,0.6200983650139572,,0.0,0.0,0.25008069395106564,OI_DIV;RESID;VOL,2.0,2.0,2025-12-08 14:00:00,2025-12-08 16:00:00
STABLE,False,1765260000000,1765306800000,0.2051616496247359,0.5416666666666666,True,0.2606672869865745,OI_DIV;FUND_HOT;RESID;SHOCK;VOL,3.0,0.1618516814866139,0.16930547886058625,OI_DIV;RESID;VOL,False,0.14967433204838496,,,,,,True,0.6200983650139572,,0.0,0.0,0.2051616496247359,OI_DIV;FUND_HOT;RESID;VOL,1.0,4.0,2025-12-09 06:00:00,2025-12-09 19:00:00
STABLE,False,1765346400000,1765371600000,0.32215875402310307,0.2916666666666667,True,0.2606672869865745,FUND_HOT;VOL,,,,,False,0.14967433204838496,,,,,,True,0.6200983650139572,,0.0,0.0,0.32215875402310307,VOL,2.0,5.0,2025-12-10 06:00:00,2025-12-10 13:00:00
STABLE,False,1765515600000,1765602000000,0.22373331589191503,1.0,True,0.2606672869865745,FUND_COLD;VOL,,,,,False,0.14967433204838496,,,,,,True,0.6200983650139572,,4.0,0.6123533129728663,0.08141276386413333,VOL,2.0,3.0,2025-12-12 05:00:00,2025-12-13 05:00:00
STABLE,False,1766127600000,1766174400000,0.2567959046182449,0.5416666666666666,False,0.2606672869865745,,,,,,False,0.14967433204838496,,,,,,True,0.6200983650139572,,,,,,5.0,9.0,2025-12-19 07:00:00,2025-12-19 20:00:00
STABLE,False,1766516400000,1766858400000,0.5919190293025264,3.9583333333333335,False,0.2606672869865745,,,,,,False,0.14967433204838496,,,,,,False,0.6200983650139572,,,,,,40.0,70.0,2025-12-23 19:00:00,2025-12-27 18:00:00
STABLE,False,1766952000000,1767398400000,0.4665968170741867,5.166666666666667,False,0.2606672869865745,,,,,,False,0.14967433204838496,,,,,,True,0.6200983650139572,,0.0,0.0,0.4665968170741867,LS_EXT,53.0,115.0,2025-12-28 20:00:00,2026-01-03 00:00:00
STABLE,False,1768500000000,1768676400000,0.270624721832843,2.0416666666666665,False,0.2606672869865745,,,,,,False,0.14967433204838496,,,,,,False,0.6200983650139572,,26.0,0.8382321548086271,0.03950517235736536,FUND_COLD,15.0,16.0,2026-01-15 18:00:00,2026-01-17 19:00:00
STABLE,False,1768748400000,1769652000000,1.136267377162575,10.458333333333334,True,0.2606672869865745,SHORT_COVER;FUND_COLD,251.0,1.0,0.0,OI_TREND;RESID;SHOCK;VOL,True,0.14967433204838496,SHORT_COVER;FUND_COLD,251.0,1.0,0.0,OI_TREND;RESID;SHOCK;VOL,True,0.6200983650139572,,0.0,0.0,1.136267377162575,OI_FLUSH,61.0,208.0,2026-01-18 15:00:00,2026-01-29 02:00:00
STABLE,False,1769796000000,1770040800000,0.4347168962439788,2.8333333333333335,True,0.2606672869865745,OI_FLUSH;RESID;VOL;LS_EXT,59.0,0.5493128760834017,0.17666412784817087,FUND_COLD;SHORT_CROWD;LS_EXT,True,0.14967433204838496,OI_TREND;SHOCK;VOL;SHORT_CROWD,68.0,1.0,0.0,OI_TREND;RESID;SHOCK;VOL,True,0.6200983650139572,,0.0,0.0,0.4347168962439788,LS_EXT,49.0,54.0,2026-01-30 18:00:00,2026-02-02 14:00:00
STABLE,False,1770458400000,1770760800000,0.48757113114905803,3.5,True,0.2606672869865745,OI_FLUSH;FUND_COLD,67.0,0.7072560319482569,0.12328980816529389,OI_TREND;SHORT_CROWD,False,0.14967433204838496,,67.0,0.7072560319482569,0.12328980816529389,OI_TREND;SHORT_CROWD,True,0.6200983650139572,,2.0,0.06553972064703568,0.4493510802468169,FUND_COLD,31.0,60.0,2026-02-07 10:00:00,2026-02-10 22:00:00
STABLE,False,1771117200000,1771300800000,0.49588276318230934,2.125,True,0.2606672869865745,SHORT_CROWD;COIL,6.0,0.0323801007623317,0.47650308036987615,SHORT_CROWD;COIL,False,0.14967433204838496,,25.0,0.5809424152506718,0.18383765086943563,OI_TREND;SHORT_CROWD,True,0.6200983650139572,,0.0,0.0,0.49588276318230934,SHORT_CROWD;COIL,20.0,25.0,2026-02-15 01:00:00,2026-02-17 04:00:00
STABLE,False,1771336800000,1771416000000,0.24719044820209052,0.9166666666666666,True,0.2606672869865745,FUND_COLD;SHOCK,,,,,True,0.14967433204838496,OI_TREND;SHORT_CROWD,,,,,True,0.6200983650139572,,0.0,0.0,0.24719044820209052,FUND_COLD;SHOCK,3.0,3.0,2026-02-17 14:00:00,2026-02-18 12:00:00
STABLE,False,1771736400000,1772154000000,0.37923158028617554,4.833333333333333,False,0.2606672869865745,,,,,,False,0.14967433204838496,,,,,,False,0.6200983650139572,,75.0,0.15314581302130068,0.31296255750994606,FUND_COLD,48.0,96.0,2026-02-22 05:00:00,2026-02-27 01:00:00
STABLE,False,1774972800000,1774998000000,0.3437556742300576,0.2916666666666667,False,0.2606672869865745,,3.0,0.7520151683300361,0.07602284212831906,OI_TREND;RESID;SHOCK;SHORT_CROWD,False,0.14967433204838496,,3.0,0.7520151683300361,0.07602284212831906,OI_TREND;RESID;SHOCK;SHORT_CROWD,True,0.6200983650139572,,2.0,0.325848159054187,0.22041454227419352,SHOCK,2.0,3.0,2026-03-31 16:00:00,2026-03-31 23:00:00
STABLE,False,1775066400000,1775131200000,0.42626095456139773,0.75,True,0.2606672869865745,FUND_COLD;RESID;VOL;SHORT_CROWD,1.0,0.013034051685598187,0.4196757218452559,OI_FLUSH;FUND_COLD;VOL,True,0.14967433204838496,FUND_COLD;RESID;VOL;SHORT_CROWD,16.0,0.6240886878032184,0.14278661712395674,OI_TREND;FUND_COLD;SHOCK;SHORT_CROWD,True,0.6200983650139572,,0.0,0.0,0.42626095456139773,FUND_COLD;VOL,12.0,16.0,2026-04-01 18:00:00,2026-04-02 12:00:00
STABLE,False,1775764800000,1776045600000,0.2391244951970451,3.25,False,0.2606672869865745,,78.0,1.0,0.0,OI_TREND;RESID;SHOCK;SHORT_CROWD,False,0.14967433204838496,,78.0,1.0,0.0,OI_TREND;RESID;SHOCK;SHORT_CROWD,False,0.6200983650139572,,10.0,0.13357230558404104,0.20414105746709293,COIL,19.0,78.0,2026-04-09 20:00:00,2026-04-13 02:00:00
STABLE,False,1776870000000,1776992400000,0.56079185241104,1.4166666666666667,True,0.2606672869865745,SHORT_CROWD;COIL,32.0,0.7774766031239438,0.10413908553766368,OI_TREND;RESID;SHOCK;SHORT_CROWD,False,0.14967433204838496,,32.0,0.7774766031239438,0.10413908553766368,OI_TREND;RESID;SHOCK;SHORT_CROWD,True,0.6200983650139572,,19.0,0.35525975388074077,0.3324695586141139,RESID,18.0,32.0,2026-04-22 15:00:00,2026-04-24 01:00:00
STABLE,False,1777114800000,1777420800000,0.20736712683054148,3.5416666666666665,True,0.2606672869865745,OI_FLUSH;FUND_COLD;VOL,,,,,True,0.14967433204838496,FUND_COLD;RESID;VOL;SHORT_CROWD,,,,,True,0.6200983650139572,,0.0,0.0,0.20736712683054148,OI_FLUSH,5.0,43.0,2026-04-25 11:00:00,2026-04-29 00:00:00
STABLE,False,1778252400000,1778763600000,0.31109167110963876,5.916666666666667,False,0.2606672869865745,,101.0,0.5414784542314257,0.13223686668008014,FUND_COLD;SHOCK;SHORT_CROWD,False,0.14967433204838496,,104.0,0.8126837518831522,0.05204564560903845,FUND_COLD;RESID;SHORT_CROWD,False,0.6200983650139572,,84.0,0.5068101730047455,0.14291893481787069,SHOCK,18.0,84.0,2026-05-08 15:00:00,2026-05-14 13:00:00
STABLE,False,1778922000000,1779091200000,0.25493337874864846,1.9583333333333333,True,0.2606672869865745,OI_FLUSH;RESID;LS_EXT,,,,,False,0.14967433204838496,,,,,,True,0.6200983650139572,,0.0,0.0,0.25493337874864846,RESID;LS_EXT,3.0,4.0,2026-05-16 09:00:00,2026-05-18 08:00:00
STABLE,False,1779462000000,1780063200000,0.33425924793783834,6.958333333333333,False,0.2606672869865745,,6.0,0.38146566693600975,0.1952682321254649,FUND_COLD;SHORT_CROWD,False,0.14967433204838496,,60.0,0.80888034854219,0.05666145994642619,OI_TREND;RESID;SHORT_CROWD,False,0.6200983650139572,,1.0,0.32810603146679673,0.21380284067394345,SHOCK,1.0,55.0,2026-05-22 15:00:00,2026-05-29 14:00:00
STABLE,False,1780398000000,1780603200000,0.2321939744341891,2.375,False,0.2606672869865745,,,,,,False,0.14967433204838496,,,,,,False,0.6200983650139572,,0.0,0.0,0.2321939744341891,SHOCK,11.0,20.0,2026-06-02 11:00:00,2026-06-04 20:00:00
STABLE,False,1781715600000,1782820800000,0.326291255483112,12.791666666666666,False,0.2606672869865745,,,,,,False,0.14967433204838496,,,,,,False,0.6200983650139572,,187.0,0.6675898611228659,0.09841490096363004,OI_TREND,119.0,166.0,2026-06-17 17:00:00,2026-06-30 12:00:00
STABLE,False,1787932800000,1789063200000,0.20948196900036922,13.083333333333334,True,0.2606672869865745,SHORT_COVER;SHOCK,,,,,True,0.14967433204838496,SHORT_COVER;SHOCK,,,,,True,0.6200983650139572,,13.0,0.28195619317044496,0.14633086609439822,OI_FLUSH,9.0,78.0,2026-08-28 16:00:00,2026-09-10 18:00:00
STABLE,False,1790096400000,1790694000000,0.26646014302560167,6.916666666666667,False,0.2606672869865745,,26.0,0.31951729992029404,0.17438841666061086,OI_TREND;SHOCK,False,0.14967433204838496,,26.0,0.31951729992029404,0.17438841666061086,OI_TREND;SHOCK,True,0.6200983650139572,,26.0,0.31951729992029404,0.17438841666061086,OI_TREND;SHOCK,21.0,30.0,2026-09-22 17:00:00,2026-09-29 15:00:00
STRK,False,1741651200000,1742112000000,0.2663231003051801,5.333333333333333,False,0.22011494252873562,,28.0,0.26519279031549337,0.18946169158541107,FUND_COLD;SHORT_CROWD,False,0.09145114942528736,,,,,,True,0.6637931034482759,,0.0,0.0,0.2663231003051801,SHOCK,19.0,32.0,2025-03-11 00:00:00,2025-03-16 08:00:00
STRK,False,1744722000000,1745712000000,0.21841419143897242,11.458333333333334,False,0.22011494252873562,,9.0,0.3498065860684065,0.1370598132006891,FUND_COLD;SHORT_CROWD,False,0.09145114942528736,,10.0,0.44904071749962654,0.11498628010142896,FUND_COLD;RESID;SHORT_CROWD,True,0.6637931034482759,,3.0,0.20659116949331444,0.16968917304669096,FUND_COLD,9.0,103.0,2025-04-15 13:00:00,2025-04-27 00:00:00
STRK,False,1746633600000,1747036800000,0.4083944420958567,4.666666666666667,False,0.22011494252873562,,,,,,False,0.09145114942528736,,,,,,True,0.6637931034482759,,34.0,0.3792927303344743,0.23684208947148422,RESID,31.0,39.0,2025-05-07 16:00:00,2025-05-12 08:00:00
STRK,False,1751738400000,1752242400000,0.27796540964004496,5.833333333333333,False,0.22011494252873562,,129.0,0.8209790117724549,0.04488658727373127,OI_TREND;RESID,False,0.09145114942528736,,129.0,0.8209790117724549,0.04488658727373127,OI_TREND;RESID,False,0.6637931034482759,,125.0,0.6370832314637149,0.09309414283369705,OI_TREND,99.0,122.0,2025-07-05 18:00:00,2025-07-11 14:00:00
STRK,False,1754157600000,1754769600000,0.2419001597881542,7.083333333333333,False,0.22011494252873562,,,,,,False,0.09145114942528736,,,,,,True,0.6637931034482759,,0.0,0.0,0.2419001597881542,FUND_COLD,45.0,126.0,2025-08-02 18:00:00,2025-08-09 20:00:00
STRK,False,1758556800000,1759359600000,0.30056805595290775,9.291666666666666,True,0.22011494252873562,OI_FLUSH;FUND_COLD;RESID,181.0,0.4248900913035325,0.16315895028017188,OI_TREND;SHOCK,False,0.09145114942528736,,181.0,0.4248900913035325,0.16315895028017188,OI_TREND;SHOCK,True,0.6637931034482759,,0.0,0.0,0.30056805595290775,OI_FLUSH;FUND_COLD;RESID,181.0,187.0,2025-09-22 16:00:00,2025-10-01 23:00:00
STRK,False,1759590000000,1759773600000,0.2782291978802241,2.125,False,0.22011494252873562,,48.0,0.7249980360677695,0.06983699351171556,OI_TREND;RESID;SHOCK,False,0.09145114942528736,,48.0,0.7249980360677695,0.06983699351171556,OI_TREND;RESID;SHOCK,True,0.6637931034482759,,44.0,0.3082036833801969,0.18509053426695748,SHOCK,44.0,46.0,2025-10-04 15:00:00,2025-10-06 18:00:00
STRK,False,1760133600000,1760169600000,0.3977987525874866,0.4166666666666667,True,0.22011494252873562,OI_FLUSH;RESID;SHOCK,0.0,0.0,0.3977987525874866,OI_FLUSH;RESID;SHOCK;LS_EXT,False,0.09145114942528736,,1.0,0.5427268738074326,0.16548832956575957,FUND_COLD;RESID;SHOCK;LS_EXT,True,0.6637931034482759,,0.0,0.0,0.3977987525874866,OI_FLUSH;RESID;SHOCK;LS_EXT,1.0,1.0,2025-10-10 22:00:00,2025-10-11 08:00:00
STRK,False,1761951600000,1762084800000,0.28505252058156016,1.5416666666666667,False,0.22011494252873562,,35.0,0.8534943460846497,0.03742694674754227,RESID;SHORT_CROWD,False,0.09145114942528736,,35.0,0.8534943460846497,0.03742694674754227,RESID;SHORT_CROWD,True,0.6637931034482759,,0.0,0.0,0.28505252058156016,SHORT_CROWD,17.0,30.0,2025-10-31 23:00:00,2025-11-02 12:00:00
STRK,False,1762225200000,1762549200000,0.5474774201499091,3.75,True,0.22011494252873562,OI_DIV;SHORT_CROWD,0.0,0.0,0.5474774201499091,FUND_COLD;SHORT_CROWD,True,0.09145114942528736,OI_TREND;RESID,87.0,0.9612328425669435,0.017070823316305713,OI_TREND;RESID,True,0.6637931034482759,,0.0,0.0,0.5474774201499091,FUND_COLD;SHORT_CROWD,76.0,83.0,2025-11-04 03:00:00,2025-11-07 21:00:00
STRK,False,1762614000000,1762765200000,0.5972102424032735,1.75,True,0.22011494252873562,OI_TREND;RESID;VOL,39.0,0.6381105452931407,0.1846623727164654,OI_TREND;RESID,True,0.09145114942528736,OI_TREND;RESID;VOL,39.0,0.6381105452931407,0.1846623727164654,OI_TREND;RESID,True,0.6637931034482759,,24.0,0.3248883955490172,0.3718041252357407,SHOCK,24.0,38.0,2025-11-08 15:00:00,2025-11-10 09:00:00
STRK,False,1762992000000,1763168400000,0.4420992307826083,2.0416666666666665,True,0.22011494252873562,OI_FLUSH;RESID;VOL,,,,,False,0.09145114942528736,,,,,,True,0.6637931034482759,,20.0,0.3831212889502108,0.25337411192458487,SHOCK,20.0,37.0,2025-11-13 00:00:00,2025-11-15 01:00:00
STRK,False,1763179200000,1763294400000,0.49118332051331637,1.3333333333333333,False,0.22011494252873562,,26.0,0.7629822289302475,0.09933470803283433,RESID;SHORT_CROWD,False,0.09145114942528736,,26.0,0.7629822289302475,0.09933470803283433,RESID;SHORT_CROWD,True,0.6637931034482759,,11.0,0.3072122974924045,0.3189252074722291,SHOCK,11.0,13.0,2025-11-15 04:00:00,2025-11-16 12:00:00
STRK,False,1763431200000,1763611200000,0.5688713128324188,2.0833333333333335,True,0.22011494252873562,OI_TREND;RESID;SHOCK;SHORT_CROWD,,,,,True,0.09145114942528736,OI_TREND;RESID;SHOCK;SHORT_CROWD,,,,,True,0.6637931034482759,,14.0,0.3285414929711975,0.3530965015199851,SHOCK,14.0,24.0,2025-11-18 02:00:00,2025-11-20 04:00:00
STRK,False,1776211200000,1776924000000,0.46906338889366467,8.25,False,0.22011494252873562,,170.0,0.48386402472705686,0.21959498474265982,RESID;SHOCK;LS_EXT,False,0.09145114942528736,,170.0,0.48386402472705686,0.21959498474265982,RESID;SHOCK;LS_EXT,True,0.6637931034482759,,20.0,0.15811639206917844,0.38238396904101596,RESID,42.0,171.0,2026-04-15 00:00:00,2026-04-23 06:00:00
STRK,False,1778115600000,1778234400000,0.49321173273213376,1.375,True,0.22011494252873562,OI_TREND;RESID;SHOCK,29.0,0.5816571853474207,0.1826124151051864,OI_TREND;RESID,True,0.09145114942528736,OI_TREND;RESID;SHOCK,29.0,0.5816571853474207,0.1826124151051864,OI_TREND;RESID,True,0.6637931034482759,,7.0,0.13033193933016657,0.41718913711480965,OI_FLUSH,18.0,27.0,2026-05-07 01:00:00,2026-05-08 10:00:00
STRK,False,1779962400000,1780585200000,0.2594248634246656,7.208333333333333,False,0.22011494252873562,,170.0,0.6729204262795112,0.07836131843947902,FUND_COLD;SHORT_CROWD,False,0.09145114942528736,,,,,,True,0.6637931034482759,,37.0,0.24967925332671706,0.18894380149878587,FUND_COLD,39.0,105.0,2026-05-28 10:00:00,2026-06-04 15:00:00
STRK,False,1787994000000,1788976800000,0.36652351947673,11.375,False,0.22011494252873562,,173.0,0.44729095627972054,0.18838402093806533,OI_TREND;RESID,False,0.09145114942528736,,173.0,0.44729095627972054,0.18838402093806533,OI_TREND;RESID,False,0.6637931034482759,,38.0,0.05036093537845993,0.3452013864612515,SHOCK,77.0,165.0,2026-08-29 09:00:00,2026-09-09 18:00:00
STRK,False,1789570800000,1789786800000,0.6238014812497843,2.5,False,0.22011494252873562,,40.0,0.4668575665105993,0.2949232851123952,OI_TREND;RESID;SHOCK,False,0.09145114942528736,,40.0,0.4668575665105993,0.2949232851123952,OI_TREND;RESID;SHOCK,False,0.6637931034482759,,40.0,0.4668575665105993,0.2949232851123952,OI_TREND;RESID;SHOCK,40.0,41.0,2026-09-16 15:00:00,2026-09-19 03:00:00
STX,True,1741651200000,1743044400000,0.2187821560923283,16.125,False,0.5722701149425288,,153.0,0.255961874803256,0.15859669371600002,COIL,False,0.2704022988505747,,210.0,0.37545940556006807,0.13152545814084768,OI_TREND,False,0.6132183908045977,,153.0,0.255961874803256,0.15859669371600002,COIL,35.0,341.0,2025-03-11 00:00:00,2025-03-27 03:00:00
STX,True,1744898400000,1745352000000,0.30556617795017754,5.25,False,0.5722701149425288,,38.0,0.16501832068728664,0.2493667745916623,COIL,False,0.2704022988505747,,61.0,0.40042178726999744,0.17335787357997717,OI_TREND,False,0.6132183908045977,,38.0,0.16501832068728664,0.2493667745916623,COIL,61.0,82.0,2025-04-17 14:00:00,2025-04-22 20:00:00
STX,True,1745481600000,1745722800000,0.20970022296226,2.7916666666666665,True,0.5722701149425288,OI_FLUSH;RESID,0.0,0.0,0.20970022296226,OI_FLUSH,True,0.2704022988505747,SHORT_COVER,4.0,0.47771728963257915,0.10453927982888173,SHORT_COVER;SHOCK;LS_EXT,True,0.6132183908045977,,0.0,0.0,0.20970022296226,OI_FLUSH,4.0,5.0,2025-04-24 08:00:00,2025-04-27 03:00:00
STX,True,1746565200000,1746925200000,0.284003536577906,4.166666666666667,False,0.5722701149425288,,1.0,0.1104997422651971,0.24902082831944292,SHOCK,False,0.2704022988505747,,1.0,0.1104997422651971,0.24902082831944292,SHOCK,False,0.6132183908045977,,1.0,0.1104997422651971,0.24902082831944292,SHOCK,4.0,14.0,2025-05-06 21:00:00,2025-05-11 01:00:00
STX,True,1750597200000,1750820400000,0.2530400605411373,2.5833333333333335,True,0.5722701149425288,FUND_COLD,0.0,0.0,0.2530400605411373,SHOCK,False,0.2704022988505747,,9.0,0.09434658139638424,0.22665461531488765,SHOCK,True,0.6132183908045977,,0.0,0.0,0.2530400605411373,SHOCK,30.0,36.0,2025-06-22 13:00:00,2025-06-25 03:00:00
STX,True,1751738400000,1753092000000,0.30039365933060147,15.666666666666666,False,0.5722701149425288,,40.0,0.0796518128460454,0.27346957984555764,COIL,False,0.2704022988505747,,123.0,0.31003582388496354,0.19869185741333414,SHOCK,False,0.6132183908045977,,40.0,0.0796518128460454,0.27346957984555764,COIL,123.0,192.0,2025-07-05 18:00:00,2025-07-21 10:00:00
STX,True,1760130000000,1760385600000,0.21552451154853974,2.9583333333333335,True,0.5722701149425288,OI_DIV,0.0,0.0,0.21552451154853974,OI_DIV;RESID;SHOCK;VOL;LS_EXT,False,0.2704022988505747,,5.0,0.5762626352701454,0.08621940171206481,OI_FLUSH;FUND_COLD;RESID;SHOCK;VOL;LS_EXT,True,0.6132183908045977,,0.0,0.0,0.21552451154853974,OI_DIV;RESID;SHOCK;VOL;LS_EXT,2.0,3.0,2025-10-10 21:00:00,2025-10-13 20:00:00
STX,True,1762441200000,1762693200000,0.2553462723856354,2.9166666666666665,False,0.5722701149425288,,15.0,0.34554121901200224,0.16047733892602387,RESID,False,0.2704022988505747,,15.0,0.34554121901200224,0.16047733892602387,RESID,False,0.6132183908045977,,15.0,0.34554121901200224,0.16047733892602387,RESID,13.0,25.0,2025-11-06 15:00:00,2025-11-09 13:00:00
STX,True,1767204000000,1767690000000,0.5124153254268118,5.625,True,0.5722701149425288,SHOCK,14.0,0.03972891062119899,0.48776019023282574,FUND_COLD,False,0.2704022988505747,,23.0,0.15543616060019114,0.41822026994684197,RESID,True,0.6132183908045977,,7.0,0.033918994073980066,0.4913404843997217,LS_EXT,56.0,62.0,2025-12-31 18:00:00,2026-01-06 09:00:00
STX,True,1769878800000,1770148800000,0.3204668053947158,3.125,True,0.5722701149425288,FUND_COLD,5.0,0.07674354638647862,0.29259488364793057,FUND_COLD;SHORT_CROWD,False,0.2704022988505747,,48.0,0.49315120294855475,0.15130550733895218,OI_TREND,True,0.6132183908045977,,0.0,0.0,0.3204668053947158,FUND_COLD,45.0,49.0,2026-01-31 17:00:00,2026-02-03 20:00:00
STX,True,1777950000000,1778662800000,0.2912797311507291,8.25,True,0.5722701149425288,SHOCK,1.0,0.006238802257014978,0.2892219769244434,OI_FLUSH;LS_EXT,False,0.2704022988505747,,15.0,0.10240744715033867,0.25791421561627853,SHOCK,True,0.6132183908045977,,1.0,0.006238802257014978,0.2892219769244434,OI_FLUSH;LS_EXT,16.0,16.0,2026-05-05 03:00:00,2026-05-13 09:00:00
STX,True,1787151600000,1787428800000,0.6281152877887669,3.2083333333333335,False,0.5722701149425288,,24.0,0.1334286076621675,0.5255986610853396,RESID,False,0.2704022988505747,,24.0,0.1334286076621675,0.5255986610853396,RESID,False,0.6132183908045977,,24.0,0.1334286076621675,0.5255986610853396,RESID,44.0,53.0,2026-08-19 15:00:00,2026-08-22 20:00:00
STX,True,1787457600000,1787760000000,0.3218949862902091,3.5,True,0.5722701149425288,RESID;VOL;SHORT_CROWD,1.0,0.08625444087609008,0.2904559362417359,OI_TREND;VOL;SHORT_CROWD,True,0.2704022988505747,RESID;VOL;SHORT_CROWD,1.0,0.08625444087609008,0.2904559362417359,OI_TREND;VOL;SHORT_CROWD,True,0.6132183908045977,,0.0,0.0,0.3218949862902091,VOL,7.0,12.0,2026-08-23 04:00:00,2026-08-26 16:00:00
STX,True,1789578000000,1789945200000,0.3583658247902195,4.25,False,0.5722701149425288,,66.0,0.8373392857308992,0.051082000590724645,SHOCK,False,0.2704022988505747,,66.0,0.8373392857308992,0.051082000590724645,SHOCK,False,0.6132183908045977,,66.0,0.8373392857308992,0.051082000590724645,SHOCK,32.0,41.0,2026-09-16 17:00:00,2026-09-20 23:00:00
STX,True,1790643600000,1790834400000,0.3290136465502816,2.2083333333333335,True,0.5722701149425288,OI_FLUSH,38.0,0.3665954187334614,0.1974133986847226,OI_TREND,True,0.2704022988505747,OI_TREND,38.0,0.3665954187334614,0.1974133986847226,OI_TREND,True,0.6132183908045977,,38.0,0.3665954187334614,0.1974133986847226,OI_TREND,37.0,40.0,2026-09-29 01:00:00,2026-10-01 06:00:00
SUI,False,1741651200000,1743112800000,0.22473772448415752,16.916666666666668,False,0.1543103448275862,,397.0,0.9092118639282047,0.018575600183875163,OI_TREND;SHORT_CROWD,False,0.09403735632183909,,397.0,0.9092118639282047,0.018575600183875163,OI_TREND;SHORT_CROWD,False,0.6546695402298851,,6.0,0.14546959000034973,0.1891468841783435,OI_FLUSH,36.0,370.0,2025-03-11 00:00:00,2025-03-27 22:00:00
SUI,False,1744009200000,1744513200000,0.2158782433124937,5.833333333333333,True,0.1543103448275862,OI_DIV;LS_EXT,7.0,0.5061424179984172,0.1013455802063558,OI_FLUSH;VOL,False,0.09403735632183909,,10.0,0.5363112058451869,0.0948700660495327,SHORT_COVER;VOL,True,0.6546695402298851,,1.0,0.13941730128811552,0.18319122597955945,SHOCK,6.0,7.0,2025-04-07 07:00:00,2025-04-13 03:00:00
SUI,False,1744822800000,1745834400000,0.6429810183790028,11.708333333333334,False,0.1543103448275862,,206.0,0.899636840436309,0.051094016035622844,RESID;VOL;LS_EXT,False,0.09403735632183909,,206.0,0.899636840436309,0.051094016035622844,RESID;VOL;LS_EXT,False,0.6546695402298851,,88.0,0.05882086721929364,0.5956912097648468,COIL,149.0,155.0,2025-04-16 17:00:00,2025-04-28 10:00:00
SUI,False,1746334800000,1747033200000,0.2222044149770354,8.083333333333334,False,0.1543103448275862,,65.0,0.2649054477983214,0.15893470444905633,OI_FLUSH;SHOCK,False,0.09403735632183909,,65.0,0.2649054477983214,0.15893470444905633,OI_FLUSH;SHOCK,False,0.6546695402298851,,57.0,0.20614343694738743,0.17268053321448526,OI_FLUSH,21.0,32.0,2025-05-04 05:00:00,2025-05-12 07:00:00
SUI,False,1750960800000,1752811200000,0.4419849352507129,21.416666666666668,False,0.1543103448275862,,335.0,0.605268488955596,0.15543842562054552,OI_TREND;RESID,False,0.09403735632183909,,335.0,0.605268488955596,0.15543842562054552,OI_TREND;RESID,True,0.6546695402298851,,13.0,0.039233077076870786,0.4214258358721262,SHORT_CROWD,155.0,326.0,2025-06-26 18:00:00,2025-07-18 04:00:00
SUI,False,1753336800000,1753617600000,0.2338017403240388,3.25,True,0.1543103448275862,OI_FLUSH;RESID,57.0,0.7656033321390738,0.05047957514103031,OI_TREND;RESID,True,0.09403735632183909,FUND_HOT;LONG_CROWD,57.0,0.7656033321390738,0.05047957514103031,OI_TREND;RESID,True,0.6546695402298851,,0.0,0.0,0.2338017403240388,RESID,11.0,39.0,2025-07-24 06:00:00,2025-07-27 12:00:00
SUI,False,1764662400000,1764748800000,0.2316273411962446,1.0,False,0.1543103448275862,,13.0,0.611100171149117,0.08439471571954299,OI_TREND;RESID,False,0.09403735632183909,,13.0,0.611100171149117,0.08439471571954299,OI_TREND;RESID,True,0.6546695402298851,,6.0,0.32497073535767673,0.15100229547140032,SHOCK,6.0,7.0,2025-12-02 08:00:00,2025-12-03 08:00:00
SUI,False,1766703600000,1767704400000,0.35602199785414496,11.583333333333334,False,0.1543103448275862,,185.0,0.356334392920938,0.21656564521594307,OI_TREND;RESID,False,0.09403735632183909,,185.0,0.356334392920938,0.21656564521594307,OI_TREND;RESID,False,0.6546695402298851,,62.0,0.1891220459938691,0.2801244110720352,COIL,184.0,193.0,2025-12-25 23:00:00,2026-01-06 13:00:00
SUI,False,1777939200000,1778439600000,0.4660059645431443,5.791666666666667,False,0.1543103448275862,,34.0,0.19531950474904905,0.36046128462510557,OI_TREND;RESID,False,0.09403735632183909,,34.0,0.19531950474904905,0.36046128462510557,OI_TREND;RESID,True,0.6546695402298851,,13.0,0.06352120055226851,0.43081207223642554,OI_DIV,96.0,130.0,2026-05-05 00:00:00,2026-05-10 19:00:00
SUI,False,1787151600000,1787371200000,0.21352964740690236,2.5416666666666665,False,0.1543103448275862,,1.0,0.05468245328514197,0.20075473903537316,SHORT_COVER;VOL,False,0.09403735632183909,,1.0,0.05468245328514197,0.20075473903537316,SHORT_COVER;VOL,True,0.6546695402298851,,1.0,0.05468245328514197,0.20075473903537316,SHORT_COVER;VOL,48.0,58.0,2026-08-19 15:00:00,2026-08-22 04:00:00
SUI,False,1789506000000,1790557200000,0.6790138209822683,12.166666666666666,False,0.1543103448275862,,101.0,0.24509129691665654,0.47875228226743954,OI_DIV;SHOCK,False,0.09403735632183909,,145.0,0.5386391562052786,0.2700804421345672,SHORT_COVER;VOL,True,0.6546695402298851,,87.0,0.2935973832347028,0.44204537508989733,OI_DIV,85.0,126.0,2026-09-15 21:00:00,2026-09-28 01:00:00
TAO,False,1744005600000,1744430400000,0.3769088769412166,4.916666666666667,False,0.17277298850574713,,2.0,0.1908477157760495,0.29537484663015995,OI_FLUSH;SHOCK,False,0.10323275862068966,,2.0,0.1908477157760495,0.29537484663015995,OI_FLUSH;SHOCK,True,0.6517241379310345,,0.0,0.0,0.3769088769412166,SHOCK,8.0,19.0,2025-04-07 06:00:00,2025-04-12 04:00:00
TAO,False,1744822800000,1745895600000,0.5111676560411572,12.416666666666666,False,0.17277298850574713,,23.0,0.16348364659866238,0.41253092202430414,FUND_COLD;SHORT_CROWD,False,0.10323275862068966,,28.0,0.22001784842434624,0.3799414701410697,OI_TREND;FUND_COLD;SHORT_CROWD,True,0.6517241379310345,,23.0,0.16348364659866238,0.41253092202430414,FUND_COLD;SHORT_CROWD,33.0,63.0,2025-04-16 17:00:00,2025-04-29 03:00:00
TAO,False,1746385200000,1747015200000,0.2679163343790928,7.291666666666667,False,0.17277298850574713,,,,,,False,0.10323275862068966,,,,,,False,0.6517241379310345,,120.0,0.5566081155981959,0.11098842446338547,SHORT_COVER,21.0,86.0,2025-05-04 19:00:00,2025-05-12 02:00:00
TAO,False,1752004800000,1752624000000,0.2885539336739457,7.166666666666667,False,0.17277298850574713,,,,,,False,0.10323275862068966,,,,,,True,0.6517241379310345,,0.0,0.0,0.2885539336739457,COIL,34.0,64.0,2025-07-08 20:00:00,2025-07-16 00:00:00
TAO,False,1759708800000,1760097600000,0.2724184500033682,4.5,False,0.17277298850574713,,102.0,0.5968319620377172,0.10200472030918578,OI_TREND;RESID,False,0.10323275862068966,,102.0,0.5968319620377172,0.10200472030918578,OI_TREND;RESID,True,0.6517241379310345,,17.0,0.3726771506766119,0.16315278052425267,RESID,16.0,101.0,2025-10-06 00:00:00,2025-10-10 12:00:00
TAO,False,1760230800000,1760454000000,0.5984294762693784,2.5833333333333335,True,0.17277298850574713,OI_FLUSH;RESID;SHOCK;VOL,13.0,0.25134851881323933,0.4206772477882373,FUND_COLD;SHOCK,True,0.10323275862068966,OI_FLUSH;FUND_COLD;SHOCK;VOL,13.0,0.25134851881323933,0.4206772477882373,FUND_COLD;SHOCK,True,0.6517241379310345,,7.0,0.1608761922398794,0.48225883721589413,FUND_COLD,14.0,16.0,2025-10-12 01:00:00,2025-10-14 15:00:00
TAO,False,1760684400000,1760878800000,0.2878278459365076,2.25,False,0.17277298850574713,,,,,,False,0.10323275862068966,,,,,,True,0.6517241379310345,,51.0,0.7653289534422203,0.061158965213695515,LS_EXT,14.0,18.0,2025-10-17 07:00:00,2025-10-19 13:00:00
TAO,False,1761850800000,1761994800000,0.31658891299365366,1.6666666666666667,False,0.17277298850574713,,40.0,1.0,0.0,OI_TREND;RESID,False,0.10323275862068966,,40.0,1.0,0.0,OI_TREND;RESID,False,0.6517241379310345,,20.0,0.6736493323558409,0.0939126648165051,OI_TREND,9.0,18.0,2025-10-30 19:00:00,2025-11-01 11:00:00
TAO,False,1766570400000,1767891600000,0.3737403949224898,15.291666666666666,False,0.17277298850574713,,,,,,False,0.10323275862068966,,,,,,False,0.6517241379310345,,15.0,0.15309270423279894,0.3085564733034808,SHORT_COVER,209.0,232.0,2025-12-24 10:00:00,2026-01-08 17:00:00
TAO,False,1770847200000,1771056000000,0.3522427076421481,2.4166666666666665,False,0.17277298850574713,,12.0,0.24820275390658803,0.2546613609725396,SHORT_COVER;RESID,False,0.10323275862068966,,12.0,0.24820275390658803,0.2546613609725396,SHORT_COVER;RESID,False,0.6517241379310345,,11.0,0.22500992492147917,0.2634732499504104,RESID,43.0,48.0,2026-02-11 22:00:00,2026-02-14 08:00:00
TAO,False,1771822800000,1773597600000,0.5992357545483283,20.541666666666668,False,0.17277298850574713,,279.0,0.03705818432135862,0.5716500988426808,OI_DIV;SHORT_CROWD,False,0.10323275862068966,,489.0,0.8572281358846727,0.06933299242219726,FUND_COLD;RESID;VOL;SHORT_CROWD,False,0.6517241379310345,,121.0,0.10401609920987297,0.5230084362216529,SHOCK,335.0,429.0,2026-02-23 05:00:00,2026-03-15 18:00:00
TAO,False,1773914400000,1773990000000,0.2113466129385816,0.875,False,0.17277298850574713,,18.0,0.9049219267456706,0.0183967432789047,OI_TREND;RESID,False,0.10323275862068966,,18.0,0.9049219267456706,0.0183967432789047,OI_TREND;RESID,False,0.6517241379310345,,10.0,0.28139882382936454,0.1477222240681992,SHOCK,11.0,12.0,2026-03-19 10:00:00,2026-03-20 07:00:00
TAO,False,1774090800000,1774458000000,0.38095326839434607,4.25,True,0.17277298850574713,OI_FLUSH;RESID,77.0,0.5768200227583278,0.14635977491514882,OI_TREND;RESID,True,0.10323275862068966,OI_TREND;RESID;VOL,77.0,0.5768200227583278,0.14635977491514882,OI_TREND;RESID,True,0.6517241379310345,,65.0,0.45334971906451693,0.19296823529147208,OI_TREND,61.0,68.0,2026-03-21 11:00:00,2026-03-25 17:00:00
TAO,False,1776870000000,1778436000000,0.3163373967851493,18.125,False,0.17277298850574713,,,,,,False,0.10323275862068966,,,,,,False,0.6517241379310345,,36.0,0.09186468800749704,0.28351688784995843,LS_EXT,144.0,231.0,2026-04-22 15:00:00,2026-05-10 18:00:00
TAO,False,1780718400000,1781413200000,0.38010568941374123,8.041666666666666,False,0.17277298850574713,,171.0,0.5269571473423363,0.1646207814757732,OI_TREND;RESID;SHOCK,False,0.10323275862068966,,171.0,0.5269571473423363,0.1646207814757732,OI_TREND;RESID;SHOCK,True,0.6517241379310345,,0.0,0.0,0.38010568941374123,FUND_COLD,34.0,171.0,2026-06-06 04:00:00,2026-06-14 05:00:00
TAO,False,1788476400000,1788746400000,0.23678682159615236,3.125,True,0.17277298850574713,FUND_COLD;SHOCK,66.0,0.7017072312843255,0.0654446330251286,FUND_COLD;RESID,True,0.10323275862068966,FUND_COLD;SHOCK,66.0,0.7017072312843255,0.0654446330251286,FUND_COLD;RESID,True,0.6517241379310345,,4.0,0.07950337572102034,0.21606586216543056,FUND_COLD,31.0,64.0,2026-09-03 23:00:00,2026-09-07 02:00:00
TAO,False,1789570800000,1790053200000,0.34362178479605193,5.583333333333333,False,0.17277298850574713,,128.0,0.9035823117215745,0.02888817363499576,OI_TREND;RESID;VOL,False,0.10323275862068966,,128.0,0.9035823117215745,0.02888817363499576,OI_TREND;RESID;VOL,True,0.6517241379310345,,17.0,0.17421517560994845,0.2762308255669138,FUND_COLD,35.0,67.0,2026-09-16 15:00:00,2026-09-22 05:00:00
TIA,False,1741651200000,1741903200000,0.2991090879148017,2.9166666666666665,False,0.19454022988505748,,44.0,0.9686897760334587,0.008226875371497744,OI_TREND;SHORT_CROWD;LS_EXT,False,0.08505747126436781,,44.0,0.9686897760334587,0.008226875371497744,OI_TREND;SHORT_CROWD;LS_EXT,True,0.7085488505747126,,31.0,0.5229765415069724,0.13295230445128972,LS_EXT,19.0,26.0,2025-03-11 00:00:00,2025-03-13 22:00:00
TIA,False,1746597600000,1746936000000,0.32419031437452867,3.9166666666666665,False,0.19454022988505748,,25.0,0.4021426315188198,0.18279355496542096,OI_TREND;RESID;SHOCK;VOL,False,0.08505747126436781,,25.0,0.4021426315188198,0.18279355496542096,OI_TREND;RESID;SHOCK;VOL,True,0.7085488505747126,,5.0,0.08937119695293709,0.291372557484232,FUND_COLD,25.0,52.0,2025-05-07 06:00:00,2025-05-11 04:00:00
TIA,False,1751349600000,1751587200000,0.2060644651862482,2.75,True,0.19454022988505748,OI_DIV;COIL,,,,,False,0.08505747126436781,,,,,,True,0.7085488505747126,,0.0,0.0,0.2060644651862482,OI_DIV,28.0,37.0,2025-07-01 06:00:00,2025-07-04 00:00:00
TIA,False,1751738400000,1752260400000,0.2722139761402434,6.041666666666667,True,0.19454022988505748,OI_FLUSH;FUND_COLD,35.0,0.520421535479119,0.12239261907168299,OI_TREND;RESID,False,0.08505747126436781,,35.0,0.520421535479119,0.12239261907168299,OI_TREND;RESID,True,0.7085488505747126,,6.0,0.09169780857603192,0.2444350209428956,FUND_COLD,27.0,35.0,2025-07-05 18:00:00,2025-07-11 19:00:00
TIA,False,1752537600000,1753138800000,0.23875272610007683,6.958333333333333,False,0.19454022988505748,,,,,,False,0.08505747126436781,,,,,,True,0.7085488505747126,,16.0,0.373102458302783,0.14364656983164031,SHOCK,16.0,45.0,2025-07-15 00:00:00,2025-07-21 23:00:00
TIA,False,1757026800000,1757415600000,0.20798707996854443,4.5,True,0.19454022988505748,FUND_HOT;LONG_CROWD;COIL,108.0,1.0,0.0,OI_TREND;RESID;SHOCK,True,0.08505747126436781,FUND_HOT;LONG_CROWD;COIL,108.0,1.0,0.0,OI_TREND;RESID;SHOCK,True,0.7085488505747126,,13.0,0.15501305371473326,0.17311763456540308,SHORT_COVER,61.0,94.0,2025-09-04 23:00:00,2025-09-09 11:00:00
TIA,False,1760130000000,1760461200000,0.37637843637746,3.8333333333333335,False,0.19454022988505748,,0.0,0.0,0.37637843637746,OI_FLUSH;RESID;SHOCK;VOL;LS_EXT,False,0.08505747126436781,,2.0,0.22765919674973611,0.27983183919362276,OI_FLUSH;FUND_COLD;RESID;SHOCK;VOL;LS_EXT,True,0.7085488505747126,,0.0,0.0,0.37637843637746,OI_FLUSH;RESID;SHOCK;VOL;LS_EXT,5.0,11.0,2025-10-10 21:00:00,2025-10-14 17:00:00
TIA,False,1762239600000,1762552800000,0.4819323054339452,3.625,True,0.19454022988505748,SHOCK;SHORT_CROWD,,,,,False,0.08505747126436781,,,,,,True,0.7085488505747126,,15.0,0.10555161689574646,0.4216646193323875,LS_EXT,79.0,81.0,2025-11-04 07:00:00,2025-11-07 22:00:00
TIA,False,1766570400000,1767546000000,0.2991821606849766,11.291666666666666,False,0.19454022988505748,,,,,,False,0.08505747126436781,,,,,,False,0.7085488505747126,,40.0,0.1911675371633017,0.23577676485701712,SHOCK,79.0,201.0,2025-12-24 10:00:00,2026-01-04 17:00:00
TIA,False,1771819200000,1772035200000,0.20208776897813427,2.5,True,0.19454022988505748,FUND_COLD;SHOCK;SHORT_CROWD,4.0,0.07872263416202172,0.18479548847393293,FUND_COLD;SHORT_CROWD,False,0.08505747126436781,,,,,,True,0.7085488505747126,,3.0,0.05042583183571357,0.190982362632535,FUND_COLD;SHORT_CROWD,51.0,56.0,2026-02-23 04:00:00,2026-02-25 16:00:00
TIA,False,1776110400000,1776470400000,0.3839144163927922,4.166666666666667,False,0.19454022988505748,,2.0,0.08431601799913385,0.34651583409114206,OI_TREND;SHOCK,False,0.08505747126436781,,2.0,0.08431601799913385,0.34651583409114206,OI_TREND;SHOCK,True,0.7085488505747126,,2.0,0.08431601799913385,0.34651583409114206,OI_TREND;SHOCK,54.0,64.0,2026-04-13 20:00:00,2026-04-18 00:00:00
TIA,False,1777906800000,1778662800000,0.45126409078454255,8.75,False,0.19454022988505748,,10.0,0.17045466279386606,0.3619965671781377,OI_TREND;SHOCK,False,0.08505747126436781,,10.0,0.17045466279386606,0.3619965671781377,OI_TREND;SHOCK,True,0.7085488505747126,,10.0,0.17045466279386606,0.3619965671781377,OI_TREND;SHOCK,81.0,95.0,2026-05-04 15:00:00,2026-05-13 09:00:00
TIA,False,1779094800000,1779451200000,0.20522992750450822,4.125,False,0.19454022988505748,,,,,,False,0.08505747126436781,,,,,,True,0.7085488505747126,,82.0,0.6369649078970407,0.07011689622653752,SHORT_COVER,12.0,59.0,2026-05-18 09:00:00,2026-05-22 12:00:00
TIA,False,1780718400000,1781668800000,0.35934403050610064,11.0,True,0.19454022988505748,FUND_COLD;SHOCK;SHORT_CROWD,,,,,False,0.08505747126436781,,,,,,True,0.7085488505747126,,0.0,0.0,0.35934403050610064,SHOCK,81.0,216.0,2026-06-06 04:00:00,2026-06-17 04:00:00
TIA,False,1788188400000,1788789600000,0.344578800183169,6.958333333333333,True,0.19454022988505748,OI_DIV;LS_EXT,139.0,0.6408515598730667,0.1121965780354293,OI_TREND;RESID,False,0.08505747126436781,,139.0,0.6408515598730667,0.1121965780354293,OI_TREND;RESID,True,0.7085488505747126,,20.0,0.27358987799715273,0.2399562455775932,RESID,22.0,127.0,2026-08-31 15:00:00,2026-09-07 14:00:00
TIA,False,1789520400000,1790154000000,0.4523472281667034,7.333333333333333,False,0.19454022988505748,,59.0,0.5139170842770545,0.19889094991987047,OI_TREND;RESID,False,0.08505747126436781,,59.0,0.5139170842770545,0.19889094991987047,OI_TREND;RESID,True,0.7085488505747126,,0.0,0.0,0.4523472281667034,FUND_COLD,48.0,59.0,2026-09-16 01:00:00,2026-09-23 09:00:00
TRUMP,False,1744927200000,1745442000000,0.7628101915952514,5.958333333333333,True,0.21257183908045976,OI_DIV;FUND_COLD;SHORT_CROWD,2.0,0.010913848705787934,0.7519370715861087,FUND_COLD;SHORT_CROWD,False,0.09454022988505748,,29.0,0.18755279588139775,0.584999074362425,OI_TREND;RESID,True,0.5998563218390804,,0.0,0.0,0.7628101915952514,SHORT_CROWD,137.0,138.0,2025-04-17 22:00:00,2025-04-23 21:00:00
TRUMP,False,1745528400000,1745661600000,0.3331964404551395,1.5416666666666667,True,0.21257183908045976,OI_TREND;RESID;VOL,,,,,True,0.09454022988505748,OI_TREND;RESID;VOL,,,,,True,0.5998563218390804,,0.0,0.0,0.3331964404551395,RESID;VOL,10.0,29.0,2025-04-24 21:00:00,2025-04-26 10:00:00
TRUMP,False,1746633600000,1746835200000,0.2861393042988354,2.3333333333333335,False,0.21257183908045976,,,,,,False,0.09454022988505748,,,,,,True,0.5998563218390804,,,,,,12.0,33.0,2025-05-07 16:00:00,2025-05-10 00:00:00
TRUMP,False,1752566400000,1753099200000,0.2634571115098403,6.166666666666667,False,0.21257183908045976,,27.0,0.4262704595956076,0.14358450279496182,OI_TREND;RESID;SHOCK,False,0.09454022988505748,,27.0,0.4262704595956076,0.14358450279496182,OI_TREND;RESID;SHOCK,False,0.5998563218390804,,6.0,0.010987668286633157,0.26021484474905443,SHOCK,27.0,69.0,2025-07-15 08:00:00,2025-07-21 12:00:00
TRUMP,False,1760130000000,1761588000000,0.47805481509010195,16.875,True,0.21257183908045976,FUND_COLD;RESID;SHOCK,0.0,0.0,0.47805481509010195,OI_FLUSH;FUND_COLD;RESID;SHOCK;VOL;LS_EXT,False,0.09454022988505748,,24.0,0.30750094855187393,0.3107218473734867,SHORT_COVER;RESID;VOL;LS_EXT,True,0.5998563218390804,,0.0,0.0,0.47805481509010195,OI_FLUSH;FUND_COLD;RESID;SHOCK;VOL;LS_EXT,11.0,69.0,2025-10-10 21:00:00,2025-10-27 18:00:00
TRUMP,False,1761634800000,1761782400000,0.3083268586289224,1.7083333333333333,True,0.21257183908045976,OI_TREND;RESID;VOL,1.0,0.031651389395649675,0.2972450595898445,OI_TREND;RESID;VOL,True,0.09454022988505748,OI_TREND;RESID;VOL,1.0,0.031651389395649675,0.2972450595898445,OI_TREND;RESID;VOL,True,0.5998563218390804,,0.0,0.0,0.3083268586289224,OI_TREND;VOL,6.0,20.0,2025-10-28 07:00:00,2025-10-30 00:00:00
TRUMP,False,1762221600000,1762801200000,0.34098577788779927,6.708333333333333,False,0.21257183908045976,,157.0,0.883285090929232,0.034837839610407886,OI_TREND;RESID;SHOCK,False,0.09454022988505748,,157.0,0.883285090929232,0.034837839610407886,OI_TREND;RESID;SHOCK,False,0.5998563218390804,,146.0,0.5140952473475542,0.1532302102106995,SHOCK,15.0,43.0,2025-11-04 02:00:00,2025-11-10 19:00:00
TRUMP,False,1773327600000,1773399600000,0.5272384586500986,0.8333333333333334,False,0.21257183908045976,,4.0,0.13944460716743778,0.439666944496365,OI_DIV;SHOCK;VOL;SHORT_CROWD,False,0.09454022988505748,,4.0,0.13944460716743778,0.439666944496365,OI_DIV;SHOCK;VOL;SHORT_CROWD,True,0.5998563218390804,,0.0,0.0,0.5272384586500986,SHORT_CROWD,15.0,16.0,2026-03-12 15:00:00,2026-03-13 11:00:00
TRUMP,False,1779962400000,1780527600000,0.22322091275514996,6.541666666666667,False,0.21257183908045976,,,,,,False,0.09454022988505748,,,,,,True,0.5998563218390804,,0.0,0.0,0.22322091275514996,FUND_COLD,29.0,101.0,2026-05-28 10:00:00,2026-06-03 23:00:00
TRUMP,False,1780718400000,1781312400000,0.458102487720968,6.875,True,0.21257183908045976,FUND_COLD;RESID,0.0,0.0,0.458102487720968,FUND_COLD;SHOCK,False,0.09454022988505748,,149.0,0.6019746211670916,0.16196166716086938,OI_TREND;RESID;SHOCK,True,0.5998563218390804,,0.0,0.0,0.458102487720968,FUND_COLD;SHOCK,147.0,149.0,2026-06-06 04:00:00,2026-06-13 01:00:00
TRUMP,False,1787151600000,1787184000000,0.24606869590788963,0.375,False,0.21257183908045976,,5.0,0.40356252741478144,0.14020993406236318,OI_TREND;RESID;SHOCK,False,0.09454022988505748,,5.0,0.40356252741478144,0.14020993406236318,OI_TREND;RESID;SHOCK,False,0.5998563218390804,,4.0,0.17832340710176145,0.19813185023628646,SHOCK,5.0,6.0,2026-08-19 15:00:00,2026-08-20 00:00:00
TRUMP,False,1787277600000,1787371200000,0.8366558540158816,1.0833333333333333,True,0.21257183908045976,OI_DIV;VOL,20.0,0.13296663349088694,0.694029236479599,RESID;SHOCK;VOL,True,0.09454022988505748,OI_TREND;VOL,20.0,0.13296663349088694,0.694029236479599,RESID;SHOCK;VOL,True,0.5998563218390804,,0.0,0.0,0.8366558540158816,RESID;VOL,24.0,25.0,2026-08-21 02:00:00,2026-08-22 04:00:00
TRUMP,False,1787454000000,1787500800000,0.2115865236506289,0.5416666666666666,True,0.21257183908045976,RESID;SHOCK;VOL,1.0,0.020120007730500444,0.20691682669849634,OI_FLUSH;RESID;VOL,True,0.09454022988505748,RESID;SHOCK;VOL,,,,,True,0.5998563218390804,,0.0,0.0,0.2115865236506289,VOL,2.0,3.0,2026-08-23 03:00:00,2026-08-23 16:00:00
TRUMP,False,1787698800000,1787976000000,0.39511355705152906,3.2083333333333335,False,0.21257183908045976,,,,,,False,0.09454022988505748,,,,,,True,0.5998563218390804,,0.0,0.0,0.39511355705152906,FUND_COLD,39.0,41.0,2026-08-25 23:00:00,2026-08-29 04:00:00
TRX,False,1752476400000,1756062000000,0.31221421113295805,41.5,False,0.1980603448275862,,64.0,0.20529936674435798,0.2410190242038477,OI_TREND;RESID;LS_EXT,False,0.07011494252873564,,64.0,0.20529936674435798,0.2410190242038477,OI_TREND;RESID;LS_EXT,True,0.6333333333333333,,60.0,0.13083408891818754,0.2663848157091306,LS_EXT,91.0,362.0,2025-07-14 07:00:00,2025-08-24 19:00:00
TRX,False,1761570000000,1763715600000,0.29921216787375965,24.833333333333332,False,0.1980603448275862,,179.0,0.07427604137761902,0.2741963980272347,RESID;SHORT_CROWD,False,0.07011494252873564,,,,,,True,0.6333333333333333,,1.0,0.00654671293370285,0.29698767319219116,SHORT_CROWD,200.0,413.0,2025-10-27 13:00:00,2025-11-21 09:00:00
TRX,False,1764813600000,1770325200000,0.43608381883808683,63.791666666666664,False,0.1980603448275862,,25.0,0.13025974781297198,0.36995275204118094,OI_TREND;RESID,False,0.07011494252873564,,25.0,0.13025974781297198,0.36995275204118094,OI_TREND;RESID,False,0.6333333333333333,,9.0,0.03928248702939039,0.4158113050156864,COIL,908.0,1407.0,2025-12-04 02:00:00,2026-02-05 21:00:00
TRX,False,1773709200000,1774821600000,0.25202762455841543,12.875,False,0.1980603448275862,,13.0,0.20938787127950517,0.1944686125084073,OI_TREND;SHOCK,False,0.07011494252873564,,13.0,0.20938787127950517,0.1944686125084073,OI_TREND;SHOCK,True,0.6333333333333333,,13.0,0.20938787127950517,0.1944686125084073,OI_TREND;SHOCK,37.0,84.0,2026-03-17 01:00:00,2026-03-29 22:00:00
TRX,False,1777251600000,1780682400000,0.31731411508104507,39.708333333333336,True,0.1980603448275862,OI_FLUSH;FUND_COLD,58.0,0.07284680733575395,0.29113114868430795,FUND_COLD;SHORT_CROWD,False,0.07011494252873564,,148.0,0.23384340326017758,0.23509618849557964,RESID;SHOCK;VOL;LS_EXT,True,0.6333333333333333,,47.0,0.12369633861049444,0.27316359409193725,COIL,398.0,586.0,2026-04-27 01:00:00,2026-06-05 18:00:00
UB,False,1759410000000,1759525200000,0.30252621278311714,1.3333333333333333,False,0.20090446579988694,,,,,,False,0.16461277557942341,,,,,,False,0.5430186546071226,,,,,,5.0,29.0,2025-10-02 13:00:00,2025-10-03 21:00:00
UB,False,1759564800000,1759899600000,0.2543417673503629,3.875,False,0.20090446579988694,,,,,,False,0.16461277557942341,,,,,,False,0.5430186546071226,,,,,,26.0,29.0,2025-10-04 08:00:00,2025-10-08 05:00:00
UB,False,1759914000000,1760180400000,0.25363450716418257,3.0833333333333335,False,0.20090446579988694,,,,,,False,0.16461277557942341,,,,,,False,0.5430186546071226,,,,,,22.0,58.0,2025-10-08 09:00:00,2025-10-11 11:00:00
UB,False,1760367600000,1760655600000,0.29306635613932747,3.3333333333333335,False,0.20090446579988694,,,,,,False,0.16461277557942341,,,,,,True,0.5430186546071226,,0.0,0.0,0.29306635613932747,LS_EXT,18.0,70.0,2025-10-13 15:00:00,2025-10-16 23:00:00
UB,False,1760680800000,1760774400000,0.22868181992270709,1.0833333333333333,False,0.20090446579988694,,26.0,1.0,0.0,FUND_HOT;LONG_CROWD,False,0.16461277557942341,,26.0,1.0,0.0,FUND_HOT;LONG_CROWD,True,0.5430186546071226,,26.0,1.0,0.0,FUND_HOT;LONG_CROWD,3.0,4.0,2025-10-17 06:00:00,2025-10-18 08:00:00
UB,False,1760936400000,1761087600000,0.4384969888537494,1.75,True,0.20090446579988694,FUND_HOT;LONG_CROWD,,,,,True,0.16461277557942341,FUND_HOT;LONG_CROWD,,,,,True,0.5430186546071226,,23.0,0.5388264526519498,0.18256067797610565,FUND_HOT,12.0,23.0,2025-10-20 05:00:00,2025-10-21 23:00:00
UB,False,1761134400000,1761177600000,0.35509491526598297,0.5,False,0.20090446579988694,,,,,,False,0.16461277557942341,,,,,,True,0.5430186546071226,,0.0,0.0,0.35509491526598297,SHOCK,1.0,4.0,2025-10-22 12:00:00,2025-10-23 00:00:00
UB,False,1761192000000,1761224400000,0.25970726402437605,0.375,False,0.20090446579988694,,8.0,0.5287135366482092,0.11495084511416925,FUND_HOT;RESID,False,0.16461277557942341,,8.0,0.5287135366482092,0.11495084511416925,FUND_HOT;RESID,True,0.5430186546071226,,7.0,0.5725360126844367,0.10372697658479868,FUND_HOT,4.0,7.0,2025-10-23 04:00:00,2025-10-23 13:00:00
UB,False,1761228000000,1761274800000,0.32158660733646743,0.5416666666666666,True,0.20090446579988694,FUND_HOT;RESID;SHOCK,13.0,1.0,0.0,FUND_HOT;RESID,True,0.16461277557942341,FUND_HOT;RESID;SHOCK,13.0,1.0,0.0,FUND_HOT;RESID,True,0.5430186546071226,,0.0,0.0,0.32158660733646743,FUND_HOT;SHOCK,4.0,5.0,2025-10-23 14:00:00,2025-10-24 03:00:00
UB,False,1761368400000,1761566400000,0.8320087020724504,2.2916666666666665,True,0.20090446579988694,FUND_HOT;RESID,50.0,0.8987007752094796,0.06324746316898198,FUND_HOT;RESID;SHOCK,True,0.16461277557942341,FUND_HOT;RESID,50.0,0.8987007752094796,0.06324746316898198,FUND_HOT;RESID;SHOCK,True,0.5430186546071226,,11.0,0.4433669707770692,0.40072909216902697,FUND_HOT,4.0,12.0,2025-10-25 05:00:00,2025-10-27 12:00:00
UB,False,1762009200000,1762142400000,0.22897798410012077,1.5416666666666667,False,0.20090446579988694,,,,,,False,0.16461277557942341,,,,,,True,0.5430186546071226,,0.0,0.0,0.22897798410012077,RESID,5.0,14.0,2025-11-01 15:00:00,2025-11-03 04:00:00
UB,False,1763622000000,1763841600000,0.260037702250695,2.5416666666666665,False,0.20090446579988694,,,,,,False,0.16461277557942341,,,,,,False,0.5430186546071226,,,,,,10.0,24.0,2025-11-20 07:00:00,2025-11-22 20:00:00
UB,False,1766577600000,1766865600000,0.22409045568219244,3.3333333333333335,True,0.20090446579988694,OI_DIV;RESID,0.0,0.0,0.22409045568219244,OI_DIV;RESID;SHOCK;VOL,False,0.16461277557942341,,,,,,True,0.5430186546071226,,0.0,0.0,0.22409045568219244,OI_DIV;RESID;SHOCK;VOL,3.0,28.0,2025-12-24 12:00:00,2025-12-27 20:00:00
UB,False,1767582000000,1767823200000,0.29740276655078246,2.7916666666666665,False,0.20090446579988694,,65.0,0.9063091617534412,0.02469372016200112,OI_TREND;FUND_HOT;RESID;LONG_CROWD,False,0.16461277557942341,,65.0,0.9063091617534412,0.02469372016200112,OI_TREND;FUND_HOT;RESID;LONG_CROWD,True,0.5430186546071226,,64.0,0.7973900105054339,0.05416862929816362,RESID;SHOCK,38.0,57.0,2026-01-05 03:00:00,2026-01-07 22:00:00
UB,False,1767834000000,1767877200000,0.2753512774620884,0.5,True,0.20090446579988694,OI_TREND;FUND_HOT;SHOCK;VOL;LONG_CROWD,5.0,0.24429497254654894,0.2017800413752837,FUND_HOT;VOL,True,0.16461277557942341,OI_TREND;FUND_HOT;SHOCK;VOL;LONG_CROWD,11.0,0.6967862335886379,0.07653564939846906,FUND_HOT;RESID;SHOCK;VOL;LONG_CROWD,True,0.5430186546071226,,0.0,0.0,0.2753512774620884,FUND_HOT;VOL,7.0,11.0,2026-01-08 01:00:00,2026-01-08 13:00:00
UB,False,1768917600000,1769378400000,0.20277715963929385,5.333333333333333,False,0.20090446579988694,,,,,,False,0.16461277557942341,,,,,,False,0.5430186546071226,,,,,,4.0,9.0,2026-01-20 14:00:00,2026-01-25 22:00:00
UB,False,1769619600000,1769882400000,0.29022097748648273,3.0416666666666665,False,0.20090446579988694,,,,,,False,0.16461277557942341,,,,,,False,0.5430186546071226,,73.0,1.0,0.0,OI_TREND,24.0,32.0,2026-01-28 17:00:00,2026-01-31 18:00:00
UB,False,1770080400000,1770321600000,0.4028724710462439,2.7916666666666665,False,0.20090446579988694,,,,,,False,0.16461277557942341,,,,,,True,0.5430186546071226,,0.0,0.0,0.4028724710462439,RESID,8.0,11.0,2026-02-03 01:00:00,2026-02-05 20:00:00
UB,False,1770436800000,1770771600000,0.31016180712253655,3.875,False,0.20090446579988694,,76.0,0.6300619168780699,0.10510351830997203,OI_TREND;SHOCK,False,0.16461277557942341,,76.0,0.6300619168780699,0.10510351830997203,OI_TREND;SHOCK,False,0.5430186546071226,,51.0,0.4055567414130968,0.17420254326214443,SHOCK,51.0,59.0,2026-02-07 04:00:00,2026-02-11 01:00:00
UB,False,1770858000000,1771156800000,0.3317504532290488,3.4583333333333335,True,0.20090446579988694,OI_TREND;SHOCK,,,,,True,0.16461277557942341,OI_TREND;SHOCK,,,,,True,0.5430186546071226,,4.0,0.13915708102660743,0.2797010673760416,OI_TREND,6.0,9.0,2026-02-12 01:00:00,2026-02-15 12:00:00
UB,False,1771776000000,1771984800000,0.35823865298745255,2.4166666666666665,False,0.20090446579988694,,23.0,0.4941422148404913,0.1675271487824608,OI_TREND;FUND_HOT;LONG_CROWD,False,0.16461277557942341,,23.0,0.4941422148404913,0.1675271487824608,OI_TREND;FUND_HOT;LONG_CROWD,True,0.5430186546071226,,15.0,0.5014039139482093,0.16493409368884057,LONG_CROWD,12.0,15.0,2026-02-22 16:00:00,2026-02-25 02:00:00
UB,False,1772650800000,1772802000000,0.2891929134804862,1.75,False,0.20090446579988694,,,,,,False,0.16461277557942341,,,,,,False,0.5430186546071226,,38.0,0.8517581900141076,0.038373811982237487,LS_EXT,8.0,20.0,2026-03-04 19:00:00,2026-03-06 13:00:00
UB,False,1773788400000,1774458000000,0.27716944751942973,7.75,False,0.20090446579988694,,,,,,False,0.16461277557942341,,,,,,True,0.5430186546071226,,9.0,0.05056814318642703,0.2614665251641631,OI_FLUSH,23.0,47.0,2026-03-17 23:00:00,2026-03-25 17:00:00
UB,False,1774742400000,1774846800000,0.2529412123883256,1.2083333333333333,True,0.20090446579988694,OI_DIV;FUND_HOT,0.0,0.0,0.2529412123883256,OI_DIV;RESID,True,0.16461277557942341,FUND_HOT;LONG_CROWD,28.0,0.9767642653763794,0.0052532633576819684,FUND_HOT;RESID,True,0.5430186546071226,,0.0,0.0,0.2529412123883256,OI_DIV;RESID,6.0,15.0,2026-03-29 00:00:00,2026-03-30 05:00:00
UB,False,1775772000000,1776150000000,0.37101441582794914,4.375,False,0.20090446579988694,,24.0,0.5110242012063455,0.16683710702697846,FUND_HOT;RESID,False,0.16461277557942341,,24.0,0.5110242012063455,0.16683710702697846,FUND_HOT;RESID,True,0.5430186546071226,,13.0,0.39328794117083354,0.21100252003026332,FUND_HOT,10.0,22.0,2026-04-09 22:00:00,2026-04-14 07:00:00
UB,False,1776243600000,1776589200000,0.8968319568329726,4.0,False,0.20090446579988694,,19.0,0.4485914703623834,0.4233361628981999,FUND_HOT;RESID,False,0.16461277557942341,,19.0,0.4485914703623834,0.4233361628981999,FUND_HOT;RESID,True,0.5430186546071226,,15.0,0.39900691490994644,0.4692422920456867,RESID,14.0,25.0,2026-04-15 09:00:00,2026-04-19 09:00:00
UB,False,1776729600000,1776880800000,0.672969889338986,1.75,False,0.20090446579988694,,42.0,1.0,0.0,RESID;SHOCK;VOL,False,0.16461277557942341,,42.0,1.0,0.0,RESID;SHOCK;VOL,False,0.5430186546071226,,41.0,0.7168430541177567,0.15686375525070548,VOL,17.0,40.0,2026-04-21 00:00:00,2026-04-22 18:00:00
UB,False,1776884400000,1776891600000,0.29914309510962617,0.08333333333333333,True,0.20090446579988694,RESID;SHOCK;VOL,1.0,0.5252408884558782,0.13229526529431448,FUND_HOT;RESID;SHOCK;VOL,True,0.16461277557942341,RESID;SHOCK;VOL,1.0,0.5252408884558782,0.13229526529431448,FUND_HOT;RESID;SHOCK;VOL,True,0.5430186546071226,,0.0,0.0,0.29914309510962617,SHOCK;VOL,1.0,1.0,2026-04-22 19:00:00,2026-04-22 21:00:00
UB,False,1776956400000,1776967200000,0.20527931600832777,0.125,True,0.20090446579988694,FUND_HOT;RESID;SHOCK;VOL,3.0,1.0,0.0,OI_FLUSH;VOL,True,0.16461277557942341,FUND_HOT;RESID;SHOCK;VOL,,,,,True,0.5430186546071226,,0.0,0.0,0.20527931600832777,SHOCK;VOL,2.0,2.0,2026-04-23 15:00:00,2026-04-23 18:00:00
UB,False,1777176000000,1777230000000,0.2583837715121247,0.625,True,0.20090446579988694,OI_FLUSH;RESID;VOL,,,,,False,0.16461277557942341,,,,,,True,0.5430186546071226,,0.0,0.0,0.2583837715121247,OI_FLUSH,3.0,5.0,2026-04-26 04:00:00,2026-04-26 19:00:00
UB,False,1777251600000,1777532400000,0.6184573020422577,3.25,False,0.20090446579988694,,,,,,False,0.16461277557942341,,,,,,True,0.5430186546071226,,0.0,0.0,0.6184573020422577,SHORT_COVER,32.0,39.0,2026-04-27 01:00:00,2026-04-30 07:00:00
UB,False,1777550400000,1777554000000,0.28527650219997774,0.041666666666666664,False,0.20090446579988694,,1.0,1.0,0.0,FUND_COLD;SHOCK;VOL,False,0.16461277557942341,,1.0,1.0,0.0,FUND_COLD;SHOCK;VOL,True,0.5430186546071226,,0.0,0.0,0.28527650219997774,FUND_COLD,1.0,1.0,2026-04-30 12:00:00,2026-04-30 13:00:00
UB,False,1777615200000,1777647600000,1.0432901868274815,0.375,True,0.20090446579988694,SHORT_COVER;VOL,2.0,0.32945434569652815,0.6146948716026439,SHORT_COVER;SHOCK,True,0.16461277557942341,SHORT_COVER;VOL,2.0,0.32945434569652815,0.6146948716026439,SHORT_COVER;SHOCK,True,0.5430186546071226,,0.0,0.0,1.0432901868274815,OI_FLUSH,2.0,4.0,2026-05-01 06:00:00,2026-05-01 15:00:00
UB,False,1777662000000,1777712400000,0.6848391301573218,0.5833333333333334,True,0.20090446579988694,RESID;SHOCK;VOL,0.0,0.0,0.6848391301573218,OI_TREND;VOL,True,0.16461277557942341,RESID;SHOCK;VOL,0.0,0.0,0.6848391301573218,OI_TREND;VOL,True,0.5430186546071226,,0.0,0.0,0.6848391301573218,OI_TREND;VOL,2.0,4.0,2026-05-01 19:00:00,2026-05-02 09:00:00
UB,False,1777719600000,1777755600000,0.3469662494515864,0.4166666666666667,True,0.20090446579988694,RESID;VOL;LS_EXT,1.0,0.36226511447037735,0.20919206649409056,SHORT_COVER;VOL;LS_EXT,True,0.16461277557942341,RESID;VOL;LS_EXT,1.0,0.36226511447037735,0.20919206649409056,SHORT_COVER;VOL;LS_EXT,True,0.5430186546071226,,0.0,0.0,0.3469662494515864,SHOCK;VOL,1.0,3.0,2026-05-02 11:00:00,2026-05-02 21:00:00
UB,False,1777806000000,1777867200000,0.27380726885646317,0.7083333333333334,True,0.20090446579988694,OI_FLUSH;SHOCK;LS_EXT,,,,,True,0.16461277557942341,SHORT_COVER;VOL;LS_EXT,,,,,True,0.5430186546071226,,0.0,0.0,0.27380726885646317,OI_FLUSH;LS_EXT,2.0,2.0,2026-05-03 11:00:00,2026-05-04 04:00:00
UB,False,1778331600000,1778515200000,0.5152403072919817,2.125,False,0.20090446579988694,,,,,,False,0.16461277557942341,,,,,,True,0.5430186546071226,,,,,,5.0,20.0,2026-05-09 13:00:00,2026-05-11 16:00:00
UB,False,1778540400000,1778720400000,0.721892641036485,2.0833333333333335,False,0.20090446579988694,,,,,,False,0.16461277557942341,,,,,,False,0.5430186546071226,,,,,,10.0,31.0,2026-05-11 23:00:00,2026-05-14 01:00:00
UB,False,1778788800000,1778878800000,0.25107832170408845,1.0416666666666667,False,0.20090446579988694,,,,,,False,0.16461277557942341,,,,,,False,0.5430186546071226,,,,,,2.0,4.0,2026-05-14 20:00:00,2026-05-15 21:00:00
UB,False,1779004800000,1779055200000,0.21478118323765083,0.5833333333333334,False,0.20090446579988694,,,,,,False,0.16461277557942341,,,,,,True,0.5430186546071226,,0.0,0.0,0.21478118323765083,RESID,8.0,8.0,2026-05-17 08:00:00,2026-05-17 22:00:00
UB,False,1779408000000,1779645600000,0.9540132299809249,2.75,False,0.20090446579988694,,,,,,False,0.16461277557942341,,,,,,True,0.5430186546071226,,0.0,0.0,0.9540132299809249,OI_DIV,12.0,38.0,2026-05-22 00:00:00,2026-05-24 18:00:00
UB,False,1779674400000,1779908400000,0.43254830283017714,2.7083333333333335,False,0.20090446579988694,,,,,,False,0.16461277557942341,,,,,,True,0.5430186546071226,,0.0,0.0,0.43254830283017714,OI_DIV,5.0,11.0,2026-05-25 02:00:00,2026-05-27 19:00:00
UB,False,1780009200000,1780052400000,0.20311931444793926,0.5,False,0.20090446579988694,,,,,,False,0.16461277557942341,,,,,,True,0.5430186546071226,,,,,,5.0,8.0,2026-05-28 23:00:00,2026-05-29 11:00:00
UB,False,1780084800000,1780146000000,0.20765312345933923,0.7083333333333334,False,0.20090446579988694,,,,,,False,0.16461277557942341,,,,,,True,0.5430186546071226,,,,,,1.0,8.0,2026-05-29 20:00:00,2026-05-30 13:00:00
UB,False,1780236000000,1780254000000,0.31294251401587375,0.20833333333333334,False,0.20090446579988694,,,,,,False,0.16461277557942341,,,,,,False,0.5430186546071226,,1.0,0.5888194264711456,0.11845969755377429,SHOCK,1.0,1.0,2026-05-31 14:00:00,2026-05-31 19:00:00
UB,False,1780290000000,1780408800000,0.4398388826277414,1.375,False,0.20090446579988694,,,,,,False,0.16461277557942341,,,,,,True,0.5430186546071226,,,,,,11.0,16.0,2026-06-01 05:00:00,2026-06-02 14:00:00
UB,False,1780686000000,1780840800000,0.35147184764218375,1.7916666666666667,False,0.20090446579988694,,,,,,False,0.16461277557942341,,,,,,False,0.5430186546071226,,,,,,8.0,32.0,2026-06-05 19:00:00,2026-06-07 14:00:00
UB,False,1780894800000,1781078400000,0.3906061409055837,2.125,False,0.20090446579988694,,,,,,False,0.16461277557942341,,,,,,False,0.5430186546071226,,,,,,8.0,35.0,2026-06-08 05:00:00,2026-06-10 08:00:00
UB,False,1781179200000,1781215200000,0.2821532685284906,0.4166666666666667,False,0.20090446579988694,,,,,,False,0.16461277557942341,,,,,,False,0.5430186546071226,,,,,,4.0,7.0,2026-06-11 12:00:00,2026-06-11 22:00:00
UB,False,1781992800000,1782111600000,0.946078824120995,1.375,True,0.20090446579988694,OI_DIV;RESID,22.0,0.6626401160095274,0.2518466402633032,FUND_HOT;RESID;LONG_CROWD,False,0.16461277557942341,,22.0,0.6626401160095274,0.2518466402633032,FUND_HOT;RESID;LONG_CROWD,True,0.5430186546071226,,0.0,0.0,0.946078824120995,OI_DIV,11.0,17.0,2026-06-20 22:00:00,2026-06-22 07:00:00
UB,False,1782284400000,1782352800000,0.29571136244051055,0.7916666666666666,True,0.20090446579988694,FUND_COLD;SHORT_CROWD,0.0,0.0,0.29571136244051055,OI_DIV;RESID,True,0.16461277557942341,FUND_HOT;LONG_CROWD,,,,,True,0.5430186546071226,,0.0,0.0,0.29571136244051055,OI_DIV;RESID,2.0,3.0,2026-06-24 07:00:00,2026-06-25 02:00:00
UB,False,1782385200000,1782464400000,0.45599343185920493,0.9166666666666666,True,0.20090446579988694,FUND_COLD;SHORT_CROWD,,,,,False,0.16461277557942341,,,,,,True,0.5430186546071226,,22.0,1.0,0.0,SHOCK,8.0,21.0,2026-06-25 11:00:00,2026-06-26 09:00:00
UB,False,1782576000000,1782777600000,0.8128394404154159,2.3333333333333335,False,0.20090446579988694,,51.0,0.8995819530810442,0.06155852037212033,FUND_HOT;LONG_CROWD,False,0.16461277557942341,,51.0,0.8995819530810442,0.06155852037212033,FUND_HOT;LONG_CROWD,True,0.5430186546071226,,51.0,0.8995819530810442,0.06155852037212033,FUND_HOT;LONG_CROWD,10.0,38.0,2026-06-27 16:00:00,2026-06-30 00:00:00
UB,False,1782806400000,1782828000000,0.32539610616982445,0.25,True,0.20090446579988694,OI_TREND;FUND_HOT;SHOCK;LONG_CROWD,,,,,True,0.16461277557942341,OI_TREND;FUND_HOT;SHOCK;LONG_CROWD,,,,,True,0.5430186546071226,,0.0,0.0,0.32539610616982445,SHOCK,1.0,2.0,2026-06-30 08:00:00,2026-06-30 14:00:00
UB,False,1783206000000,1783317600000,0.25404265767482453,1.2916666666666667,False,0.20090446579988694,,,,,,False,0.16461277557942341,,,,,,False,0.5430186546071226,,,,,,1.0,16.0,2026-07-04 23:00:00,2026-07-06 06:00:00
UB,False,1783814400000,1784037600000,0.21011443109848643,2.5833333333333335,False,0.20090446579988694,,,,,,False,0.16461277557942341,,,,,,False,0.5430186546071226,,,,,,4.0,16.0,2026-07-12 00:00:00,2026-07-14 14:00:00
UB,False,1784084400000,1784113200000,0.22628787081718238,0.3333333333333333,False,0.20090446579988694,,,,,,False,0.16461277557942341,,,,,,False,0.5430186546071226,,,,,,4.0,5.0,2026-07-15 03:00:00,2026-07-15 11:00:00
UB,False,1784163600000,1784325600000,0.2541604307531196,1.875,False,0.20090446579988694,,,,,,False,0.16461277557942341,,,,,,False,0.5430186546071226,,,,,,2.0,26.0,2026-07-16 01:00:00,2026-07-17 22:00:00
UB,False,1784509200000,1784714400000,0.40063889917787177,2.375,False,0.20090446579988694,,,,,,False,0.16461277557942341,,,,,,False,0.5430186546071226,,,,,,9.0,17.0,2026-07-20 01:00:00,2026-07-22 10:00:00
UB,False,1784743200000,1784800800000,0.21588942393876995,0.6666666666666666,False,0.20090446579988694,,,,,,False,0.16461277557942341,,,,,,False,0.5430186546071226,,,,,,12.0,14.0,2026-07-22 18:00:00,2026-07-23 10:00:00
UB,False,1784876400000,1785103200000,0.41223408329229166,2.625,False,0.20090446579988694,,,,,,False,0.16461277557942341,,,,,,False,0.5430186546071226,,44.0,0.423578973860727,0.22013916397904787,LS_EXT,7.0,47.0,2026-07-24 07:00:00,2026-07-26 22:00:00
UB,False,1785182400000,1785322800000,0.3423430072932078,1.625,True,0.20090446579988694,OI_TREND;LONG_CROWD;LS_EXT,,,,,True,0.16461277557942341,OI_TREND;LONG_CROWD;LS_EXT,,,,,True,0.5430186546071226,,1.0,0.04894235792977698,0.323139282516116,OI_FLUSH,15.0,18.0,2026-07-27 20:00:00,2026-07-29 11:00:00
UB,False,1785348000000,1785654000000,0.3969604965912695,3.5416666666666665,False,0.20090446579988694,,33.0,0.5717611238141934,0.15391411724532986,OI_TREND;FUND_HOT;LONG_CROWD,False,0.16461277557942341,,33.0,0.5717611238141934,0.15391411724532986,OI_TREND;FUND_HOT;LONG_CROWD,True,0.5430186546071226,,0.0,0.0,0.3969604965912695,SHOCK,15.0,29.0,2026-07-29 18:00:00,2026-08-02 07:00:00
UB,False,1785668400000,1785834000000,0.47653198072628544,1.9166666666666667,True,0.20090446579988694,FUND_HOT;SHOCK;LONG_CROWD;LS_EXT,22.0,0.7871913275090715,0.08646652015525563,FUND_HOT;LONG_CROWD,True,0.16461277557942341,FUND_HOT;SHOCK;LONG_CROWD;LS_EXT,22.0,0.7871913275090715,0.08646652015525563,FUND_HOT;LONG_CROWD,True,0.5430186546071226,,0.0,0.0,0.47653198072628544,FUND_HOT;LS_EXT,3.0,5.0,2026-08-02 11:00:00,2026-08-04 09:00:00
UB,False,1785888000000,1785902400000,0.2672489266488099,0.16666666666666666,True,0.20090446579988694,FUND_HOT;RESID;SHOCK;VOL;LS_EXT,3.0,0.7344330620546314,0.0649193743210142,OI_FLUSH;RESID;VOL,True,0.16461277557942341,OI_DIV;FUND_HOT;LONG_CROWD;LS_EXT,,,,,True,0.5430186546071226,,0.0,0.0,0.2672489266488099,RESID;VOL,2.0,2.0,2026-08-05 00:00:00,2026-08-05 04:00:00
UB,False,1785909600000,1785924000000,0.33726766569910116,0.16666666666666666,True,0.20090446579988694,OI_FLUSH;RESID;SHOCK;VOL,2.0,0.6424874576650748,0.10949319016392003,OI_FLUSH;FUND_COLD;RESID;SHOCK;VOL,True,0.16461277557942341,OI_DIV;FUND_HOT;LONG_CROWD;LS_EXT,2.0,0.6424874576650748,0.10949319016392003,OI_FLUSH;FUND_COLD;RESID;SHOCK;VOL,True,0.5430186546071226,,0.0,0.0,0.33726766569910116,OI_FLUSH;RESID;VOL,2.0,2.0,2026-08-05 06:00:00,2026-08-05 10:00:00
UB,False,1785938400000,1785960000000,0.2798717928345219,0.25,True,0.20090446579988694,OI_FLUSH;FUND_COLD;RESID;VOL;LS_EXT,3.0,0.7631776447762446,0.06017953170297297,OI_FLUSH;FUND_COLD;SHOCK;VOL,True,0.16461277557942341,OI_FLUSH;FUND_COLD;RESID;SHOCK;VOL,3.0,0.7631776447762446,0.06017953170297297,OI_FLUSH;FUND_COLD;SHOCK;VOL,True,0.5430186546071226,,0.0,0.0,0.2798717928345219,OI_FLUSH;RESID;VOL,3.0,3.0,2026-08-05 14:00:00,2026-08-05 20:00:00
UB,False,1785988800000,1786057200000,0.30044869321032697,0.7916666666666666,True,0.20090446579988694,OI_FLUSH;VOL,,,,,True,0.16461277557942341,SHORT_COVER;VOL,,,,,True,0.5430186546071226,,0.0,0.0,0.30044869321032697,OI_FLUSH;VOL,2.0,5.0,2026-08-06 04:00:00,2026-08-06 23:00:00
UB,False,1786338000000,1786435200000,0.2435086083240828,1.125,False,0.20090446579988694,,,,,,False,0.16461277557942341,,,,,,False,0.5430186546071226,,,,,,2.0,11.0,2026-08-10 05:00:00,2026-08-11 08:00:00
UB,False,1787842800000,1787986800000,0.2510091566189,1.6666666666666667,False,0.20090446579988694,,,,,,False,0.16461277557942341,,,,,,False,0.5430186546071226,,,,,,5.0,17.0,2026-08-27 15:00:00,2026-08-29 07:00:00
UB,False,1788516000000,1788591600000,0.2273542680146692,0.875,False,0.20090446579988694,,21.0,1.0,0.0,OI_TREND;RESID,False,0.16461277557942341,,21.0,1.0,0.0,OI_TREND;RESID,False,0.5430186546071226,,21.0,1.0,0.0,OI_TREND;RESID,4.0,14.0,2026-09-04 10:00:00,2026-09-05 07:00:00
UB,False,1789873200000,1789905600000,0.2780449725497537,0.375,False,0.20090446579988694,,9.0,1.0,0.0,RESID;SHOCK;VOL,False,0.16461277557942341,,9.0,1.0,0.0,RESID;SHOCK;VOL,True,0.5430186546071226,,6.0,0.432142345587243,0.14948428707104527,SHOCK,6.0,7.0,2026-09-20 03:00:00,2026-09-20 12:00:00
UB,False,1789927200000,1790179200000,0.22416479019819974,2.9166666666666665,True,0.20090446579988694,SHOCK;VOL;LS_EXT,3.0,0.050650439090478484,0.2116878562526662,RESID;VOL;LS_EXT,True,0.16461277557942341,RESID;SHOCK;VOL,29.0,0.7085818762782073,0.06071359260868541,SHORT_COVER;RESID;LS_EXT,True,0.5430186546071226,,0.0,0.0,0.22416479019819974,RESID;SHOCK;VOL;LS_EXT,7.0,9.0,2026-09-20 18:00:00,2026-09-23 16:00:00
UNI,False,1746633600000,1746918000000,0.45975594661363356,3.2916666666666665,False,0.16702586206896552,,23.0,0.28527402959007847,0.3104346358584776,OI_TREND;RESID;SHOCK,False,0.1021551724137931,,23.0,0.28527402959007847,0.3104346358584776,OI_TREND;RESID;SHOCK,True,0.59375,,0.0,0.0,0.45975594661363356,FUND_COLD,27.0,33.0,2025-05-07 16:00:00,2025-05-10 23:00:00
UNI,False,1747764000000,1748484000000,0.2835194871618314,8.333333333333334,False,0.16702586206896552,,198.0,0.8283990324044782,0.04376316956580866,OI_TREND;RESID;SHOCK,False,0.1021551724137931,,198.0,0.8283990324044782,0.04376316956580866,OI_TREND;RESID;SHOCK,False,0.59375,,9.0,0.39513242405469734,0.1629716749959626,SHOCK,9.0,181.0,2025-05-20 18:00:00,2025-05-29 02:00:00
UNI,False,1749250800000,1749596400000,0.3691322627106183,4.0,False,0.16702586206896552,,84.0,0.7644784762000736,0.07680194062346156,OI_TREND;RESID;SHOCK,False,0.1021551724137931,,84.0,0.7644784762000736,0.07680194062346156,OI_TREND;RESID;SHOCK,True,0.59375,,14.0,0.1411008595601234,0.30976337059148074,LS_EXT,74.0,84.0,2025-06-06 23:00:00,2025-06-10 23:00:00
UNI,False,1751644800000,1753102800000,0.5056972676376601,16.875,False,0.16702586206896552,,323.0,0.6728593785804394,0.14326052777054699,OI_TREND;RESID,False,0.1021551724137931,,323.0,0.6728593785804394,0.14326052777054699,OI_TREND;RESID,True,0.59375,,8.0,0.03529021944988213,0.48410716296711814,FUND_COLD,113.0,237.0,2025-07-04 16:00:00,2025-07-21 13:00:00
UNI,False,1754157600000,1754715600000,0.25250610805289386,6.458333333333333,False,0.16702586206896552,,,,,,False,0.1021551724137931,,,,,,False,0.59375,,30.0,0.1854802598260189,0.201278266820156,FUND_COLD,43.0,112.0,2025-08-02 18:00:00,2025-08-09 05:00:00
UNI,False,1760130000000,1760392800000,0.2537863988101751,3.0416666666666665,True,0.16702586206896552,OI_DIV;SHOCK,0.0,0.0,0.2537863988101751,OI_DIV;RESID;SHOCK;VOL;LS_EXT,True,0.1021551724137931,OI_TREND;SHOCK,24.0,0.2992364026344517,0.17174063519561078,SHORT_COVER;RESID;LS_EXT,True,0.59375,,0.0,0.0,0.2537863988101751,OI_DIV;RESID;SHOCK;VOL;LS_EXT,10.0,33.0,2025-10-10 21:00:00,2025-10-13 22:00:00
UNI,False,1762200000000,1762822800000,0.8895511532511083,7.208333333333333,False,0.16702586206896552,,168.0,0.6445713401166935,0.2537928413158332,OI_TREND;RESID;SHOCK;VOL,False,0.1021551724137931,,168.0,0.6445713401166935,0.2537928413158332,OI_TREND;RESID;SHOCK;VOL,True,0.59375,,47.0,0.14071607504203656,0.727708812502106,LS_EXT,102.0,158.0,2025-11-03 20:00:00,2025-11-11 01:00:00
UNI,False,1766034000000,1766293200000,0.2848780808276159,3.0,False,0.16702586206896552,,3.0,0.22705620715597222,0.21379165032412717,SHOCK;SHORT_CROWD,False,0.1021551724137931,,3.0,0.22705620715597222,0.21379165032412717,SHOCK;SHORT_CROWD,True,0.59375,,3.0,0.22705620715597222,0.21379165032412717,SHOCK;SHORT_CROWD,48.0,50.0,2025-12-18 05:00:00,2025-12-21 05:00:00
UNI,False,1770346800000,1770818400000,0.24067744346371905,5.458333333333333,False,0.16702586206896552,,0.0,0.0,0.24067744346371905,RESID;VOL;LS_EXT,False,0.1021551724137931,,2.0,0.10097713370161418,0.2139519038819007,SHOCK;VOL;LS_EXT,True,0.59375,,0.0,0.0,0.24067744346371905,RESID;VOL;LS_EXT,37.0,131.0,2026-02-06 03:00:00,2026-02-11 14:00:00
UNI,False,1770926400000,1772056800000,0.23604279467306002,13.083333333333334,True,0.16702586206896552,FUND_COLD;RESID,308.0,0.9325434436235628,0.014397717832468643,OI_TREND;RESID,True,0.1021551724137931,OI_TREND;FUND_COLD;VOL;SHORT_CROWD,308.0,0.9325434436235628,0.014397717832468643,OI_TREND;RESID,True,0.59375,,3.0,0.058950208151932144,0.2206976623220135,LS_EXT,44.0,299.0,2026-02-12 20:00:00,2026-02-25 22:00:00
UNI,False,1777924800000,1778418000000,0.25253443944104415,5.708333333333333,True,0.16702586206896552,OI_TREND;RESID,92.0,0.5376006815445576,0.10973141250743589,OI_TREND;RESID,True,0.1021551724137931,OI_TREND;RESID,92.0,0.5376006815445576,0.10973141250743589,OI_TREND;RESID,True,0.59375,,9.0,0.03484453262963828,0.2427456178854289,OI_FLUSH,89.0,92.0,2026-05-04 20:00:00,2026-05-10 13:00:00
UNI,False,1781128800000,1781686800000,0.45152112985780457,6.458333333333333,False,0.16702586206896552,,122.0,0.39819012348061184,0.25137333822957914,OI_TREND;RESID;SHOCK,False,0.1021551724137931,,122.0,0.39819012348061184,0.25137333822957914,OI_TREND;RESID;SHOCK,False,0.59375,,32.0,0.05559056999314258,0.4217639865853385,COIL,122.0,138.0,2026-06-10 22:00:00,2026-06-17 09:00:00
UNI,False,1782201600000,1783800000000,0.3032201728721297,18.5,False,0.16702586206896552,,,,,,False,0.1021551724137931,,,,,,False,0.59375,,27.0,0.10941324114278028,0.2659988882037219,COIL,80.0,224.0,2026-06-23 08:00:00,2026-07-11 20:00:00
UNI,False,1784527200000,1785474000000,0.3229605920711942,10.958333333333334,False,0.16702586206896552,,220.0,0.5462839468162629,0.1353971068894113,OI_TREND;SHORT_CROWD,False,0.1021551724137931,,220.0,0.5462839468162629,0.1353971068894113,OI_TREND;SHORT_CROWD,False,0.59375,,76.0,0.3076470821254045,0.2138173928949698,COIL,61.0,199.0,2026-07-20 06:00:00,2026-07-31 05:00:00
UNI,False,1787752800000,1788328800000,0.5155964105282387,6.666666666666667,False,0.16702586206896552,,89.0,0.3671456020859926,0.3010174009164726,OI_TREND;RESID,False,0.1021551724137931,,89.0,0.3671456020859926,0.3010174009164726,OI_TREND;RESID,True,0.59375,,84.0,0.359585399369054,0.3051137151767253,RESID,84.0,94.0,2026-08-26 14:00:00,2026-09-02 06:00:00
UNI,False,1788411600000,1788656400000,0.2535859597714531,2.8333333333333335,True,0.16702586206896552,OI_TREND;RESID;VOL,,,,,True,0.1021551724137931,OI_TREND;RESID;VOL,,,,,True,0.59375,,4.0,0.2818257304637001,0.17622867559836097,SHOCK,6.0,59.0,2026-09-03 05:00:00,2026-09-06 01:00:00
UNI,False,1789041600000,1789722000000,0.5270559405819633,7.875,False,0.16702586206896552,,,,,,False,0.1021551724137931,,,,,,True,0.59375,,0.0,0.0,0.5270559405819633,LS_EXT,118.0,172.0,2026-09-10 12:00:00,2026-09-18 09:00:00
UNI,False,1790074800000,1790128800000,0.22703344483337823,0.625,False,0.16702586206896552,,11.0,0.7658025567422073,0.04908322287151591,OI_TREND;SHOCK,False,0.1021551724137931,,11.0,0.7658025567422073,0.04908322287151591,OI_TREND;SHOCK,False,0.59375,,1.0,0.5374258892632655,0.09926568306960348,SHOCK,1.0,1.0,2026-09-22 11:00:00,2026-09-23 02:00:00
VIRTUAL,False,1741701600000,1742112000000,0.39658373909797195,4.75,False,0.17341954022988507,,,,,,False,0.11206896551724138,,,,,,True,0.64375,,0.0,0.0,0.39658373909797195,OI_DIV,44.0,65.0,2025-03-11 14:00:00,2025-03-16 08:00:00
VIRTUAL,False,1742486400000,1742817600000,0.22399745594343995,3.8333333333333335,False,0.17341954022988507,,,,,,False,0.11206896551724138,,,,,,True,0.64375,,59.0,0.7471480274324962,0.05243546954975483,FUND_COLD,11.0,31.0,2025-03-20 16:00:00,2025-03-24 12:00:00
VIRTUAL,False,1744311600000,1744498800000,0.27965387174540834,2.1666666666666665,True,0.17341954022988507,OI_DIV;SHOCK,15.0,0.6167088147583335,0.099126343485596,OI_TREND;RESID;SHOCK;SHORT_CROWD,True,0.11206896551724138,OI_DIV;SHOCK,15.0,0.6167088147583335,0.099126343485596,OI_TREND;RESID;SHOCK;SHORT_CROWD,True,0.64375,,15.0,0.6167088147583335,0.099126343485596,OI_TREND;RESID;SHOCK;SHORT_CROWD,15.0,15.0,2025-04-10 19:00:00,2025-04-12 23:00:00
VIRTUAL,False,1744855200000,1745413200000,0.3659378953379542,6.458333333333333,False,0.17341954022988507,,142.0,0.5726392554483926,0.1425569943956907,OI_TREND;RESID,False,0.11206896551724138,,142.0,0.5726392554483926,0.1425569943956907,OI_TREND;RESID,True,0.64375,,142.0,0.5726392554483926,0.1425569943956907,OI_TREND;RESID,45.0,141.0,2025-04-17 02:00:00,2025-04-23 13:00:00
VIRTUAL,False,1745467200000,1745751600000,0.6810572646931417,3.2916666666666665,True,0.17341954022988507,OI_TREND;RESID,40.0,0.5998585716829452,0.23101942753111224,RESID;VOL;SHORT_CROWD,True,0.11206896551724138,OI_TREND;RESID,40.0,0.5998585716829452,0.23101942753111224,RESID;VOL;SHORT_CROWD,True,0.64375,,27.0,0.33503342885213677,0.4125532435627662,RESID,27.0,34.0,2025-04-24 04:00:00,2025-04-27 11:00:00
VIRTUAL,False,1745798400000,1745895600000,0.41564395313653674,1.125,True,0.17341954022988507,RESID;VOL;SHORT_CROWD,20.0,0.845735596488448,0.05508350806450335,FUND_COLD;RESID;VOL;SHORT_CROWD,True,0.11206896551724138,RESID;VOL;SHORT_CROWD,20.0,0.845735596488448,0.05508350806450335,FUND_COLD;RESID;VOL;SHORT_CROWD,True,0.64375,,5.0,0.2695343673581005,0.28904101788861536,LS_EXT,6.0,6.0,2025-04-28 00:00:00,2025-04-29 03:00:00
VIRTUAL,False,1746018000000,1746097200000,0.4241515237870573,0.9166666666666666,True,0.17341954022988507,RESID;VOL;SHORT_CROWD,,,,,True,0.11206896551724138,RESID;VOL;SHORT_CROWD,,,,,True,0.64375,,1.0,0.23771205850558197,0.30934483309529853,SHOCK,7.0,10.0,2025-04-30 13:00:00,2025-05-01 11:00:00
VIRTUAL,False,1746633600000,1746770400000,0.5385778156627267,1.5833333333333333,False,0.17341954022988507,,,,,,False,0.11206896551724138,,,,,,True,0.64375,,23.0,0.604289406805499,0.1858920426666235,SHORT_COVER,15.0,23.0,2025-05-07 16:00:00,2025-05-09 06:00:00
VIRTUAL,False,1747504800000,1747584000000,0.21354176741575404,0.9166666666666666,False,0.17341954022988507,,,,,,False,0.11206896551724138,,,,,,False,0.64375,,,,,,14.0,18.0,2025-05-17 18:00:00,2025-05-18 16:00:00
VIRTUAL,False,1748196000000,1748368800000,0.32120048445063765,2.0,False,0.17341954022988507,,,,,,False,0.11206896551724138,,,,,,True,0.64375,,28.0,0.38857192759680104,0.18566956994363548,OI_DIV,6.0,12.0,2025-05-25 18:00:00,2025-05-27 18:00:00
VIRTUAL,False,1749171600000,1749661200000,0.305083198685218,5.666666666666667,False,0.17341954022988507,,,,,,False,0.11206896551724138,,,,,,True,0.64375,,,,,,13.0,30.0,2025-06-06 01:00:00,2025-06-11 17:00:00
VIRTUAL,False,1750593600000,1750741200000,0.2629614180980318,1.7083333333333333,False,0.17341954022988507,,,,,,False,0.11206896551724138,,,,,,True,0.64375,,0.0,0.0,0.2629614180980318,OI_DIV,25.0,30.0,2025-06-22 12:00:00,2025-06-24 05:00:00
VIRTUAL,False,1752588000000,1753146000000,0.20788905637624513,6.458333333333333,False,0.17341954022988507,,,,,,False,0.11206896551724138,,,,,,False,0.64375,,42.0,0.8225861474036693,0.03407665643488689,RESID,24.0,27.0,2025-07-15 14:00:00,2025-07-22 01:00:00
VIRTUAL,False,1754157600000,1754769600000,0.22843242723024623,7.083333333333333,False,0.17341954022988507,,,,,,False,0.11206896551724138,,,,,,False,0.64375,,9.0,0.22194195233568248,0.17360101469485226,FUND_COLD,10.0,113.0,2025-08-02 18:00:00,2025-08-09 20:00:00
VIRTUAL,False,1756825200000,1757764800000,0.31524324982585983,10.875,True,0.17341954022988507,OI_DIV;RESID,,,,,False,0.11206896551724138,,,,,,True,0.64375,,38.0,0.20847991254802042,0.2422119536323051,SHORT_COVER,24.0,131.0,2025-09-02 15:00:00,2025-09-13 12:00:00
VIRTUAL,False,1760130000000,1760619600000,0.3174657830509093,5.666666666666667,True,0.17341954022988507,FUND_COLD;SHOCK,0.0,0.0,0.3174657830509093,OI_DIV;FUND_COLD;RESID;SHOCK;VOL;SHORT_CROWD,False,0.11206896551724138,,24.0,0.2791429007667888,0.21987394841871147,SHORT_COVER;RESID;LS_EXT,True,0.64375,,0.0,0.0,0.3174657830509093,OI_DIV;FUND_COLD;RESID;SHOCK;VOL;SHORT_CROWD,2.0,11.0,2025-10-10 21:00:00,2025-10-16 13:00:00
VIRTUAL,False,1761166800000,1761404400000,0.7841051593073189,2.75,False,0.17341954022988507,,34.0,0.23184310675872885,0.5600206641669784,OI_TREND;FUND_COLD;SHORT_CROWD,False,0.11206896551724138,,34.0,0.23184310675872885,0.5600206641669784,OI_TREND;FUND_COLD;SHORT_CROWD,True,0.64375,,6.0,0.04241921613974769,0.7408261054328206,FUND_COLD,35.0,50.0,2025-10-22 21:00:00,2025-10-25 15:00:00
VIRTUAL,False,1761458400000,1761530400000,0.3105056284502741,0.8333333333333334,True,0.17341954022988507,OI_TREND;FUND_COLD;RESID;VOL;SHORT_CROWD,,,,,True,0.11206896551724138,OI_TREND;FUND_COLD;RESID;VOL;SHORT_CROWD,,,,,True,0.64375,,0.0,0.0,0.3105056284502741,VOL,12.0,15.0,2025-10-26 06:00:00,2025-10-27 02:00:00
VIRTUAL,False,1761847200000,1762027200000,0.4772432936743381,2.0833333333333335,False,0.17341954022988507,,33.0,0.856941834338061,0.057405332343873,OI_TREND;RESID;SHOCK,False,0.11206896551724138,,33.0,0.856941834338061,0.057405332343873,OI_TREND;RESID;SHOCK,False,0.64375,,30.0,0.4023354910621119,0.2626281353203174,SHOCK,15.0,31.0,2025-10-30 18:00:00,2025-11-01 20:00:00
VIRTUAL,False,1762470000000,1762552800000,0.25004193683314,0.9583333333333334,False,0.17341954022988507,,,,,,False,0.11206896551724138,,,,,,False,0.64375,,,,,,5.0,6.0,2025-11-06 23:00:00,2025-11-07 22:00:00
VIRTUAL,False,1767204000000,1767733200000,0.738227271988584,6.125,False,0.17341954022988507,,2.0,0.009272726828256798,0.7293389251511219,OI_DIV;SHORT_CROWD,False,0.11206896551724138,,59.0,0.5203281626791888,0.30368405720932196,OI_TREND;RESID,True,0.64375,,0.0,0.0,0.738227271988584,OI_DIV,52.0,59.0,2025-12-31 18:00:00,2026-01-06 21:00:00
VIRTUAL,False,1770631200000,1772010000000,0.37892955179468013,15.958333333333334,False,0.17341954022988507,,85.0,0.2942063835086247,0.254549808922386,RESID;SHORT_CROWD,False,0.11206896551724138,,85.0,0.2942063835086247,0.254549808922386,RESID;SHORT_CROWD,False,0.64375,,46.0,0.04925669742906411,0.3572776480142839,FUND_COLD,72.0,118.0,2026-02-09 10:00:00,2026-02-25 09:00:00
VIRTUAL,False,1776967200000,1778292000000,0.36779212043016074,15.333333333333334,False,0.17341954022988507,,184.0,0.10673046988962048,0.3228256535686557,OI_DIV;COIL,False,0.11206896551724138,,218.0,0.31893062618950746,0.2377676350580643,OI_TREND;RESID;SHOCK,True,0.64375,,83.0,0.1063875547944173,0.3229677330307921,SHOCK,218.0,299.0,2026-04-23 18:00:00,2026-05-09 02:00:00
VIRTUAL,False,1787457600000,1787583600000,0.20045605806755648,1.4583333333333333,True,0.17341954022988507,RESID;SHOCK;VOL;LS_EXT,29.0,0.6748646348360734,0.06120253240947198,RESID;SHOCK;LS_EXT,True,0.11206896551724138,RESID;SHOCK;VOL;LS_EXT,29.0,0.6748646348360734,0.06120253240947198,RESID;SHOCK;LS_EXT,True,0.64375,,0.0,0.0,0.20045605806755648,RESID;LS_EXT,9.0,16.0,2026-08-23 04:00:00,2026-08-24 15:00:00
VIRTUAL,False,1789570800000,1790625600000,0.30751221761842745,12.208333333333334,False,0.17341954022988507,,208.0,0.6848913157972331,0.08816078011628879,OI_TREND;RESID,False,0.11206896551724138,,208.0,0.6848913157972331,0.08816078011628879,OI_TREND;RESID,True,0.64375,,83.0,0.19152425091960473,0.24206284224153612,SHOCK,36.0,151.0,2026-09-16 15:00:00,2026-09-28 20:00:00
VVV,False,1741640400000,1741827600000,0.37495922096714507,2.1666666666666665,False,0.217816091954023,,,,,,False,0.15495689655172415,,,,,,False,0.5918821839080459,,21.0,0.5705065386355752,0.1465541551341922,SHOCK,19.0,21.0,2025-03-10 21:00:00,2025-03-13 01:00:00
VVV,False,1741996800000,1742119200000,0.20065757656642608,1.4166666666666667,False,0.217816091954023,,34.0,1.0,0.0,FUND_COLD;SHORT_CROWD,False,0.15495689655172415,,,,,,False,0.5918821839080459,,19.0,0.2961424402062702,0.1373647920214992,FUND_COLD,20.0,26.0,2025-03-15 00:00:00,2025-03-16 10:00:00
VVV,False,1744822800000,1745244000000,0.3584734495188338,4.875,True,0.217816091954023,OI_DIV;LS_EXT,19.0,0.44215074855218744,0.18637636784064268,RESID;SHORT_CROWD;LS_EXT,False,0.15495689655172415,,19.0,0.44215074855218744,0.18637636784064268,RESID;SHORT_CROWD;LS_EXT,True,0.5918821839080459,,9.0,0.15395894034268298,0.2958858269313048,LS_EXT,14.0,22.0,2025-04-16 17:00:00,2025-04-21 14:00:00
VVV,False,1745463600000,1745956800000,0.642781379102044,5.708333333333333,True,0.217816091954023,SHORT_COVER;FUND_COLD;LS_EXT,29.0,0.3682286591051233,0.3683497629911314,RESID;SHOCK;LS_EXT,True,0.15495689655172415,SHORT_COVER;FUND_COLD;LS_EXT,29.0,0.3682286591051233,0.3683497629911314,RESID;SHOCK;LS_EXT,True,0.5918821839080459,,0.0,0.0,0.642781379102044,LS_EXT,29.0,86.0,2025-04-24 03:00:00,2025-04-29 20:00:00
VVV,False,1746018000000,1746133200000,0.3063329891349001,1.3333333333333333,True,0.217816091954023,OI_DIV;VOL;SHORT_CROWD,7.0,0.2316287656768384,0.22792678844116251,OI_FLUSH;FUND_COLD,True,0.15495689655172415,OI_TREND;FUND_COLD;VOL;SHORT_CROWD,9.0,0.2463262783936748,0.22311353031168607,SHORT_COVER;FUND_COLD,True,0.5918821839080459,,0.0,0.0,0.3063329891349001,VOL,10.0,30.0,2025-04-30 13:00:00,2025-05-01 21:00:00
VVV,False,1746626400000,1746734400000,0.2171055403630771,1.25,False,0.217816091954023,,,,,,False,0.15495689655172415,,,,,,True,0.5918821839080459,,0.0,0.0,0.2171055403630771,RESID;SHOCK,4.0,25.0,2025-05-07 14:00:00,2025-05-08 20:00:00
VVV,False,1749153600000,1749747600000,0.42152180955511404,6.875,False,0.217816091954023,,70.0,0.2618284985651974,0.2964575479603412,OI_TREND;SHOCK,False,0.15495689655172415,,70.0,0.2618284985651974,0.2964575479603412,OI_TREND;SHOCK,False,0.5918821839080459,,0.0,0.0,0.42152180955511404,SHOCK,71.0,82.0,2025-06-05 20:00:00,2025-06-12 17:00:00
VVV,False,1750604400000,1750748400000,0.21276237487127359,1.6666666666666667,True,0.217816091954023,FUND_COLD;SHOCK,,,,,True,0.15495689655172415,FUND_COLD;SHOCK,,,,,True,0.5918821839080459,,,,,,5.0,10.0,2025-06-22 15:00:00,2025-06-24 07:00:00
VVV,False,1752548400000,1752710400000,0.24424691702062518,1.875,False,0.217816091954023,,26.0,0.7595385962691523,0.05395329964811273,RESID;SHORT_CROWD,False,0.15495689655172415,,26.0,0.7595385962691523,0.05395329964811273,RESID;SHORT_CROWD,True,0.5918821839080459,,19.0,0.4671134633713324,0.12350351414730251,RESID;SHOCK,19.0,20.0,2025-07-15 03:00:00,2025-07-17 00:00:00
VVV,False,1753336800000,1753653600000,0.2731685833946522,3.6666666666666665,False,0.217816091954023,,84.0,0.8066155146113848,0.047811856517739226,OI_TREND;RESID;SHOCK,False,0.15495689655172415,,84.0,0.8066155146113848,0.047811856517739226,OI_TREND;RESID;SHOCK,True,0.5918821839080459,,0.0,0.0,0.2731685833946522,RESID,70.0,81.0,2025-07-24 06:00:00,2025-07-27 22:00:00
VVV,False,1754452800000,1754852400000,0.21086004625867116,4.625,False,0.217816091954023,,,,,,False,0.15495689655172415,,,,,,False,0.5918821839080459,,57.0,0.7493798267600829,0.04911964650214415,SHOCK,54.0,57.0,2025-08-06 04:00:00,2025-08-10 19:00:00
VVV,False,1755172800000,1755702000000,0.7728017730130933,6.125,False,0.217816091954023,,21.0,0.25658793610745223,0.5305833183179266,OI_TREND;RESID;LS_EXT,False,0.15495689655172415,,21.0,0.25658793610745223,0.5305833183179266,OI_TREND;RESID;LS_EXT,True,0.5918821839080459,,0.0,0.0,0.7728017730130933,SHOCK,23.0,55.0,2025-08-14 12:00:00,2025-08-20 15:00:00
VVV,False,1759586400000,1759946400000,0.36106502986516475,4.166666666666667,True,0.217816091954023,FUND_HOT;VOL,22.0,0.23646090500451705,0.26538230083097075,FUND_HOT;RESID,False,0.15495689655172415,,22.0,0.23646090500451705,0.26538230083097075,FUND_HOT;RESID,True,0.5918821839080459,,13.0,0.11614765402061816,0.31319481219756573,FUND_HOT,74.0,75.0,2025-10-04 14:00:00,2025-10-08 18:00:00
VVV,False,1761174000000,1761501600000,0.2446327599658195,3.7916666666666665,True,0.217816091954023,OI_FLUSH;FUND_COLD,,,,,True,0.15495689655172415,SHORT_COVER;FUND_COLD,,,,,True,0.5918821839080459,,88.0,0.6134586694487703,0.08827176761052491,SHOCK,73.0,88.0,2025-10-22 23:00:00,2025-10-26 18:00:00
VVV,False,1764612000000,1766156400000,0.5431463185193017,17.875,True,0.217816091954023,FUND_COLD;SHOCK,377.0,0.4776522158576552,0.2543364274785735,OI_TREND;RESID;SHORT_CROWD,False,0.15495689655172415,,377.0,0.4776522158576552,0.2543364274785735,OI_TREND;RESID;SHORT_CROWD,True,0.5918821839080459,,45.0,0.23300237135028087,0.3947867219928541,RESID,47.0,378.0,2025-12-01 18:00:00,2025-12-19 15:00:00
VVV,False,1766509200000,1767506400000,0.5609381026169585,11.541666666666666,False,0.217816091954023,,133.0,0.6539004628922189,0.16662343164435314,OI_TREND;RESID;SHOCK,False,0.15495689655172415,,133.0,0.6539004628922189,0.16662343164435314,OI_TREND;RESID;SHOCK,True,0.5918821839080459,,17.0,0.3341896265959673,0.34511121314555887,RESID;SHOCK,17.0,129.0,2025-12-23 17:00:00,2026-01-04 06:00:00
VVV,False,1767600000000,1767718800000,0.21065947803368432,1.375,False,0.217816091954023,,31.0,0.9680494228761906,0.006126530448404961,RESID;SHORT_CROWD,False,0.15495689655172415,,31.0,0.9680494228761906,0.006126530448404961,RESID;SHORT_CROWD,False,0.5918821839080459,,31.0,0.9680494228761906,0.006126530448404961,RESID;SHORT_CROWD,17.0,19.0,2026-01-05 08:00:00,2026-01-06 17:00:00
VVV,False,1767888000000,1768158000000,0.7987061503795923,3.125,True,0.217816091954023,OI_TREND;RESID;SHORT_CROWD,23.0,0.32742273504191804,0.48415905881084237,OI_TREND;SHORT_CROWD,True,0.15495689655172415,OI_TREND;RESID;SHORT_CROWD,23.0,0.32742273504191804,0.48415905881084237,OI_TREND;SHORT_CROWD,True,0.5918821839080459,,20.0,0.29563428312693335,0.512116449560581,SHORT_CROWD,19.0,49.0,2026-01-08 16:00:00,2026-01-11 19:00:00
VVV,False,1768230000000,1768294800000,0.20367214896402058,0.75,True,0.217816091954023,SHOCK;VOL;SHORT_CROWD,1.0,0.18754603470399595,0.16254350967053852,OI_FLUSH;VOL,True,0.15495689655172415,OI_TREND;VOL;SHORT_CROWD,15.0,0.7145285118573808,0.05434513641433518,SHORT_COVER;SHOCK,True,0.5918821839080459,,0.0,0.0,0.20367214896402058,VOL,2.0,12.0,2026-01-12 15:00:00,2026-01-13 09:00:00
VVV,False,1769112000000,1769475600000,0.30477140290879284,4.208333333333333,False,0.217816091954023,,,,,,False,0.15495689655172415,,,,,,True,0.5918821839080459,,,,,,8.0,14.0,2026-01-22 20:00:00,2026-01-27 01:00:00
VVV,False,1770728400000,1771034400000,0.7312253832767865,3.5416666666666665,False,0.217816091954023,,8.0,0.057704778488464316,0.6772564427441128,SHORT_CROWD;COIL,False,0.15495689655172415,,67.0,0.428042225495719,0.36876282346017847,OI_TREND;RESID;SHOCK,False,0.5918821839080459,,7.0,0.059204785003173166,0.6758762133091735,SHORT_CROWD,66.0,68.0,2026-02-10 13:00:00,2026-02-14 02:00:00
VVV,False,1771052400000,1771142400000,0.5330232612719317,1.0416666666666667,True,0.217816091954023,OI_TREND;FUND_COLD;RESID;VOL;SHORT_CROWD,0.0,0.0,0.5330232612719317,OI_TREND;FUND_COLD;RESID;VOL;SHORT_CROWD,True,0.15495689655172415,OI_TREND;FUND_COLD;RESID;VOL;SHORT_CROWD,0.0,0.0,0.5330232612719317,OI_TREND;FUND_COLD;RESID;VOL;SHORT_CROWD,True,0.5918821839080459,,0.0,0.0,0.5330232612719317,OI_TREND;FUND_COLD;RESID;VOL;SHORT_CROWD,14.0,20.0,2026-02-14 07:00:00,2026-02-15 08:00:00
VVV,False,1771160400000,1771210800000,0.30097235799853067,0.5833333333333334,True,0.217816091954023,FUND_COLD;RESID;VOL;SHORT_CROWD,0.0,0.0,0.30097235799853067,FUND_COLD;RESID;SHOCK;VOL;SHORT_CROWD,True,0.15495689655172415,FUND_COLD;RESID;VOL;SHORT_CROWD,0.0,0.0,0.30097235799853067,FUND_COLD;RESID;SHOCK;VOL;SHORT_CROWD,True,0.5918821839080459,,0.0,0.0,0.30097235799853067,FUND_COLD;RESID;SHOCK;VOL;SHORT_CROWD,2.0,7.0,2026-02-15 13:00:00,2026-02-16 03:00:00
VVV,False,1771264800000,1771300800000,0.24008309043238485,0.4166666666666667,True,0.217816091954023,FUND_COLD;VOL,6.0,0.9030657327768825,0.02107721090440096,FUND_COLD;VOL,True,0.15495689655172415,OI_TREND;FUND_COLD;VOL;SHORT_CROWD,,,,,True,0.5918821839080459,,0.0,0.0,0.24008309043238485,FUND_COLD;VOL,3.0,4.0,2026-02-16 18:00:00,2026-02-17 04:00:00
VVV,False,1771318800000,1771351200000,0.22424505618586282,0.375,True,0.217816091954023,FUND_COLD;VOL,,,,,True,0.15495689655172415,OI_TREND;FUND_COLD;VOL;SHORT_CROWD,,,,,True,0.5918821839080459,,0.0,0.0,0.22424505618586282,SHOCK,2.0,5.0,2026-02-17 09:00:00,2026-02-17 18:00:00
VVV,False,1771466400000,1771596000000,0.3361350030637261,1.5,False,0.217816091954023,,,,,,False,0.15495689655172415,,,,,,True,0.5918821839080459,,,,,,24.0,28.0,2026-02-19 02:00:00,2026-02-20 14:00:00
VVV,False,1771934400000,1772028000000,0.2872076408545736,1.0833333333333333,False,0.217816091954023,,,,,,False,0.15495689655172415,,,,,,False,0.5918821839080459,,2.0,0.3648376521931077,0.173936667772893,SHOCK,2.0,4.0,2026-02-24 12:00:00,2026-02-25 14:00:00
VVV,False,1772064000000,1772186400000,0.34075743217358423,1.4166666666666667,False,0.217816091954023,,,,,,False,0.15495689655172415,,,,,,True,0.5918821839080459,,8.0,0.25920572589296337,0.24262563470851073,FUND_COLD,26.0,27.0,2026-02-26 00:00:00,2026-02-27 10:00:00
VVV,False,1772226000000,1772481600000,0.758772684158028,2.9583333333333335,False,0.217816091954023,,9.0,0.15757019554911858,0.6090590029535716,FUND_COLD;SHOCK,False,0.15495689655172415,,,,,,True,0.5918821839080459,,6.0,0.26144308598811816,0.5174043617374506,SHORT_CROWD,22.0,46.0,2026-02-27 21:00:00,2026-03-02 20:00:00
VVV,False,1772643600000,1772676000000,0.2370951515583551,0.375,False,0.217816091954023,,,,,,False,0.15495689655172415,,,,,,True,0.5918821839080459,,6.0,0.49253650898838086,0.11401541959387546,FUND_COLD,2.0,8.0,2026-03-04 17:00:00,2026-03-05 02:00:00
VVV,False,1773079200000,1773410400000,0.3401186845242747,3.8333333333333335,False,0.217816091954023,,,,,,False,0.15495689655172415,,,,,,False,0.5918821839080459,,,,,,19.0,73.0,2026-03-09 18:00:00,2026-03-13 14:00:00
VVV,False,1773936000000,1774242000000,0.2216625083841431,3.5416666666666665,False,0.217816091954023,,,,,,False,0.15495689655172415,,,,,,True,0.5918821839080459,,,,,,6.0,8.0,2026-03-19 16:00:00,2026-03-23 05:00:00
VVV,False,1774353600000,1774458000000,0.2525878713360475,1.2083333333333333,False,0.217816091954023,,,,,,False,0.15495689655172415,,,,,,False,0.5918821839080459,,,,,,7.0,11.0,2026-03-24 12:00:00,2026-03-25 17:00:00
VVV,False,1774742400000,1775408400000,0.2777540811144583,7.708333333333333,False,0.217816091954023,,77.0,0.6069762698407819,0.10112419571329548,OI_TREND;SHORT_CROWD,False,0.15495689655172415,,77.0,0.6069762698407819,0.10112419571329548,OI_TREND;SHORT_CROWD,False,0.5918821839080459,,32.0,0.5607815778684939,0.11366252279224485,OI_TREND,31.0,32.0,2026-03-29 00:00:00,2026-04-05 17:00:00
VVV,False,1775700000000,1776171600000,0.3818256186325775,5.458333333333333,False,0.217816091954023,,,,,,False,0.15495689655172415,,,,,,False,0.5918821839080459,,23.0,0.4735011112363357,0.18562807565060324,OI_TREND,15.0,48.0,2026-04-09 02:00:00,2026-04-14 13:00:00
VVV,False,1777572000000,1778364000000,0.8434401761076595,9.166666666666666,False,0.217816091954023,,128.0,0.2407666852345201,0.5910155446732607,OI_TREND;RESID,False,0.15495689655172415,,128.0,0.2407666852345201,0.5910155446732607,OI_TREND;RESID,False,0.5918821839080459,,124.0,0.24723420327953463,0.5847343156348187,OI_TREND,131.0,145.0,2026-04-30 18:00:00,2026-05-09 22:00:00
VVV,False,1778436000000,1778562000000,0.24496076772435837,1.4583333333333333,True,0.217816091954023,FUND_HOT;RESID;SHOCK,13.0,0.9675801687656023,0.007128603657410072,FUND_HOT;SHOCK;LONG_CROWD,True,0.15495689655172415,FUND_HOT;RESID;SHOCK,13.0,0.9675801687656023,0.007128603657410072,FUND_HOT;SHOCK;LONG_CROWD,True,0.5918821839080459,,12.0,0.7366333509381778,0.059402098430250704,SHOCK,10.0,12.0,2026-05-10 18:00:00,2026-05-12 05:00:00
VVV,False,1778932800000,1779282000000,0.4612501063410048,4.041666666666667,True,0.217816091954023,OI_DIV;FUND_COLD;SHORT_CROWD,,,,,True,0.15495689655172415,OI_DIV;SHOCK;SHORT_CROWD,,,,,True,0.5918821839080459,,15.0,0.2777521291842323,0.3151399171483949,SHOCK,16.0,59.0,2026-05-16 12:00:00,2026-05-20 13:00:00
VVV,False,1779318000000,1779451200000,0.2201053933914569,1.5416666666666667,False,0.217816091954023,,,,,,False,0.15495689655172415,,,,,,True,0.5918821839080459,,,,,,6.0,14.0,2026-05-20 23:00:00,2026-05-22 12:00:00
VVV,False,1779973200000,1780282800000,0.3448515976957696,3.5833333333333335,False,0.217816091954023,,,,,,False,0.15495689655172415,,,,,,True,0.5918821839080459,,85.0,0.9221301898099691,0.02333976016039545,SHOCK,6.0,59.0,2026-05-28 13:00:00,2026-06-01 03:00:00
VVV,False,1780322400000,1780527600000,0.32467148188901823,2.375,False,0.217816091954023,,,,,,False,0.15495689655172415,,,,,,True,0.5918821839080459,,45.0,0.8906580036386776,0.031220535577250946,SHOCK,7.0,31.0,2026-06-01 14:00:00,2026-06-03 23:00:00
VVV,False,1780646400000,1780704000000,0.23289394812813088,0.6666666666666666,False,0.217816091954023,,,,,,False,0.15495689655172415,,,,,,True,0.5918821839080459,,12.0,0.6477840482761045,0.07652839455774013,SHOCK,4.0,12.0,2026-06-05 08:00:00,2026-06-06 00:00:00
VVV,False,1781136000000,1781330400000,0.3044406279626662,2.25,False,0.217816091954023,,,,,,False,0.15495689655172415,,,,,,False,0.5918821839080459,,17.0,0.286508871690177,0.20879937296377407,SHOCK,21.0,26.0,2026-06-11 00:00:00,2026-06-13 06:00:00
VVV,False,1784293200000,1784613600000,0.2501100626327911,3.7083333333333335,False,0.217816091954023,,,,,,False,0.15495689655172415,,,,,,False,0.5918821839080459,,19.0,0.5662107204846214,0.10167910370332577,OI_TREND,3.0,12.0,2026-07-17 13:00:00,2026-07-21 06:00:00
VVV,False,1784854800000,1785052800000,0.25164151714865624,2.2916666666666665,False,0.217816091954023,,,,,,False,0.15495689655172415,,,,,,False,0.5918821839080459,,36.0,0.6390280687111365,0.08439505768606363,OI_TREND,17.0,30.0,2026-07-24 01:00:00,2026-07-26 08:00:00
VVV,False,1786240800000,1787050800000,0.3304100412680226,9.375,False,0.217816091954023,,212.0,0.6600630247744362,0.10191288294612157,OI_TREND;RESID,False,0.15495689655172415,,212.0,0.6600630247744362,0.10191288294612157,OI_TREND;RESID,False,0.5918821839080459,,205.0,0.4593636232356492,0.16689311957789169,SHOCK,30.0,102.0,2026-08-09 02:00:00,2026-08-18 11:00:00
VVV,False,1787972400000,1788937200000,0.722438689881931,11.166666666666666,False,0.217816091954023,,157.0,0.15391381063185527,0.5841561377358735,FUND_HOT;LONG_CROWD,False,0.15495689655172415,,157.0,0.15391381063185527,0.5841561377358735,FUND_HOT;LONG_CROWD,True,0.5918821839080459,,0.0,0.0,0.722438689881931,FUND_COLD,249.0,251.0,2026-08-29 03:00:00,2026-09-09 07:00:00
VVV,False,1789311600000,1789783200000,0.28182686414393565,5.458333333333333,False,0.217816091954023,,,,,,False,0.15495689655172415,,,,,,False,0.5918821839080459,,,,,,68.0,82.0,2026-09-13 15:00:00,2026-09-19 02:00:00
VVV,False,1789851600000,1789974000000,0.3208454693544328,1.4166666666666667,False,0.217816091954023,,,,,,False,0.15495689655172415,,,,,,False,0.5918821839080459,,29.0,0.9204390720688634,0.022386480864511164,RESID;SHOCK,10.0,15.0,2026-09-19 21:00:00,2026-09-21 07:00:00
WLD,False,1744898400000,1745722800000,0.59235594334519,9.541666666666666,False,0.20589080459770115,,45.0,0.08240031481080147,0.5324699984019791,OI_DIV;COIL,False,0.09195402298850575,,198.0,0.6150839141250822,0.19610279426825658,RESID;SHOCK;LS_EXT,False,0.6441810344827587,,29.0,0.05426967688203828,0.5526569061365454,COIL,154.0,186.0,2025-04-17 14:00:00,2025-04-27 03:00:00
WLD,False,1746475200000,1746936000000,0.40946662562714325,5.333333333333333,False,0.20589080459770115,,,,,,False,0.09195402298850575,,,,,,True,0.6441810344827587,,27.0,0.13614414446414994,0.3451225674067192,SHORT_COVER,67.0,83.0,2025-05-05 20:00:00,2025-05-11 04:00:00
WLD,False,1747764000000,1747936800000,0.42686697252328093,2.0,False,0.20589080459770115,,44.0,0.6850443759954091,0.11846898847478837,OI_TREND;RESID;SHOCK;VOL,False,0.09195402298850575,,44.0,0.6850443759954091,0.11846898847478837,OI_TREND;RESID;SHOCK;VOL,True,0.6441810344827587,,0.0,0.0,0.42686697252328093,OI_FLUSH,34.0,44.0,2025-05-20 18:00:00,2025-05-22 18:00:00
WLD,False,1751983200000,1752210000000,0.20619627554427708,2.625,False,0.20589080459770115,,,,,,False,0.09195402298850575,,,,,,True,0.6441810344827587,,0.0,0.0,0.20619627554427708,COIL,42.0,52.0,2025-07-08 14:00:00,2025-07-11 05:00:00
WLD,False,1752332400000,1753225200000,0.3542226195301619,10.333333333333334,False,0.20589080459770115,,106.0,0.25829384881457357,0.252204701854915,OI_DIV;LS_EXT,False,0.09195402298850575,,246.0,0.8792872892484151,0.03728157705110532,OI_TREND;SHOCK,True,0.6441810344827587,,0.0,0.0,0.3542226195301619,LS_EXT,97.0,182.0,2025-07-12 15:00:00,2025-07-22 23:00:00
WLD,False,1756764000000,1757415600000,1.338108371925155,7.541666666666667,False,0.20589080459770115,,127.0,0.23475751195736486,0.9154503205704092,OI_TREND;RESID,False,0.09195402298850575,,127.0,0.23475751195736486,0.9154503205704092,OI_TREND;RESID,True,0.6441810344827587,,15.0,0.02588158681087053,1.2872721122116377,SHOCK,148.0,160.0,2025-09-01 22:00:00,2025-09-09 11:00:00
WLD,False,1760130000000,1760284800000,0.3055871479656228,1.7916666666666667,False,0.20589080459770115,,0.0,0.0,0.3055871479656228,RESID;SHOCK;LS_EXT,False,0.09195402298850575,,1.0,0.3096558533850879,0.20211468340405367,OI_FLUSH;RESID;SHOCK,True,0.6441810344827587,,0.0,0.0,0.3055871479656228,RESID;SHOCK;LS_EXT,1.0,5.0,2025-10-10 21:00:00,2025-10-12 16:00:00
WLD,False,1762232400000,1762552800000,0.24869930660631012,3.7083333333333335,True,0.20589080459770115,FUND_COLD;SHORT_CROWD,,,,,False,0.09195402298850575,,,,,,True,0.6441810344827587,,0.0,0.0,0.24869930660631012,FUND_COLD,72.0,74.0,2025-11-04 05:00:00,2025-11-07 22:00:00
WLD,False,1767204000000,1767733200000,0.2738662718415467,6.125,False,0.20589080459770115,,70.0,0.8264720395622127,0.04289821796791824,OI_TREND;RESID;SHOCK,False,0.09195402298850575,,70.0,0.8264720395622127,0.04289821796791824,OI_TREND;RESID;SHOCK,False,0.6441810344827587,,22.0,0.2761481182131935,0.19150011512319562,RESID,23.0,46.0,2025-12-31 18:00:00,2026-01-06 21:00:00
WLD,False,1769367600000,1769637600000,0.40188111956024625,3.125,False,0.20589080459770115,,74.0,0.5776048582713803,0.15337382853793446,OI_TREND;RESID;SHOCK;VOL,False,0.09195402298850575,,74.0,0.5776048582713803,0.15337382853793446,OI_TREND;RESID;SHOCK;VOL,True,0.6441810344827587,,0.0,0.0,0.40188111956024625,FUND_COLD,74.0,74.0,2026-01-25 19:00:00,2026-01-28 22:00:00
WLD,False,1769882400000,1771095600000,0.2557238767752762,14.041666666666666,True,0.20589080459770115,FUND_COLD;VOL,,,,,False,0.09195402298850575,,,,,,True,0.6441810344827587,,6.0,0.2811849303047796,0.17784083477117546,FUND_COLD,69.0,73.0,2026-01-31 18:00:00,2026-02-14 19:00:00
WLD,False,1775527200000,1776085200000,0.24118151294494022,6.458333333333333,False,0.20589080459770115,,,,,,False,0.09195402298850575,,,,,,False,0.6441810344827587,,15.0,0.18754574778703692,0.1918919513955479,SHOCK,19.0,109.0,2026-04-07 02:00:00,2026-04-13 13:00:00
WLD,False,1779094800000,1779807600000,0.7544827694418949,8.25,False,0.20589080459770115,,55.0,0.13998986139352088,0.6217007132271126,SHOCK;SHORT_CROWD,False,0.09195402298850575,,55.0,0.13998986139352088,0.6217007132271126,SHOCK;SHORT_CROWD,True,0.6441810344827587,,10.0,0.04399050781398243,0.7116259578505847,SHOCK,91.0,129.0,2026-05-18 09:00:00,2026-05-26 15:00:00
WLD,False,1780005600000,1780171200000,0.3412348763737299,1.9166666666666667,True,0.20589080459770115,OI_FLUSH;RESID;VOL;LS_EXT,,,,,True,0.09195402298850575,OI_TREND;VOL,,,,,True,0.6441810344827587,,0.0,0.0,0.3412348763737299,RESID,9.0,39.0,2026-05-28 22:00:00,2026-05-30 20:00:00
WLD,False,1780236000000,1780372800000,0.5466543865186962,1.5833333333333333,False,0.20589080459770115,,24.0,0.42437767687061106,0.2853428867582814,OI_TREND;RESID,False,0.09195402298850575,,24.0,0.42437767687061106,0.2853428867582814,OI_TREND;RESID,True,0.6441810344827587,,23.0,0.4611180447662489,0.2649128944128717,RESID,11.0,15.0,2026-05-31 14:00:00,2026-06-02 04:00:00
WLD,False,1780441200000,1780527600000,0.4739764136687938,1.0,True,0.20589080459770115,OI_TREND;SHOCK,5.0,0.17773555835053237,0.37576347402211047,OI_FLUSH;SHOCK,True,0.09195402298850575,OI_TREND;SHOCK,5.0,0.17773555835053237,0.37576347402211047,OI_FLUSH;SHOCK,True,0.6441810344827587,,3.0,0.0858282539320508,0.42570372966264025,OI_FLUSH,7.0,10.0,2026-06-02 23:00:00,2026-06-03 23:00:00
WLD,False,1780570800000,1780588800000,0.2716489104498937,0.20833333333333334,True,0.20589080459770115,OI_FLUSH;SHOCK,,,,,True,0.09195402298850575,OI_FLUSH;SHOCK,,,,,True,0.6441810344827587,,3.0,0.45629409908850793,0.13958067345095754,SHOCK,3.0,4.0,2026-06-04 11:00:00,2026-06-04 16:00:00
WLD,False,1780912800000,1780941600000,0.2541254034025839,0.3333333333333333,True,0.20589080459770115,SHOCK;SHORT_CROWD,,,,,True,0.09195402298850575,SHOCK;SHORT_CROWD,,,,,True,0.6441810344827587,,8.0,1.0,0.0,SHOCK,6.0,7.0,2026-06-08 10:00:00,2026-06-08 18:00:00
WLD,False,1781305200000,1781658000000,0.4770712452193076,4.083333333333333,False,0.20589080459770115,,,,,,False,0.09195402298850575,,,,,,True,0.6441810344827587,,60.0,0.6723091045330062,0.13634789229925892,OI_TREND,15.0,51.0,2026-06-12 23:00:00,2026-06-17 01:00:00
WLD,False,1786078800000,1786896000000,0.2664202019132132,9.458333333333334,True,0.20589080459770115,OI_DIV;SHORT_CROWD,3.0,0.05474253663466317,0.25015096128514586,OI_DIV;SHORT_CROWD,False,0.09195402298850575,,,,,,True,0.6441810344827587,,0.0,0.0,0.2664202019132132,SHORT_CROWD,58.0,73.0,2026-08-07 05:00:00,2026-08-16 16:00:00
WLD,False,1787151600000,1787371200000,0.20220880409299846,2.5416666666666665,True,0.20589080459770115,FUND_COLD;RESID;SHORT_CROWD,3.0,0.21654282684859466,0.15520970710956142,SHORT_COVER;VOL,False,0.09195402298850575,,3.0,0.21654282684859466,0.15520970710956142,SHORT_COVER;VOL,True,0.6441810344827587,,0.0,0.0,0.20220880409299846,SHOCK,4.0,59.0,2026-08-19 15:00:00,2026-08-22 04:00:00
WLD,False,1788188400000,1788825600000,0.36689657255494323,7.375,True,0.20589080459770115,SHORT_CROWD;COIL,161.0,0.7374770716433234,0.08550973222564964,OI_TREND;RESID,False,0.09195402298850575,,161.0,0.7374770716433234,0.08550973222564964,OI_TREND;RESID,True,0.6441810344827587,,8.0,0.0743080866926269,0.335516929748396,COIL,75.0,150.0,2026-08-31 15:00:00,2026-09-08 00:00:00
WLD,False,1790193600000,1790506800000,0.4197204657621321,3.625,False,0.20589080459770115,,67.0,0.8380455028632741,0.05840025272938085,OI_TREND;RESID;SHOCK,False,0.09195402298850575,,67.0,0.8380455028632741,0.05840025272938085,OI_TREND;RESID;SHOCK,True,0.6441810344827587,,3.0,0.008079200791666633,0.41570630275705706,RESID,20.0,50.0,2026-09-23 20:00:00,2026-09-27 11:00:00
WLFI,False,1757613600000,1757844000000,0.23478207385138167,2.6666666666666665,False,0.18977163074943712,,,,,,False,0.1008898895679211,,,,,,False,0.5665272863728958,,61.0,0.7976008691912988,0.043608962914012644,FUND_HOT,21.0,42.0,2025-09-11 18:00:00,2025-09-14 10:00:00
WLFI,False,1757923200000,1758477600000,0.22488965151007057,6.416666666666667,False,0.18977163074943712,,,,,,False,0.1008898895679211,,,,,,True,0.5665272863728958,,1.0,0.31182352513655953,0.14981047060484828,LS_EXT,1.0,100.0,2025-09-15 08:00:00,2025-09-21 18:00:00
WLFI,False,1760234400000,1760396400000,0.2420233007907278,1.875,True,0.18977163074943712,OI_FLUSH;RESID,27.0,0.7820723929456694,0.04836730841974685,SHORT_COVER;RESID,True,0.1008898895679211,OI_FLUSH;SHOCK,27.0,0.7820723929456694,0.04836730841974685,SHORT_COVER;RESID,True,0.5665272863728958,,0.0,0.0,0.2420233007907278,OI_FLUSH,14.0,15.0,2025-10-12 02:00:00,2025-10-13 23:00:00
WLFI,False,1761170400000,1761235200000,0.21292152283171142,0.75,False,0.18977163074943712,,,,,,False,0.1008898895679211,,,,,,False,0.5665272863728958,,18.0,1.0,0.0,RESID;SHOCK,18.0,18.0,2025-10-22 22:00:00,2025-10-23 16:00:00
WLFI,False,1762232400000,1762786800000,0.48902055514587395,6.416666666666667,True,0.18977163074943712,FUND_COLD;SHORT_CROWD,3.0,0.03109807545057998,0.4706990578461286,FUND_COLD;SHORT_CROWD,False,0.1008898895679211,,144.0,0.8687960057059833,0.053623046277902986,OI_TREND;RESID,True,0.5665272863728958,,3.0,0.03109807545057998,0.4706990578461286,FUND_COLD;SHORT_CROWD,37.0,143.0,2025-11-04 05:00:00,2025-11-10 15:00:00
WLFI,False,1762981200000,1764126000000,0.4355309236857847,13.25,False,0.18977163074943712,,222.0,0.6298690377759465,0.14318155103720231,FUND_COLD;RESID,False,0.1008898895679211,,222.0,0.6298690377759465,0.14318155103720231,FUND_COLD;RESID,True,0.5665272863728958,,0.0,0.0,0.4355309236857847,FUND_COLD,43.0,213.0,2025-11-12 21:00:00,2025-11-26 03:00:00
WLFI,False,1766037600000,1767884400000,0.44184367478125636,21.375,False,0.18977163074943712,,382.0,0.5827298734474549,0.16496212968477147,OI_TREND;RESID,False,0.1008898895679211,,382.0,0.5827298734474549,0.16496212968477147,OI_TREND;RESID,False,0.5665272863728958,,209.0,0.4314648821391536,0.2312622496098728,RESID,187.0,377.0,2025-12-18 06:00:00,2026-01-08 15:00:00
WLFI,False,1769950800000,1770145200000,0.20335281985670128,2.25,True,0.18977163074943712,OI_FLUSH;FUND_COLD;RESID;LS_EXT,,,,,False,0.1008898895679211,,,,,,True,0.5665272863728958,,0.0,0.0,0.20335281985670128,OI_FLUSH;FUND_COLD;RESID;LS_EXT,6.0,7.0,2026-02-01 13:00:00,2026-02-03 19:00:00
WLFI,False,1771311600000,1771423200000,0.3092839808785565,1.2916666666666667,True,0.18977163074943712,OI_DIV;SHORT_CROWD,6.0,0.0691295287425502,0.2851190431895675,SHORT_CROWD;COIL,False,0.1008898895679211,,20.0,0.592816680030344,0.11597440300340238,OI_TREND;RESID,True,0.5665272863728958,,4.0,0.04746877902662792,0.29264240896494537,SHORT_CROWD,14.0,20.0,2026-02-17 07:00:00,2026-02-18 14:00:00
WLFI,False,1777698000000,1778245200000,0.4221426898099711,6.333333333333333,True,0.18977163074943712,FUND_COLD;RESID;LS_EXT,0.0,0.0,0.4221426898099711,OI_DIV;RESID;LS_EXT,False,0.1008898895679211,,1.0,0.1076113641809361,0.36925630606213006,OI_DIV;RESID;SHOCK;LS_EXT,True,0.5665272863728958,,0.0,0.0,0.4221426898099711,OI_DIV;RESID;LS_EXT,34.0,59.0,2026-05-02 05:00:00,2026-05-08 13:00:00
WLFI,False,1779814800000,1780585200000,0.3439484402721738,8.916666666666666,False,0.18977163074943712,,,,,,False,0.1008898895679211,,,,,,False,0.5665272863728958,,0.0,0.0,0.3439484402721738,SHOCK,38.0,157.0,2026-05-26 17:00:00,2026-06-04 15:00:00
WLFI,False,1784764800000,1784804400000,0.2543234075377007,0.4583333333333333,False,0.18977163074943712,,0.0,0.0,0.2543234075377007,OI_DIV;RESID;SHOCK,False,0.1008898895679211,,5.0,0.5440087841675297,0.10885275497996506,OI_TREND;SHOCK;VOL;LS_EXT,True,0.5665272863728958,,0.0,0.0,0.2543234075377007,OI_DIV;RESID;SHOCK,4.0,5.0,2026-07-23 00:00:00,2026-07-23 11:00:00
WLFI,False,1786237200000,1786885200000,0.2675450153106335,7.5,False,0.18977163074943712,,,,,,False,0.1008898895679211,,,,,,False,0.5665272863728958,,48.0,0.4801040505605358,0.1311761773948436,RESID,40.0,127.0,2026-08-09 01:00:00,2026-08-16 13:00:00
WLFI,False,1789120800000,1789603200000,0.20645186915595962,5.583333333333333,False,0.18977163074943712,,24.0,0.7101697513619618,0.055903097151102144,RESID;LONG_CROWD,False,0.1008898895679211,,24.0,0.7101697513619618,0.055903097151102144,RESID;LONG_CROWD,False,0.5665272863728958,,0.0,0.0,0.20645186915595962,RESID;SHOCK,7.0,13.0,2026-09-11 10:00:00,2026-09-17 00:00:00
XLM,False,1751407200000,1752458400000,0.999771812427944,12.166666666666666,True,0.20136494252873563,OI_DIV;RESID;SHORT_CROWD,36.0,0.0733117111571451,0.9007064621768852,SHORT_COVER;RESID,True,0.10316091954022988,SHOCK;SHORT_CROWD,36.0,0.0733117111571451,0.9007064621768852,SHORT_COVER;RESID,True,0.5930316091954023,,0.0,0.0,0.999771812427944,OI_DIV;SHORT_CROWD,182.0,233.0,2025-07-01 22:00:00,2025-07-14 02:00:00
XLM,False,1754157600000,1754632800000,0.2366777967631362,5.5,False,0.20136494252873563,,,,,,False,0.10316091954022988,,,,,,True,0.5930316091954023,,126.0,0.7838226232820449,0.046993009207380955,OI_TREND,20.0,30.0,2025-08-02 18:00:00,2025-08-08 06:00:00
XLM,False,1779267600000,1780110000000,1.1668650388605986,9.75,False,0.20136494252873563,,173.0,0.19077542038788442,0.8696632764097864,OI_TREND;RESID;SHOCK,False,0.10316091954022988,,173.0,0.19077542038788442,0.8696632764097864,OI_TREND;RESID;SHOCK,False,0.5930316091954023,,32.0,0.04143176880135672,1.0985424295586297,SHOCK,184.0,199.0,2026-05-20 09:00:00,2026-05-30 03:00:00
XLM,False,1780185600000,1780315200000,0.21696416017982267,1.5,True,0.20136494252873563,RESID;SHOCK;VOL;LS_EXT,1.0,0.24314413138350396,0.16022707142871148,RESID;SHOCK;VOL,True,0.10316091954022988,RESID;SHOCK;VOL;LS_EXT,1.0,0.24314413138350396,0.16022707142871148,RESID;SHOCK;VOL,True,0.5930316091954023,,0.0,0.0,0.21696416017982267,RESID;VOL,2.0,11.0,2026-05-31 00:00:00,2026-06-01 12:00:00
XLM,False,1781449200000,1781791200000,0.36841048776113544,3.9583333333333335,False,0.20136494252873563,,,,,,False,0.10316091954022988,,,,,,True,0.5930316091954023,,,,,,22.0,24.0,2026-06-14 15:00:00,2026-06-18 14:00:00
XLM,False,1782651600000,1782871200000,0.23339476901377734,2.5416666666666665,False,0.20136494252873563,,,,,,False,0.10316091954022988,,,,,,False,0.5930316091954023,,59.0,0.7525246388515984,0.05328409360166396,RESID,38.0,53.0,2026-06-28 13:00:00,2026-07-01 02:00:00
XLM,False,1789570800000,1790636400000,0.21771741047836643,12.333333333333334,True,0.20136494252873563,OI_FLUSH;FUND_COLD;RESID,115.0,0.5036494924844052,0.10270934833499805,OI_TREND;SHOCK,True,0.10316091954022988,OI_TREND;RESID,115.0,0.5036494924844052,0.10270934833499805,OI_TREND;SHOCK,True,0.5930316091954023,,0.0,0.0,0.21771741047836643,FUND_COLD;RESID,24.0,115.0,2026-09-16 15:00:00,2026-09-28 23:00:00
XPL,False,1758286800000,1758402000000,0.24950699796726403,1.3333333333333333,False,0.1867379679144385,,,,,,False,0.08823529411764706,,,,,,False,0.6414973262032085,,,,,,14.0,28.0,2025-09-19 13:00:00,2025-09-20 21:00:00
XPL,False,1758506400000,1758578400000,0.2316422910285912,0.8333333333333334,False,0.1867379679144385,,,,,,False,0.08823529411764706,,,,,,False,0.6414973262032085,,,,,,4.0,11.0,2025-09-22 02:00:00,2025-09-22 22:00:00
XPL,False,1758682800000,1758837600000,1.109996664015646,1.7916666666666667,False,0.1867379679144385,,35.0,0.4556491013203724,0.5014921714523277,OI_TREND;RESID;SHOCK;VOL,False,0.08823529411764706,,35.0,0.4556491013203724,0.5014921714523277,OI_TREND;RESID;SHOCK;VOL,False,0.6414973262032085,,19.0,0.20146523057801977,0.815307773404674,OI_TREND,35.0,37.0,2025-09-24 03:00:00,2025-09-25 22:00:00
XPL,False,1758924000000,1759021200000,0.3848407302534524,1.125,True,0.1867379679144385,OI_FLUSH;VOL;LS_EXT,10.0,0.6289569798490185,0.12840608472857218,SHORT_COVER;FUND_COLD;VOL,True,0.08823529411764706,SHORT_COVER;FUND_HOT;RESID;VOL;LS_EXT,10.0,0.6289569798490185,0.12840608472857218,SHORT_COVER;FUND_COLD;VOL,True,0.6414973262032085,,0.0,0.0,0.3848407302534524,VOL;LS_EXT,5.0,7.0,2025-09-26 22:00:00,2025-09-28 01:00:00
XPL,False,1759597200000,1759798800000,0.24243243909908344,2.3333333333333335,False,0.1867379679144385,,,,,,False,0.08823529411764706,,,,,,True,0.6414973262032085,,54.0,0.8788061470284232,0.026656785014911005,FUND_HOT,20.0,50.0,2025-10-04 17:00:00,2025-10-07 01:00:00
XPL,False,1760227200000,1760346000000,0.2509415112373331,1.375,True,0.1867379679144385,OI_DIV;RESID,,,,,False,0.08823529411764706,,,,,,True,0.6414973262032085,,20.0,0.8344022040062241,0.03777268041447844,SHORT_COVER,3.0,5.0,2025-10-12 00:00:00,2025-10-13 09:00:00
XPL,False,1760428800000,1760533200000,0.2934950619767219,1.2083333333333333,False,0.1867379679144385,,,,,,False,0.08823529411764706,,,,,,True,0.6414973262032085,,29.0,1.0,0.0,LS_EXT,12.0,20.0,2025-10-14 08:00:00,2025-10-15 13:00:00
XPL,False,1762286400000,1762351200000,0.33543198127589324,0.75,False,0.1867379679144385,,18.0,1.0,0.0,OI_TREND;RESID,False,0.08823529411764706,,18.0,1.0,0.0,OI_TREND;RESID,True,0.6414973262032085,,17.0,0.8824836268346783,0.03457651370457041,RESID,7.0,15.0,2025-11-04 20:00:00,2025-11-05 14:00:00
XPL,False,1762484400000,1762563600000,0.3202278257988541,0.9166666666666666,True,0.1867379679144385,OI_TREND;RESID,,,,,True,0.08823529411764706,OI_TREND;RESID,,,,,True,0.6414973262032085,,12.0,0.7933574391049198,0.059085918963712486,RESID,8.0,11.0,2025-11-07 03:00:00,2025-11-08 01:00:00
XPL,False,1763308800000,1763478000000,0.2606536905453716,1.9583333333333333,False,0.1867379679144385,,35.0,0.862553655646275,0.032348960718549154,OI_TREND;RESID,False,0.08823529411764706,,35.0,0.862553655646275,0.032348960718549154,OI_TREND;RESID,False,0.6414973262032085,,29.0,0.5347617699462184,0.11378409480094134,OI_TREND,28.0,28.0,2025-11-16 16:00:00,2025-11-18 15:00:00
XPL,False,1764000000000,1764190800000,0.20745374641993647,2.2083333333333335,False,0.1867379679144385,,,,,,False,0.08823529411764706,,,,,,True,0.6414973262032085,,0.0,0.0,0.20745374641993647,LS_EXT,6.0,7.0,2025-11-24 16:00:00,2025-11-26 21:00:00
XPL,False,1766476800000,1766973600000,0.32901344988144754,5.75,False,0.1867379679144385,,,,,,False,0.08823529411764706,,,,,,True,0.6414973262032085,,75.0,0.36426197865462173,0.1982082931596686,FUND_COLD,45.0,92.0,2025-12-23 08:00:00,2025-12-29 02:00:00
XPL,False,1767114000000,1767538800000,0.3111028710435958,4.916666666666667,False,0.1867379679144385,,,,,,False,0.08823529411764706,,,,,,False,0.6414973262032085,,11.0,0.6177640911101059,0.10908542250481046,RESID,6.0,9.0,2025-12-30 17:00:00,2026-01-04 15:00:00
XPL,False,1769367600000,1769637600000,0.23994534107178625,3.125,False,0.1867379679144385,,,,,,False,0.08823529411764706,,,,,,True,0.6414973262032085,,1.0,0.03580319485846367,0.23043430733564843,FUND_COLD,24.0,47.0,2026-01-25 19:00:00,2026-01-28 22:00:00
XPL,False,1770631200000,1771272000000,0.32969759761465883,7.416666666666667,False,0.1867379679144385,,,,,,False,0.08823529411764706,,,,,,False,0.6414973262032085,,66.0,0.575714720267167,0.12851289792606813,RESID,63.0,66.0,2026-02-09 10:00:00,2026-02-16 20:00:00
XPL,False,1771819200000,1772053200000,0.2574416421753762,2.7083333333333335,False,0.1867379679144385,,,,,,False,0.08823529411764706,,,,,,True,0.6414973262032085,,0.0,0.0,0.2574416421753762,FUND_COLD,17.0,61.0,2026-02-23 04:00:00,2026-02-25 21:00:00
XPL,False,1772258400000,1772589600000,0.2649592612137186,3.8333333333333335,True,0.1867379679144385,FUND_COLD;SHORT_CROWD,,,,,False,0.08823529411764706,,,,,,True,0.6414973262032085,,0.0,0.0,0.2649592612137186,SHOCK,14.0,70.0,2026-02-28 06:00:00,2026-03-04 02:00:00
XPL,False,1773115200000,1773694800000,0.2642678747251464,6.708333333333333,True,0.1867379679144385,OI_DIV;COIL,2.0,0.004913923318717904,0.26281192110974716,OI_DIV;COIL,False,0.08823529411764706,,,,,,True,0.6414973262032085,,0.0,0.0,0.2642678747251464,COIL,13.0,57.0,2026-03-10 04:00:00,2026-03-16 21:00:00
XPL,False,1774796400000,1775160000000,0.7612300225727504,4.208333333333333,False,0.1867379679144385,,52.0,0.08242216635594861,0.6809522861299325,FUND_COLD;SHORT_CROWD,False,0.08823529411764706,,71.0,0.2237199071931415,0.5517513410804508,OI_TREND;SHOCK,True,0.6414973262032085,,4.0,0.006826986481001789,0.7544374814094911,FUND_COLD,73.0,98.0,2026-03-29 15:00:00,2026-04-02 20:00:00
XPL,False,1777906800000,1778284800000,0.254520947019684,4.375,False,0.1867379679144385,,,,,,False,0.08823529411764706,,,,,,True,0.6414973262032085,,45.0,0.48478643103980623,0.12392455398283124,SHOCK,41.0,54.0,2026-05-04 15:00:00,2026-05-09 00:00:00
XPL,False,1779656400000,1780041600000,0.2953734382178406,4.458333333333333,False,0.1867379679144385,,89.0,0.4062527307735745,0.16609576188510558,OI_DIV;LS_EXT,False,0.08823529411764706,,92.0,0.7528755791148741,0.06604502122908767,OI_TREND;RESID;SHOCK;LS_EXT,True,0.6414973262032085,,39.0,0.4426954539984017,0.15514961449199188,RESID,19.0,41.0,2026-05-24 21:00:00,2026-05-29 08:00:00
XPL,False,1780297200000,1780506000000,0.295621076675538,2.4166666666666665,False,0.1867379679144385,,,,,,False,0.08823529411764706,,,,,,False,0.6414973262032085,,22.0,0.3925629633543259,0.17037033582586825,RESID,8.0,29.0,2026-06-01 07:00:00,2026-06-03 17:00:00
XPL,False,1781128800000,1781265600000,0.45232246473100396,1.5833333333333333,False,0.1867379679144385,,27.0,0.5709884835755448,0.17361841967632383,OI_TREND;RESID,False,0.08823529411764706,,27.0,0.5709884835755448,0.17361841967632383,OI_TREND;RESID,True,0.6414973262032085,,22.0,0.33365233582298837,0.28230205494202787,SHOCK,22.0,26.0,2026-06-10 22:00:00,2026-06-12 12:00:00
XPL,False,1781456400000,1781722800000,0.38972492369824996,3.0833333333333335,True,0.1867379679144385,OI_FLUSH;VOL,69.0,0.833776006491946,0.05622928272147492,OI_TREND;RESID,True,0.08823529411764706,OI_TREND;RESID;SHOCK;VOL,69.0,0.833776006491946,0.05622928272147492,OI_TREND;RESID,True,0.6414973262032085,,67.0,0.6793958894183414,0.11128019792819147,SHOCK,38.0,67.0,2026-06-14 17:00:00,2026-06-17 19:00:00
XPL,False,1782165600000,1782536400000,0.3881264002091477,4.291666666666667,False,0.1867379679144385,,,,,,False,0.08823529411764706,,,,,,False,0.6414973262032085,,63.0,0.47666491412115225,0.18723885184989128,SHOCK,22.0,62.0,2026-06-22 22:00:00,2026-06-27 05:00:00
XPL,False,1782928800000,1783173600000,0.2663926056624723,2.8333333333333335,False,0.1867379679144385,,,,,,False,0.08823529411764706,,,,,,False,0.6414973262032085,,,,,,8.0,40.0,2026-07-01 18:00:00,2026-07-04 14:00:00
XPL,False,1786003200000,1787371200000,0.22492531128885518,15.833333333333334,False,0.1867379679144385,,354.0,0.4672420479687649,0.11414340718970196,OI_TREND;VOL,False,0.08823529411764706,,354.0,0.4672420479687649,0.11414340718970196,OI_TREND;VOL,False,0.6414973262032085,,17.0,0.3010612236102343,0.15234685840861584,LS_EXT,16.0,103.0,2026-08-06 08:00:00,2026-08-22 04:00:00
XPL,False,1787457600000,1787497200000,0.20715068479966178,0.4583333333333333,True,0.1867379679144385,RESID;VOL;LS_EXT,7.0,0.7192867443687222,0.05426923320498018,OI_TREND;RESID;SHOCK,True,0.08823529411764706,OI_FLUSH;SHOCK;VOL;LS_EXT,7.0,0.7192867443687222,0.05426923320498018,OI_TREND;RESID;SHOCK,True,0.6414973262032085,,0.0,0.0,0.20715068479966178,RESID,6.0,7.0,2026-08-23 04:00:00,2026-08-23 15:00:00
XPL,False,1789336800000,1789992000000,0.2042703498017009,7.583333333333333,False,0.1867379679144385,,,,,,False,0.08823529411764706,,,,,,True,0.6414973262032085,,14.0,0.2440472932426062,0.15086271851855781,FUND_COLD,21.0,79.0,2026-09-13 22:00:00,2026-09-21 12:00:00
XPL,False,1790179200000,1790416800000,0.3913802664165002,2.75,False,0.1867379679144385,,24.0,0.42101869795087643,0.21074437204475627,OI_TREND;RESID,False,0.08823529411764706,,24.0,0.42101869795087643,0.21074437204475627,OI_TREND;RESID,True,0.6414973262032085,,23.0,0.49093490000514917,0.18310494798063676,RESID;SHOCK,23.0,26.0,2026-09-23 16:00:00,2026-09-26 10:00:00
XRP,True,1751032800000,1753106400000,0.5771129871560691,24.0,False,0.5697557471264367,,15.0,0.10517095618068378,0.5033267570581235,RESID,False,0.3177442528735632,,15.0,0.10517095618068378,0.5033267570581235,RESID,False,0.629382183908046,,15.0,0.10517095618068378,0.5033267570581235,RESID,332.0,403.0,2025-06-27 14:00:00,2025-07-21 14:00:00
XRP,True,1767211200000,1767664800000,0.22487831322948407,5.25,True,0.5697557471264367,OI_DIV,4.0,0.033762480548752125,0.21651847559410592,OI_DIV;SHORT_CROWD,False,0.3177442528735632,,44.0,0.19725645366355585,0.17683626611714218,SHOCK,True,0.629382183908046,,0.0,0.0,0.22487831322948407,OI_DIV,49.0,88.0,2025-12-31 20:00:00,2026-01-06 02:00:00
XRP,True,1770325200000,1771138800000,0.2666549171125201,9.416666666666666,True,0.5697557471264367,OI_DIV;RESID;SHOCK;LS_EXT,1.0,0.176461936938284,0.21490698374308267,OI_DIV;RESID;SHOCK;VOL;LS_EXT,False,0.3177442528735632,,1.0,0.176461936938284,0.21490698374308267,OI_DIV;RESID;SHOCK;VOL;LS_EXT,True,0.629382183908046,,0.0,0.0,0.2666549171125201,OI_DIV;RESID;LS_EXT,6.0,15.0,2026-02-05 21:00:00,2026-02-15 07:00:00
XRP,True,1787022000000,1787371200000,0.3721903477056328,4.041666666666667,False,0.5697557471264367,,35.0,0.047201668086099026,0.35184896559856094,SHOCK;LS_EXT,False,0.3177442528735632,,35.0,0.047201668086099026,0.35184896559856094,SHOCK;LS_EXT,True,0.629382183908046,,11.0,0.005758764185482891,0.36969232802751056,LS_EXT,58.0,78.0,2026-08-18 03:00:00,2026-08-22 04:00:00
XTZ,False,1746547200000,1747184400000,0.23249345715110994,7.375,False,0.23864942528735633,,,,,,False,0.12464080459770115,,,,,,False,0.6248563218390805,,79.0,0.5651568454807124,0.09515873539942492,RESID,52.0,73.0,2025-05-06 16:00:00,2025-05-14 01:00:00
XTZ,False,1751918400000,1753012800000,1.080113022796556,12.666666666666666,False,0.23864942528735633,,121.0,0.1253636398040933,0.8976250174731951,OI_TREND;SHORT_CROWD,False,0.12464080459770115,,121.0,0.1253636398040933,0.8976250174731951,OI_TREND;SHORT_CROWD,True,0.6248563218390805,,100.0,0.08569111446743798,0.9535732917080435,SHORT_COVER,249.0,283.0,2025-07-07 20:00:00,2025-07-20 12:00:00
XTZ,False,1754157600000,1754737200000,0.2793368455377893,6.708333333333333,False,0.23864942528735633,,,,,,False,0.12464080459770115,,,,,,False,0.6248563218390805,,,,,,56.0,155.0,2025-08-02 18:00:00,2025-08-09 11:00:00
XTZ,False,1762200000000,1762581600000,0.46169144698640757,4.416666666666667,True,0.23864942528735633,SHOCK;SHORT_CROWD,65.0,0.27311707543199204,0.3177432416212743,RESID;SHOCK;SHORT_CROWD,False,0.12464080459770115,,65.0,0.27311707543199204,0.3177432416212743,RESID;SHOCK;SHORT_CROWD,True,0.6248563218390805,,0.0,0.0,0.46169144698640757,SHORT_CROWD,66.0,67.0,2025-11-03 20:00:00,2025-11-08 06:00:00
XTZ,False,1766350800000,1768032000000,0.34683428631208935,19.458333333333332,True,0.23864942528735633,FUND_COLD;SHORT_CROWD,110.0,0.20402143843234744,0.26745136073275283,OI_DIV;FUND_COLD;SHORT_CROWD,False,0.12464080459770115,,111.0,0.32754509501455287,0.2216813488555156,OI_TREND;FUND_COLD;SHOCK;VOL;SHORT_CROWD;LS_EXT,True,0.6248563218390805,,43.0,0.09081093335930883,0.31090440789904444,FUND_COLD,111.0,180.0,2025-12-21 21:00:00,2026-01-10 08:00:00
XTZ,False,1782392400000,1783270800000,0.23054168204174602,10.166666666666666,False,0.23864942528735633,,194.0,0.606174272220459,0.08513120440614032,OI_TREND;RESID,False,0.12464080459770115,,194.0,0.606174272220459,0.08513120440614032,OI_TREND;RESID,False,0.6248563218390805,,0.0,0.0,0.23054168204174602,SHOCK,40.0,194.0,2026-06-25 13:00:00,2026-07-05 17:00:00
XTZ,False,1788202800000,1789329600000,0.4375362741809535,13.041666666666666,False,0.23864942528735633,,208.0,0.6430438314972302,0.1383164378550455,OI_TREND;RESID;VOL,False,0.12464080459770115,,208.0,0.6430438314972302,0.1383164378550455,OI_TREND;RESID;VOL,True,0.6248563218390805,,81.0,0.11847785441816701,0.37703339806766417,SHORT_CROWD,155.0,207.0,2026-08-31 19:00:00,2026-09-13 20:00:00
XTZ,False,1789567200000,1789840800000,0.4233744245032345,3.1666666666666665,True,0.23864942528735633,OI_FLUSH;RESID,61.0,0.7148916542070931,0.1058916311244133,OI_TREND;RESID,False,0.12464080459770115,,61.0,0.7148916542070931,0.1058916311244133,OI_TREND;RESID,True,0.6248563218390805,,59.0,0.4755130149475484,0.20341079506452445,RESID;SHOCK,55.0,60.0,2026-09-16 14:00:00,2026-09-19 18:00:00
ZEC,False,1742565600000,1743717600000,0.384708457481632,13.333333333333334,False,0.21163793103448275,,89.0,0.3373867860807765,0.24069750006768936,FUND_COLD;SHORT_CROWD,False,0.14102011494252872,,96.0,0.4625698564250421,0.19116036879228993,OI_TREND;FUND_COLD;SHORT_CROWD,True,0.6265086206896552,,0.0,0.0,0.384708457481632,OI_DIV,89.0,102.0,2025-03-21 14:00:00,2025-04-03 22:00:00
ZEC,False,1744002000000,1744156800000,0.27276443091998276,1.7916666666666667,True,0.21163793103448275,OI_DIV;FUND_COLD;SHORT_CROWD;LS_EXT,0.0,0.0,0.27276443091998276,OI_DIV;FUND_COLD;RESID;SHOCK;VOL;SHORT_CROWD;LS_EXT,False,0.14102011494252872,,15.0,0.649418318864966,0.08823512719647723,OI_DIV;FUND_COLD;SHOCK;VOL;SHORT_CROWD,True,0.6265086206896552,,0.0,0.0,0.27276443091998276,OI_DIV;FUND_COLD;RESID;SHOCK;VOL;SHORT_CROWD;LS_EXT,2.0,15.0,2025-04-07 05:00:00,2025-04-09 00:00:00
ZEC,False,1744286400000,1744340400000,0.22334870533593493,0.625,True,0.21163793103448275,FUND_COLD;RESID,0.0,0.0,0.22334870533593493,FUND_COLD;RESID;SHORT_CROWD,True,0.14102011494252872,OI_TREND;FUND_COLD;SHORT_CROWD;LS_EXT,5.0,0.5304617083618851,0.0992796862650779,FUND_COLD;SHOCK,True,0.6265086206896552,,0.0,0.0,0.22334870533593493,FUND_COLD;RESID;SHORT_CROWD,5.0,5.0,2025-04-10 12:00:00,2025-04-11 03:00:00
ZEC,False,1745953200000,1747000800000,0.21311796247999426,12.125,False,0.21163793103448275,,,,,,False,0.14102011494252872,,,,,,True,0.6265086206896552,,234.0,0.7282473582231,0.053903558621133725,OI_DIV,22.0,187.0,2025-04-29 19:00:00,2025-05-11 22:00:00
ZEC,False,1747767600000,1748217600000,0.36860490888368647,5.208333333333333,False,0.21163793103448275,,46.0,0.5620360329213119,0.14732087222365592,OI_TREND;RESID,False,0.14102011494252872,,46.0,0.5620360329213119,0.14732087222365592,OI_TREND;RESID,True,0.6265086206896552,,0.0,0.0,0.36860490888368647,FUND_COLD,43.0,46.0,2025-05-20 19:00:00,2025-05-26 00:00:00
ZEC,False,1748649600000,1748923200000,0.20518637490974892,3.1666666666666665,True,0.21163793103448275,FUND_COLD;SHORT_CROWD,35.0,0.7346348988610948,0.05077313204098359,OI_TREND;FUND_COLD;SHORT_CROWD,False,0.14102011494252872,,35.0,0.7346348988610948,0.05077313204098359,OI_TREND;FUND_COLD;SHORT_CROWD,True,0.6265086206896552,,0.0,0.0,0.20518637490974892,RESID;SHOCK,16.0,25.0,2025-05-31 00:00:00,2025-06-03 04:00:00
ZEC,False,1755558000000,1756476000000,0.31434305270747864,10.625,False,0.21163793103448275,,33.0,0.3549387488579211,0.1928186050188735,FUND_COLD;RESID;SHOCK,False,0.14102011494252872,,33.0,0.3549387488579211,0.1928186050188735,FUND_COLD;RESID;SHOCK,True,0.6265086206896552,,0.0,0.0,0.31434305270747864,FUND_COLD,33.0,62.0,2025-08-18 23:00:00,2025-08-29 14:00:00
ZEC,False,1756706400000,1757358000000,0.28346885352348683,7.541666666666667,False,0.21163793103448275,,136.0,0.6405354685497143,0.09385733477509468,OI_TREND;RESID;LS_EXT,False,0.14102011494252872,,136.0,0.6405354685497143,0.09385733477509468,OI_TREND;RESID;LS_EXT,True,0.6265086206896552,,135.0,0.5388392644988865,0.12197469074445606,RESID,130.0,135.0,2025-09-01 06:00:00,2025-09-08 19:00:00
ZEC,False,1758279600000,1759186800000,0.516956530523918,10.5,False,0.21163793103448275,,87.0,0.06997605172946315,0.4733616125790229,OI_FLUSH;FUND_COLD,False,0.14102011494252872,,108.0,0.4079090812820353,0.2798307787052391,OI_TREND;RESID;LS_EXT,False,0.6265086206896552,,36.0,0.12310960636986305,0.44109829520717997,FUND_COLD,100.0,125.0,2025-09-19 11:00:00,2025-09-29 23:00:00
ZEC,False,1759222800000,1759381200000,1.263371159355846,1.8333333333333333,True,0.21163793103448275,OI_TREND;FUND_COLD;RESID;VOL;SHORT_CROWD;LS_EXT,2.0,0.007410110167192466,1.2497123802465768,OI_FLUSH;VOL,True,0.14102011494252872,OI_TREND;FUND_COLD;RESID;VOL;SHORT_CROWD;LS_EXT,19.0,0.24094633460165443,0.8589969333687681,FUND_COLD;RESID;VOL;SHORT_CROWD;LS_EXT,True,0.6265086206896552,,0.0,0.0,1.263371159355846,SHOCK;VOL,22.0,32.0,2025-09-30 09:00:00,2025-10-02 05:00:00
ZEC,False,1759460400000,1759485600000,0.23581055144732982,0.2916666666666667,True,0.21163793103448275,OI_TREND;RESID;SHOCK;VOL,,,,,True,0.14102011494252872,OI_TREND;RESID;SHOCK;VOL,,,,,True,0.6265086206896552,,0.0,0.0,0.23581055144732982,VOL,3.0,4.0,2025-10-03 03:00:00,2025-10-03 10:00:00
ZEC,False,1759543200000,1759604400000,0.3526289786637826,0.7083333333333334,True,0.21163793103448275,OI_TREND;RESID;SHOCK;VOL,,,,,True,0.14102011494252872,OI_TREND;RESID;SHOCK;VOL,,,,,True,0.6265086206896552,,16.0,0.8866768319685976,0.03482183638570279,SHOCK,10.0,15.0,2025-10-04 02:00:00,2025-10-04 19:00:00
ZEC,False,1759881600000,1760072400000,1.0763257222068374,2.2083333333333335,False,0.21163793103448275,,,,,,False,0.14102011494252872,,,,,,True,0.6265086206896552,,22.0,0.4522391956564567,0.492114083830669,RESID,15.0,34.0,2025-10-08 00:00:00,2025-10-10 05:00:00
ZEC,False,1760130000000,1760169600000,0.49751251141399894,0.4583333333333333,False,0.21163793103448275,,0.0,0.0,0.49751251141399894,OI_FLUSH;SHOCK,False,0.14102011494252872,,1.0,0.2572430520346494,0.34976333653717134,SHORT_COVER;SHOCK,True,0.6265086206896552,,0.0,0.0,0.49751251141399894,OI_FLUSH;SHOCK,2.0,9.0,2025-10-10 21:00:00,2025-10-11 08:00:00
ZEC,False,1760684400000,1760983200000,0.38865084161331115,3.4583333333333335,False,0.21163793103448275,,,,,,False,0.14102011494252872,,,,,,False,0.6265086206896552,,,,,,6.0,59.0,2025-10-17 07:00:00,2025-10-20 18:00:00
ZEC,False,1761228000000,1761534000000,0.5322635355469965,3.5416666666666665,False,0.21163793103448275,,,,,,False,0.14102011494252872,,,,,,True,0.6265086206896552,,0.0,0.0,0.5322635355469965,FUND_COLD,14.0,64.0,2025-10-23 14:00:00,2025-10-27 03:00:00
ZEC,False,1761847200000,1761980400000,0.4180391962377499,1.5416666666666667,False,0.21163793103448275,,28.0,0.7816896585122722,0.07923273675056126,FUND_COLD;SHORT_CROWD;LS_EXT,False,0.14102011494252872,,,,,,True,0.6265086206896552,,0.0,0.0,0.4180391962377499,FUND_COLD,5.0,10.0,2025-10-30 18:00:00,2025-11-01 07:00:00
ZEC,False,1762095600000,1762250400000,0.32149437452270857,1.7916666666666667,True,0.21163793103448275,FUND_COLD;SHORT_CROWD;LS_EXT,,,,,False,0.14102011494252872,,,,,,True,0.6265086206896552,,1.0,0.1617002158916198,0.2632491961304235,FUND_COLD,7.0,32.0,2025-11-02 15:00:00,2025-11-04 10:00:00
ZEC,False,1762272000000,1762534800000,0.8592611132093747,3.0416666666666665,True,0.21163793103448275,FUND_COLD;SHOCK,70.0,0.9704175411905531,0.018515753980885633,FUND_COLD;SHOCK,False,0.14102011494252872,,70.0,0.9704175411905531,0.018515753980885633,FUND_COLD;SHOCK,True,0.6265086206896552,,0.0,0.0,0.8592611132093747,FUND_COLD,23.0,44.0,2025-11-04 16:00:00,2025-11-07 17:00:00
ZEC,False,1762657200000,1762758000000,0.20172457394017868,1.1666666666666667,True,0.21163793103448275,OI_FLUSH;VOL,,,,,True,0.14102011494252872,FUND_COLD;SHOCK,,,,,True,0.6265086206896552,,0.0,0.0,0.20172457394017868,FUND_COLD,3.0,6.0,2025-11-09 03:00:00,2025-11-10 07:00:00
ZEC,False,1762905600000,1763182800000,0.7725011531472568,3.2083333333333335,False,0.21163793103448275,,72.0,0.8620969659255254,0.08213348595160998,RESID;SHORT_CROWD,False,0.14102011494252872,,72.0,0.8620969659255254,0.08213348595160998,RESID;SHORT_CROWD,True,0.6265086206896552,,72.0,0.8620969659255254,0.08213348595160998,RESID;SHORT_CROWD,20.0,60.0,2025-11-12 00:00:00,2025-11-15 05:00:00
ZEC,False,1763470800000,1763708400000,0.3344641295661362,2.75,False,0.21163793103448275,,55.0,0.8924908144402002,0.03150572625883355,SHORT_CROWD;COIL,False,0.14102011494252872,,,,,,True,0.6265086206896552,,42.0,0.6168365337596412,0.11689675163891568,SHORT_CROWD,4.0,29.0,2025-11-18 13:00:00,2025-11-21 07:00:00
ZEC,False,1763787600000,1763924400000,0.20671568182370853,1.5833333333333333,True,0.21163793103448275,SHORT_CROWD;COIL,,,,,False,0.14102011494252872,,,,,,True,0.6265086206896552,,0.0,0.0,0.20671568182370853,RESID,2.0,20.0,2025-11-22 05:00:00,2025-11-23 19:00:00
ZEC,False,1764720000000,1764788400000,0.21000335993401095,0.7916666666666666,False,0.21163793103448275,,,,,,False,0.14102011494252872,,,,,,True,0.6265086206896552,,,,,,5.0,12.0,2025-12-03 00:00:00,2025-12-03 19:00:00
ZEC,False,1765033200000,1765342800000,0.30933954591844004,3.5833333333333335,False,0.21163793103448275,,,,,,False,0.14102011494252872,,,,,,True,0.6265086206896552,,60.0,0.6938568866876265,0.08601231734417757,OI_TREND,39.0,42.0,2025-12-06 15:00:00,2025-12-10 05:00:00
ZEC,False,1765411200000,1765602000000,0.2000353370184242,2.2083333333333335,False,0.21163793103448275,,,,,,False,0.14102011494252872,,,,,,True,0.6265086206896552,,0.0,0.0,0.2000353370184242,LS_EXT,6.0,11.0,2025-12-11 00:00:00,2025-12-13 05:00:00
ZEC,False,1766019600000,1767034800000,0.4473582233850215,11.75,False,0.21163793103448275,,,,,,False,0.14102011494252872,,,,,,True,0.6265086206896552,,181.0,0.39199662533582563,0.25207622758720394,COIL,34.0,216.0,2025-12-18 01:00:00,2025-12-29 19:00:00
ZEC,False,1770296400000,1771117200000,0.5113039711668999,9.5,False,0.21163793103448275,,24.0,0.2806251293498562,0.3459260375963171,SHORT_COVER;RESID,False,0.14102011494252872,,24.0,0.2806251293498562,0.3459260375963171,SHORT_COVER;RESID,False,0.6265086206896552,,0.0,0.0,0.5113039711668999,RESID;SHOCK,25.0,197.0,2026-02-05 13:00:00,2026-02-15 01:00:00
ZEC,False,1773446400000,1773824400000,0.3008012600127272,4.375,False,0.21163793103448275,,,,,,False,0.14102011494252872,,,,,,True,0.6265086206896552,,65.0,0.6594170280451641,0.09370023244436651,SHOCK,29.0,65.0,2026-03-14 00:00:00,2026-03-18 09:00:00
ZEC,False,1774159200000,1775811600000,0.6875873772083702,19.125,False,0.21163793103448275,,221.0,0.3633847432494782,0.3953436288860866,OI_TREND;RESID;SHOCK,False,0.14102011494252872,,221.0,0.3633847432494782,0.3953436288860866,OI_TREND;RESID;SHOCK,True,0.6265086206896552,,166.0,0.054294634153007656,0.6403137651002082,COIL,221.0,399.0,2026-03-22 06:00:00,2026-04-10 09:00:00
ZEC,False,1777474800000,1778302800000,0.8806164619866934,9.583333333333334,False,0.21163793103448275,,49.0,0.2195754683104267,0.6370827456052125,OI_TREND;SHOCK,False,0.14102011494252872,,49.0,0.2195754683104267,0.6370827456052125,OI_TREND;SHOCK,False,0.6265086206896552,,43.0,0.12291066942404275,0.7401464829205086,OI_DIV,93.0,149.0,2026-04-29 15:00:00,2026-05-09 05:00:00
ZEC,False,1778925600000,1779307200000,0.39490191212523557,4.416666666666667,False,0.21163793103448275,,,,,,False,0.14102011494252872,,,,,,True,0.6265086206896552,,86.0,0.5352838046619985,0.16727123724999274,FUND_COLD,35.0,65.0,2026-05-16 10:00:00,2026-05-20 20:00:00
ZEC,False,1780113600000,1780531200000,0.4291544047209918,4.833333333333333,False,0.21163793103448275,,92.0,0.8644716590073361,0.04958501159799397,OI_TREND;RESID,False,0.14102011494252872,,92.0,0.8644716590073361,0.04958501159799397,OI_TREND;RESID,False,0.6265086206896552,,45.0,0.2951351015427964,0.2862039850972433,SHOCK,42.0,80.0,2026-05-30 04:00:00,2026-06-04 00:00:00
ZEC,False,1780657200000,1780700400000,0.3160707653211948,0.5,True,0.21163793103448275,OI_DIV;RESID;SHOCK;VOL;LS_EXT,2.0,0.14499925815447537,0.2646892889092182,OI_DIV;RESID;VOL,False,0.14102011494252872,,3.0,0.5284416547106722,0.13827480200576342,OI_DIV;RESID;SHOCK;VOL,True,0.6265086206896552,,0.0,0.0,0.3160707653211948,OI_DIV;RESID;SHOCK;VOL,3.0,3.0,2026-06-05 11:00:00,2026-06-05 23:00:00
ZEC,False,1780754400000,1780999200000,0.35832700705276427,2.8333333333333335,True,0.21163793103448275,SHORT_COVER;FUND_COLD;RESID;VOL,0.0,0.0,0.35832700705276427,OI_FLUSH;FUND_COLD,True,0.14102011494252872,SHORT_COVER;FUND_COLD;RESID;VOL,,,,,True,0.6265086206896552,,0.0,0.0,0.35832700705276427,OI_FLUSH;FUND_COLD,11.0,15.0,2026-06-06 14:00:00,2026-06-09 10:00:00
ZEC,False,1781366400000,1781521200000,0.2669124495239005,1.7916666666666667,False,0.21163793103448275,,,,,,False,0.14102011494252872,,,,,,False,0.6265086206896552,,29.0,0.4115522025543006,0.14937305781031068,SHOCK,29.0,31.0,2026-06-13 16:00:00,2026-06-15 11:00:00
ZEC,False,1782684000000,1784116800000,0.42885736308694566,16.583333333333332,False,0.21163793103448275,,,,,,False,0.14102011494252872,,,,,,False,0.6265086206896552,,209.0,0.5806425588868046,0.16143721833445004,SHOCK,81.0,209.0,2026-06-28 22:00:00,2026-07-15 12:00:00
ZEC,False,1786464000000,1787508000000,0.5297569565502475,12.083333333333334,False,0.21163793103448275,,195.0,0.21443092694780616,0.3964766440444634,OI_DIV;VOL,False,0.14102011494252872,,218.0,0.12267542121765163,0.452024023044488,SHORT_COVER;VOL,False,0.6265086206896552,,71.0,0.11872832317417548,0.4544624867492377,COIL,234.0,244.0,2026-08-11 16:00:00,2026-08-23 18:00:00
ZEC,False,1787698800000,1788962400000,0.6641401647622407,14.625,False,0.21163793103448275,,208.0,0.35895230330990785,0.3860958958435312,OI_TREND;SHOCK,False,0.14102011494252872,,208.0,0.35895230330990785,0.3860958958435312,OI_TREND;SHOCK,True,0.6265086206896552,,87.0,0.1882596334396989,0.5119894909743922,SHOCK,208.0,233.0,2026-08-25 23:00:00,2026-09-09 14:00:00
ZEC,False,1789344000000,1789700400000,0.4191519697870066,4.125,False,0.21163793103448275,,64.0,0.5465196966762077,0.17203913610768773,OI_TREND;FUND_COLD;SHORT_CROWD,False,0.14102011494252872,,64.0,0.5465196966762077,0.17203913610768773,OI_TREND;FUND_COLD;SHORT_CROWD,True,0.6265086206896552,,23.0,0.21051984026603654,0.3183289941972431,FUND_COLD,54.0,61.0,2026-09-14 00:00:00,2026-09-18 03:00:00
ZRO,False,1741651200000,1742666400000,1.1369560204824267,11.75,False,0.19482758620689655,,99.0,0.2755991250512584,0.7334216233225282,OI_TREND;FUND_COLD;RESID;SHOCK;SHORT_CROWD;LS_EXT,False,0.1206896551724138,,99.0,0.2755991250512584,0.7334216233225282,OI_TREND;FUND_COLD;RESID;SHOCK;SHORT_CROWD;LS_EXT,True,0.5976293103448276,,32.0,0.13613161725379563,0.9270810377793236,SHOCK,101.0,122.0,2025-03-11 00:00:00,2025-03-22 18:00:00
ZRO,False,1742907600000,1743044400000,0.2168672036012294,1.5833333333333333,False,0.19482758620689655,,,,,,False,0.1206896551724138,,,,,,True,0.5976293103448276,,,,,,5.0,30.0,2025-03-25 13:00:00,2025-03-27 03:00:00
ZRO,False,1743681600000,1743912000000,0.24673863702118098,2.6666666666666665,False,0.19482758620689655,,,,,,False,0.1206896551724138,,,,,,True,0.5976293103448276,,,,,,5.0,8.0,2025-04-03 12:00:00,2025-04-06 04:00:00
ZRO,False,1745301600000,1745647200000,0.21198752775975613,4.0,False,0.19482758620689655,,,,,,False,0.1206896551724138,,,,,,False,0.5976293103448276,,,,,,12.0,58.0,2025-04-22 06:00:00,2025-04-26 06:00:00
ZRO,False,1746633600000,1747202400000,0.29262987209320457,6.583333333333333,False,0.19482758620689655,,21.0,0.1192100735158958,0.2536760864874684,OI_DIV;SHORT_CROWD;LS_EXT,False,0.1206896551724138,,24.0,0.21624397878245255,0.2228369864135385,OI_TREND;SHORT_CROWD;LS_EXT,False,0.5976293103448276,,18.0,0.1859849254984467,0.23237156608215648,LS_EXT,33.0,36.0,2025-05-07 16:00:00,2025-05-14 06:00:00
ZRO,False,1750982400000,1751230800000,0.21037567168270818,2.875,True,0.19482758620689655,OI_DIV;SHORT_CROWD,67.0,0.7153804945606105,0.055846299825546196,OI_TREND;SHORT_CROWD,False,0.1206896551724138,,67.0,0.7153804945606105,0.055846299825546196,OI_TREND;SHORT_CROWD,True,0.5976293103448276,,21.0,0.22453720566939792,0.15958214360952083,SHORT_CROWD,41.0,46.0,2025-06-27 00:00:00,2025-06-29 21:00:00
ZRO,False,1752332400000,1753106400000,0.2012705117353193,8.958333333333334,False,0.19482758620689655,,,,,,False,0.1206896551724138,,,,,,True,0.5976293103448276,,45.0,0.36354822539029485,0.1237961473334718,SHORT_COVER,13.0,81.0,2025-07-12 15:00:00,2025-07-21 14:00:00
ZRO,False,1754038800000,1754906400000,0.40500392380671296,10.041666666666666,False,0.19482758620689655,,224.0,0.8137510064916418,0.06538062059669755,OI_TREND;RESID;SHOCK;LS_EXT,False,0.1206896551724138,,224.0,0.8137510064916418,0.06538062059669755,OI_TREND;RESID;SHOCK;LS_EXT,False,0.5976293103448276,,115.0,0.07055297695686363,0.37169781625597537,SHORT_CROWD,188.0,224.0,2025-08-01 09:00:00,2025-08-11 10:00:00
ZRO,False,1758549600000,1759028400000,0.37958467442522587,5.541666666666667,False,0.19482758620689655,,51.0,0.6067597048020583,0.13489239770917388,OI_TREND;RESID;VOL,False,0.1206896551724138,,51.0,0.6067597048020583,0.13489239770917388,OI_TREND;RESID;VOL,True,0.5976293103448276,,2.0,0.1994851596700626,0.29381039782752644,SHOCK,28.0,35.0,2025-09-22 14:00:00,2025-09-28 03:00:00
ZRO,False,1762239600000,1762498800000,0.3781963132841764,3.0,True,0.19482758620689655,FUND_COLD;SHOCK,33.0,0.2582103159672253,0.2686432843979967,FUND_COLD;SHORT_CROWD,False,0.1206896551724138,,68.0,0.5805714469132724,0.14401322845277983,RESID;SHORT_CROWD,True,0.5976293103448276,,0.0,0.0,0.3781963132841764,RESID,49.0,67.0,2025-11-04 07:00:00,2025-11-07 07:00:00
ZRO,False,1764608400000,1765648800000,0.22090595569445867,12.041666666666666,True,0.19482758620689655,FUND_COLD;SHORT_CROWD;LS_EXT,276.0,0.9732052198064017,0.005362381487678977,RESID;SHORT_CROWD,False,0.1206896551724138,,276.0,0.9732052198064017,0.005362381487678977,RESID;SHORT_CROWD,True,0.5976293103448276,,0.0,0.0,0.22090595569445867,SHORT_CROWD;LS_EXT,11.0,22.0,2025-12-01 17:00:00,2025-12-13 18:00:00
ZRO,False,1767204000000,1769184000000,0.9143132958240372,22.916666666666668,False,0.19482758620689655,,327.0,0.3846341928801352,0.491218102253913,OI_TREND;RESID;SHOCK,False,0.1206896551724138,,327.0,0.3846341928801352,0.491218102253913,OI_TREND;RESID;SHOCK,True,0.5976293103448276,,94.0,0.18422062965881597,0.6984798556421569,SHORT_COVER,241.0,460.0,2025-12-31 18:00:00,2026-01-23 16:00:00
ZRO,False,1769871600000,1770231600000,0.2002588569355332,4.166666666666667,True,0.19482758620689655,OI_FLUSH;RESID,,,,,False,0.1206896551724138,,,,,,True,0.5976293103448276,,0.0,0.0,0.2002588569355332,RESID,6.0,15.0,2026-01-31 15:00:00,2026-02-04 19:00:00
ZRO,False,1770382800000,1770714000000,0.3149429540423999,3.8333333333333335,False,0.19482758620689655,,91.0,0.935941950716015,0.017693369143522566,FUND_COLD;SHORT_CROWD,False,0.1206896551724138,,92.0,1.0,0.0,FUND_COLD;RESID;SHORT_CROWD,False,0.5976293103448276,,6.0,0.05441021359676776,0.29549923780980825,OI_DIV,22.0,76.0,2026-02-06 13:00:00,2026-02-10 09:00:00
ZRO,False,1770746400000,1770825600000,0.5054665866781566,0.9166666666666666,True,0.19482758620689655,FUND_COLD;SHORT_CROWD,5.0,0.12390804001273309,0.4310547204884123,OI_DIV;FUND_COLD;SHORT_CROWD,True,0.1206896551724138,OI_TREND;SHOCK;SHORT_CROWD,6.0,0.39661013015057717,0.2799852190070523,OI_TREND;FUND_COLD;SHOCK;VOL;SHORT_CROWD,True,0.5976293103448276,,0.0,0.0,0.5054665866781566,FUND_COLD;SHORT_CROWD,6.0,7.0,2026-02-10 18:00:00,2026-02-11 16:00:00
ZRO,False,1771513200000,1771729200000,0.22256696112320162,2.5,False,0.19482758620689655,,,,,,False,0.1206896551724138,,,,,,False,0.5976293103448276,,24.0,0.6971464563392208,0.06274931296016643,SHOCK,8.0,24.0,2026-02-19 15:00:00,2026-02-22 03:00:00
ZRO,False,1772269200000,1772456400000,0.20762149991687512,2.1666666666666665,False,0.19482758620689655,,,,,,False,0.1206896551724138,,,,,,True,0.5976293103448276,,,,,,8.0,11.0,2026-02-28 09:00:00,2026-03-02 13:00:00
ZRO,False,1780243200000,1780534800000,0.29752846072511835,3.375,False,0.19482758620689655,,61.0,0.5070056417906498,0.137014465347546,OI_TREND;RESID;LS_EXT,False,0.1206896551724138,,61.0,0.5070056417906498,0.137014465347546,OI_TREND;RESID;LS_EXT,True,0.5976293103448276,,0.0,0.0,0.29752846072511835,LS_EXT,43.0,60.0,2026-05-31 16:00:00,2026-06-04 01:00:00
ZRO,False,1781125200000,1781611200000,0.3943251016091919,5.625,False,0.19482758620689655,,111.0,0.8479171539158742,0.05185359346427617,OI_TREND;RESID,False,0.1206896551724138,,111.0,0.8479171539158742,0.05185359346427617,OI_TREND;RESID,True,0.5976293103448276,,26.0,0.19564530572070785,0.3065315395324382,FUND_COLD,18.0,103.0,2026-06-10 21:00:00,2026-06-16 12:00:00
ZRO,False,1782680400000,1783368000000,0.3242615349438526,7.958333333333333,False,0.19482758620689655,,,,,,False,0.1206896551724138,,,,,,False,0.5976293103448276,,,,,,20.0,94.0,2026-06-28 21:00:00,2026-07-06 20:00:00
ZRO,False,1784516400000,1785164400000,0.24832413060280184,7.5,False,0.19482758620689655,,116.0,0.5523223574350999,0.10439290515944925,OI_TREND;RESID,False,0.1206896551724138,,116.0,0.5523223574350999,0.10439290515944925,OI_TREND;RESID,True,0.5976293103448276,,110.0,0.48371853942382925,0.12132636370097251,OI_TREND,38.0,109.0,2026-07-20 03:00:00,2026-07-27 15:00:00
ZRO,False,1785484800000,1786453200000,0.2213724548459278,11.208333333333334,False,0.19482758620689655,,,,,,False,0.1206896551724138,,,,,,True,0.5976293103448276,,0.0,0.0,0.2213724548459278,LS_EXT,20.0,106.0,2026-07-31 08:00:00,2026-08-11 13:00:00
ZRO,False,1787292000000,1787497200000,0.4354407467560042,2.375,False,0.19482758620689655,,7.0,0.40994684427007555,0.23774064909290304,OI_TREND;RESID;VOL,False,0.1206896551724138,,7.0,0.40994684427007555,0.23774064909290304,OI_TREND;RESID;VOL,True,0.5976293103448276,,1.0,0.06872074875848555,0.40022273458091034,SHOCK,5.0,22.0,2026-08-21 06:00:00,2026-08-23 15:00:00
ZRO,False,1787644800000,1787673600000,0.25986987148770246,0.3333333333333333,True,0.19482758620689655,OI_FLUSH;RESID;SHOCK,7.0,0.8486273792524626,0.03558693488650259,OI_TREND;SHOCK;VOL,True,0.1206896551724138,SHORT_COVER;VOL,7.0,0.8486273792524626,0.03558693488650259,OI_TREND;SHOCK;VOL,True,0.5976293103448276,,5.0,0.5259527899282419,0.11573000761201724,SHOCK,5.0,5.0,2026-08-25 08:00:00,2026-08-25 16:00:00
ZRO,False,1789480800000,1789704000000,0.2251821894027044,2.5833333333333335,False,0.19482758620689655,,,,,,False,0.1206896551724138,,,,,,True,0.5976293103448276,,0.0,0.0,0.2251821894027044,FUND_COLD,8.0,40.0,2026-09-15 14:00:00,2026-09-18 04:00:00
ZRO,False,1790020800000,1790215200000,0.385449589379441,2.25,False,0.19482758620689655,,31.0,0.5916966786317066,0.14238361278998024,OI_TREND;RESID,False,0.1206896551724138,,31.0,0.5916966786317066,0.14238361278998024,OI_TREND;RESID,False,0.5976293103448276,,16.0,0.19805406015144997,0.29881743442448944,SHOCK,20.0,20.0,2026-09-21 20:00:00,2026-09-24 02:00:00
ZRO,False,1790701200000,1790740800000,0.2129873740276409,0.4583333333333333,False,0.19482758620689655,,11.0,1.0,0.0,OI_TREND;RESID,False,0.1206896551724138,,11.0,1.0,0.0,OI_TREND;RESID,True,0.5976293103448276,,8.0,0.6988522233759433,0.05987130053077303,RESID,5.0,7.0,2026-09-29 17:00:00,2026-09-30 04:00:00
